{
 "type": "FeatureCollection",
 "meta": {
  "source": "OpenStreetMap contributors (ODbL)",
  "pipeline": "gispulse/spots_pipeline.json",
  "bbox": [
   43.25,
   -7.05,
   43.75,
   -3.15
  ]
 },
 "features": [
  {
   "type": "Feature",
   "geometry": {
    "type": "Point",
    "coordinates": [
     -6.53656,
     43.54618
    ]
   },
   "properties": {
    "id": "w93411419",
    "name": "1ª Playa de Luarca",
    "type": "playa",
    "province": "Asturias",
    "size_m": 223,
    "coast_km": 0.04,
    "osm": "https://www.openstreetmap.org/way/93411419"
   }
  },
  {
   "type": "Feature",
   "geometry": {
    "type": "Point",
    "coordinates": [
     -6.5389,
     43.54719
    ]
   },
   "properties": {
    "id": "w738465184",
    "name": "2ª Playa de Luarca",
    "type": "playa",
    "province": "Asturias",
    "size_m": 237,
    "coast_km": 0.11,
    "osm": "https://www.openstreetmap.org/way/738465184"
   }
  },
  {
   "type": "Feature",
   "geometry": {
    "type": "Point",
    "coordinates": [
     -5.71318,
     43.56869
    ]
   },
   "properties": {
    "id": "w261559844",
    "name": "Aboño",
    "type": "cala",
    "province": "Asturias",
    "size_m": 158,
    "coast_km": 0.01,
    "osm": "https://www.openstreetmap.org/way/261559844"
   }
  },
  {
   "type": "Feature",
   "geometry": {
    "type": "Point",
    "coordinates": [
     -4.78964,
     43.43379
    ]
   },
   "properties": {
    "id": "r11632813",
    "name": "Amenada",
    "type": "cala",
    "province": "Asturias",
    "size_m": 115,
    "coast_km": 0.02,
    "osm": "https://www.openstreetmap.org/relation/11632813"
   }
  },
  {
   "type": "Feature",
   "geometry": {
    "type": "Point",
    "coordinates": [
     -3.21723,
     43.38153
    ]
   },
   "properties": {
    "id": "w426374173",
    "name": "Arenal",
    "type": "cala",
    "province": "Cantabria",
    "size_m": 24,
    "coast_km": 0.05,
    "osm": "https://www.openstreetmap.org/way/426374173"
   }
  },
  {
   "type": "Feature",
   "geometry": {
    "type": "Point",
    "coordinates": [
     -3.21825,
     43.38553
    ]
   },
   "properties": {
    "id": "w454307313",
    "name": "Cala El Pedregal",
    "type": "cala",
    "province": "Cantabria",
    "size_m": 55,
    "coast_km": 0.08,
    "osm": "https://www.openstreetmap.org/way/454307313"
   }
  },
  {
   "type": "Feature",
   "geometry": {
    "type": "Point",
    "coordinates": [
     -5.16166,
     43.47751
    ]
   },
   "properties": {
    "id": "w594184761",
    "name": "Cala La Huelga o El Portiello",
    "type": "cala",
    "province": "Asturias",
    "size_m": 46,
    "coast_km": 0.02,
    "osm": "https://www.openstreetmap.org/way/594184761"
   }
  },
  {
   "type": "Feature",
   "geometry": {
    "type": "Point",
    "coordinates": [
     -3.54395,
     43.49428
    ]
   },
   "properties": {
    "id": "w700899005",
    "name": "Cala Los Cuarezos",
    "type": "cala",
    "province": "Cantabria",
    "size_m": 98,
    "coast_km": 0.24,
    "osm": "https://www.openstreetmap.org/way/700899005"
   }
  },
  {
   "type": "Feature",
   "geometry": {
    "type": "Point",
    "coordinates": [
     -5.89868,
     43.62431
    ]
   },
   "properties": {
    "id": "w272969510",
    "name": "Cala Puerto Llampreu",
    "type": "cala",
    "province": "Asturias",
    "size_m": 150,
    "coast_km": 0.04,
    "osm": "https://www.openstreetmap.org/way/272969510"
   }
  },
  {
   "type": "Feature",
   "geometry": {
    "type": "Point",
    "coordinates": [
     -3.20888,
     43.37372
    ]
   },
   "properties": {
    "id": "w413939221",
    "name": "Cala de Cotolino",
    "type": "cala",
    "province": "Cantabria",
    "size_m": 69,
    "coast_km": 0.04,
    "osm": "https://www.openstreetmap.org/way/413939221"
   }
  },
  {
   "type": "Feature",
   "geometry": {
    "type": "Point",
    "coordinates": [
     -3.19539,
     43.36748
    ]
   },
   "properties": {
    "id": "w427562768",
    "name": "Cala de Dícido",
    "type": "cala",
    "province": "Cantabria",
    "size_m": 84,
    "coast_km": 0.03,
    "osm": "https://www.openstreetmap.org/way/427562768",
    "surface": "gravel"
   }
  },
  {
   "type": "Feature",
   "geometry": {
    "type": "Point",
    "coordinates": [
     -4.39742,
     43.3941
    ]
   },
   "properties": {
    "id": "w633882674",
    "name": "Cala de Liñera",
    "type": "cala",
    "province": "Cantabria",
    "size_m": 53,
    "coast_km": 0.01,
    "osm": "https://www.openstreetmap.org/way/633882674",
    "surface": "rock"
   }
  },
  {
   "type": "Feature",
   "geometry": {
    "type": "Point",
    "coordinates": [
     -3.20318,
     43.37343
    ]
   },
   "properties": {
    "id": "w413685308",
    "name": "Cala de Los Frailes",
    "type": "cala",
    "province": "Cantabria",
    "size_m": 50,
    "coast_km": 0.05,
    "osm": "https://www.openstreetmap.org/way/413685308",
    "surface": "gravel"
   }
  },
  {
   "type": "Feature",
   "geometry": {
    "type": "Point",
    "coordinates": [
     -4.61014,
     43.3961
    ]
   },
   "properties": {
    "id": "w237464827",
    "name": "Cobiḥeru",
    "type": "cala",
    "province": "Asturias",
    "size_m": 40,
    "coast_km": 0.1,
    "osm": "https://www.openstreetmap.org/way/237464827",
    "surface": "sand",
    "wikipedia": "es:Playa de Cobijero",
    "wikidata": "Q6078674",
    "name_es": "Cobijero",
    "name_ast": "Cobiḥeru"
   }
  },
  {
   "type": "Feature",
   "geometry": {
    "type": "Point",
    "coordinates": [
     -6.18735,
     43.56631
    ]
   },
   "properties": {
    "id": "w271810689",
    "name": "Concha de Artedo",
    "type": "playa",
    "province": "Asturias",
    "size_m": 1119,
    "coast_km": 0.27,
    "osm": "https://www.openstreetmap.org/way/271810689",
    "surface": "sand"
   }
  },
  {
   "type": "Feature",
   "geometry": {
    "type": "Point",
    "coordinates": [
     -6.18736,
     43.56617
    ]
   },
   "properties": {
    "id": "w516090456",
    "name": "Concha de Artedo",
    "type": "playa",
    "province": "Asturias",
    "size_m": 1144,
    "coast_km": 0.26,
    "osm": "https://www.openstreetmap.org/way/516090456",
    "surface": "pebblestone"
   }
  },
  {
   "type": "Feature",
   "geometry": {
    "type": "Point",
    "coordinates": [
     -6.72701,
     43.55319
    ]
   },
   "properties": {
    "id": "w1082418340",
    "name": "El Doque",
    "type": "playa",
    "province": "Asturias",
    "size_m": 315,
    "coast_km": 0.34,
    "osm": "https://www.openstreetmap.org/way/1082418340"
   }
  },
  {
   "type": "Feature",
   "geometry": {
    "type": "Point",
    "coordinates": [
     -4.38961,
     43.39196
    ]
   },
   "properties": {
    "id": "w1309954801",
    "name": "Ensenada de la Barra",
    "type": "cala",
    "province": "Cantabria",
    "size_m": 42,
    "coast_km": 0.11,
    "osm": "https://www.openstreetmap.org/way/1309954801",
    "surface": "gravel",
    "lifeguard": "no"
   }
  },
  {
   "type": "Feature",
   "geometry": {
    "type": "Point",
    "coordinates": [
     -4.80213,
     43.4324
    ]
   },
   "properties": {
    "id": "r2187448",
    "name": "La Nixón",
    "type": "cala",
    "province": "Asturias",
    "size_m": 188,
    "coast_km": 0.08,
    "osm": "https://www.openstreetmap.org/relation/2187448",
    "surface": "sand",
    "access": "yes"
   }
  },
  {
   "type": "Feature",
   "geometry": {
    "type": "Point",
    "coordinates": [
     -3.97098,
     43.44016
    ]
   },
   "properties": {
    "id": "w201910797",
    "name": "La Playuca",
    "type": "cala",
    "province": "Cantabria",
    "size_m": 71,
    "coast_km": 0.66,
    "osm": "https://www.openstreetmap.org/way/201910797"
   }
  },
  {
   "type": "Feature",
   "geometry": {
    "type": "Point",
    "coordinates": [
     -4.03328,
     43.43352
    ]
   },
   "properties": {
    "id": "w1200055447",
    "name": "La Playuca",
    "type": "playa",
    "province": "Cantabria",
    "size_m": 230,
    "coast_km": 0.18,
    "osm": "https://www.openstreetmap.org/way/1200055447",
    "surface": "sand",
    "dog": "yes",
    "alt_name": "Playa de la Pozona; Playuca de la Cantera",
    "supervised": "no"
   }
  },
  {
   "type": "Feature",
   "geometry": {
    "type": "Point",
    "coordinates": [
     -4.81644,
     43.4381
    ]
   },
   "properties": {
    "id": "w157106199",
    "name": "La Tayada",
    "type": "cala",
    "province": "Asturias",
    "size_m": 197,
    "coast_km": 0.05,
    "osm": "https://www.openstreetmap.org/way/157106199",
    "surface": "sand",
    "wikidata": "Q18720045",
    "access": "yes"
   }
  },
  {
   "type": "Feature",
   "geometry": {
    "type": "Point",
    "coordinates": [
     -5.73895,
     43.57581
    ]
   },
   "properties": {
    "id": "r6727019",
    "name": "Morís",
    "type": "cala",
    "province": "Asturias",
    "size_m": 91,
    "coast_km": 0.04,
    "osm": "https://www.openstreetmap.org/relation/6727019"
   }
  },
  {
   "type": "Feature",
   "geometry": {
    "type": "Point",
    "coordinates": [
     -4.57743,
     43.39587
    ]
   },
   "properties": {
    "id": "w515851972",
    "name": "Paya de la Acacia o Jorconera",
    "type": "playa",
    "province": "Asturias",
    "size_m": 272,
    "coast_km": 0.05,
    "osm": "https://www.openstreetmap.org/way/515851972"
   }
  },
  {
   "type": "Feature",
   "geometry": {
    "type": "Point",
    "coordinates": [
     -5.71598,
     43.56933
    ]
   },
   "properties": {
    "id": "w260003632",
    "name": "Peña Maria",
    "type": "playa",
    "province": "Asturias",
    "size_m": 421,
    "coast_km": 0.07,
    "osm": "https://www.openstreetmap.org/way/260003632"
   }
  },
  {
   "type": "Feature",
   "geometry": {
    "type": "Point",
    "coordinates": [
     -5.78581,
     43.61145
    ]
   },
   "properties": {
    "id": "w1228509530",
    "name": "Placa los Boletos",
    "type": "cala",
    "province": "Asturias",
    "size_m": 94,
    "coast_km": 0.01,
    "osm": "https://www.openstreetmap.org/way/1228509530"
   }
  },
  {
   "type": "Feature",
   "geometry": {
    "type": "Point",
    "coordinates": [
     -5.78356,
     43.60909
    ]
   },
   "properties": {
    "id": "w250844945",
    "name": "Playa Aramar",
    "type": "cala",
    "province": "Asturias",
    "size_m": 138,
    "coast_km": 0.05,
    "osm": "https://www.openstreetmap.org/way/250844945",
    "wikipedia": "es:Playa de Aramar",
    "wikidata": "Q19614631"
   }
  },
  {
   "type": "Feature",
   "geometry": {
    "type": "Point",
    "coordinates": [
     -5.17487,
     43.47545
    ]
   },
   "properties": {
    "id": "w175664263",
    "name": "Playa Arenal de Morís",
    "type": "playa",
    "province": "Asturias",
    "size_m": 845,
    "coast_km": 0.15,
    "osm": "https://www.openstreetmap.org/way/175664263",
    "wikidata": "Q18812527"
   }
  },
  {
   "type": "Feature",
   "geometry": {
    "type": "Point",
    "coordinates": [
     -6.00536,
     43.57761
    ]
   },
   "properties": {
    "id": "w36867841",
    "name": "Playa Bahínas",
    "type": "playa",
    "province": "Asturias",
    "size_m": 287,
    "coast_km": 0.03,
    "osm": "https://www.openstreetmap.org/way/36867841"
   }
  },
  {
   "type": "Feature",
   "geometry": {
    "type": "Point",
    "coordinates": [
     -5.33278,
     43.53243
    ]
   },
   "properties": {
    "id": "w1087726328",
    "name": "Playa Bajo de les Mueles",
    "type": "playa",
    "province": "Asturias",
    "size_m": 502,
    "coast_km": 0.25,
    "osm": "https://www.openstreetmap.org/way/1087726328"
   }
  },
  {
   "type": "Feature",
   "geometry": {
    "type": "Point",
    "coordinates": [
     -6.45951,
     43.56475
    ]
   },
   "properties": {
    "id": "w852197513",
    "name": "Playa Barchinas",
    "type": "playa",
    "province": "Asturias",
    "size_m": 417,
    "coast_km": 0.05,
    "osm": "https://www.openstreetmap.org/way/852197513",
    "surface": "sand"
   }
  },
  {
   "type": "Feature",
   "geometry": {
    "type": "Point",
    "coordinates": [
     -3.21146,
     43.37431
    ]
   },
   "properties": {
    "id": "w102685728",
    "name": "Playa Brazomar",
    "type": "playa",
    "province": "Cantabria",
    "size_m": 339,
    "coast_km": 0.04,
    "osm": "https://www.openstreetmap.org/way/102685728",
    "wikipedia": "es:Brazomar",
    "wikidata": "Q8251766"
   }
  },
  {
   "type": "Feature",
   "geometry": {
    "type": "Point",
    "coordinates": [
     -6.30638,
     43.56277
    ]
   },
   "properties": {
    "id": "w925955626",
    "name": "Playa Calabón",
    "type": "cala",
    "province": "Asturias",
    "size_m": 198,
    "coast_km": 0.02,
    "osm": "https://www.openstreetmap.org/way/925955626",
    "surface": "sand"
   }
  },
  {
   "type": "Feature",
   "geometry": {
    "type": "Point",
    "coordinates": [
     -3.58319,
     43.50995
    ]
   },
   "properties": {
    "id": "w1414603341",
    "name": "Playa Canal",
    "type": "cala",
    "province": "Cantabria",
    "size_m": 64,
    "coast_km": 0.06,
    "osm": "https://www.openstreetmap.org/way/1414603341",
    "surface": "sand",
    "lifeguard": "no",
    "supervised": "no"
   }
  },
  {
   "type": "Feature",
   "geometry": {
    "type": "Point",
    "coordinates": [
     -5.85939,
     43.63608
    ]
   },
   "properties": {
    "id": "w1228502890",
    "name": "Playa Carnera",
    "type": "playa",
    "province": "Asturias",
    "size_m": 269,
    "coast_km": 0.13,
    "osm": "https://www.openstreetmap.org/way/1228502890"
   }
  },
  {
   "type": "Feature",
   "geometry": {
    "type": "Point",
    "coordinates": [
     -5.88157,
     43.62401
    ]
   },
   "properties": {
    "id": "w36867810",
    "name": "Playa Carniciega",
    "type": "playa",
    "province": "Asturias",
    "size_m": 400,
    "coast_km": 0.07,
    "osm": "https://www.openstreetmap.org/way/36867810",
    "wikidata": "Q19360681"
   }
  },
  {
   "type": "Feature",
   "geometry": {
    "type": "Point",
    "coordinates": [
     -5.36514,
     43.53314
    ]
   },
   "properties": {
    "id": "w902267588",
    "name": "Playa Conejera",
    "type": "playa",
    "province": "Asturias",
    "size_m": 442,
    "coast_km": 0.12,
    "osm": "https://www.openstreetmap.org/way/902267588",
    "wikipedia": "es:Playa de Conejera",
    "wikidata": "Q18819344"
   }
  },
  {
   "type": "Feature",
   "geometry": {
    "type": "Point",
    "coordinates": [
     -5.77602,
     43.6061
    ]
   },
   "properties": {
    "id": "w250844938",
    "name": "Playa Cristal",
    "type": "cala",
    "province": "Asturias",
    "size_m": 185,
    "coast_km": 0.08,
    "osm": "https://www.openstreetmap.org/way/250844938",
    "alt_name": "Playa Bigaral"
   }
  },
  {
   "type": "Feature",
   "geometry": {
    "type": "Point",
    "coordinates": [
     -3.53982,
     43.49312
    ]
   },
   "properties": {
    "id": "w823785524",
    "name": "Playa Cuarezo",
    "type": "playa",
    "province": "Cantabria",
    "size_m": 832,
    "coast_km": 0.03,
    "osm": "https://www.openstreetmap.org/way/823785524",
    "surface": "sand",
    "wikidata": "Q24003936"
   }
  },
  {
   "type": "Feature",
   "geometry": {
    "type": "Point",
    "coordinates": [
     -5.8358,
     43.64507
    ]
   },
   "properties": {
    "id": "r3987687",
    "name": "Playa Cueva",
    "type": "cala",
    "province": "Asturias",
    "size_m": 117,
    "coast_km": 0.03,
    "osm": "https://www.openstreetmap.org/relation/3987687"
   }
  },
  {
   "type": "Feature",
   "geometry": {
    "type": "Point",
    "coordinates": [
     -6.95426,
     43.56628
    ]
   },
   "properties": {
    "id": "w42730757",
    "name": "Playa De La Paloma",
    "type": "cala",
    "province": "Asturias",
    "size_m": 79,
    "coast_km": 0.07,
    "osm": "https://www.openstreetmap.org/way/42730757"
   }
  },
  {
   "type": "Feature",
   "geometry": {
    "type": "Point",
    "coordinates": [
     -6.22485,
     43.58485
    ]
   },
   "properties": {
    "id": "w493272372",
    "name": "Playa El Castrillón",
    "type": "cala",
    "province": "Asturias",
    "size_m": 58,
    "coast_km": 0.03,
    "osm": "https://www.openstreetmap.org/way/493272372",
    "surface": "pebblestone",
    "wikidata": "Q19672842"
   }
  },
  {
   "type": "Feature",
   "geometry": {
    "type": "Point",
    "coordinates": [
     -6.22468,
     43.58296
    ]
   },
   "properties": {
    "id": "w656011796",
    "name": "Playa El Castrillón",
    "type": "playa",
    "province": "Asturias",
    "size_m": 306,
    "coast_km": 0.09,
    "osm": "https://www.openstreetmap.org/way/656011796",
    "surface": "sand",
    "wikidata": "Q19672842"
   }
  },
  {
   "type": "Feature",
   "geometry": {
    "type": "Point",
    "coordinates": [
     -4.09411,
     43.42782
    ]
   },
   "properties": {
    "id": "w649310894",
    "name": "Playa El Sable",
    "type": "playa",
    "province": "Cantabria",
    "size_m": 342,
    "coast_km": 0.04,
    "osm": "https://www.openstreetmap.org/way/649310894",
    "alt_name": "Playa de Tagle"
   }
  },
  {
   "type": "Feature",
   "geometry": {
    "type": "Point",
    "coordinates": [
     -5.85386,
     43.65686
    ]
   },
   "properties": {
    "id": "w676771425",
    "name": "Playa El Sabín",
    "type": "playa",
    "province": "Asturias",
    "size_m": 229,
    "coast_km": 0.03,
    "osm": "https://www.openstreetmap.org/way/676771425",
    "surface": "pebblestone"
   }
  },
  {
   "type": "Feature",
   "geometry": {
    "type": "Point",
    "coordinates": [
     -4.56511,
     43.39244
    ]
   },
   "properties": {
    "id": "w515851970",
    "name": "Playa El Vivero",
    "type": "cala",
    "province": "Asturias",
    "size_m": 124,
    "coast_km": 0.07,
    "osm": "https://www.openstreetmap.org/way/515851970"
   }
  },
  {
   "type": "Feature",
   "geometry": {
    "type": "Point",
    "coordinates": [
     -5.21448,
     43.47488
    ]
   },
   "properties": {
    "id": "w144635798",
    "name": "Playa Espasa",
    "type": "playa",
    "province": "Asturias",
    "size_m": 857,
    "coast_km": 0.08,
    "osm": "https://www.openstreetmap.org/way/144635798",
    "surface": "sand",
    "wikipedia": "es:Playa de La Espasa",
    "wikidata": "Q6079110",
    "wheelchair": "yes"
   }
  },
  {
   "type": "Feature",
   "geometry": {
    "type": "Point",
    "coordinates": [
     -5.52862,
     43.54571
    ]
   },
   "properties": {
    "id": "w38292453",
    "name": "Playa España",
    "type": "playa",
    "province": "Asturias",
    "size_m": 515,
    "coast_km": 0.11,
    "osm": "https://www.openstreetmap.org/way/38292453",
    "surface": "sand",
    "wikidata": "Q6078742"
   }
  },
  {
   "type": "Feature",
   "geometry": {
    "type": "Point",
    "coordinates": [
     -6.69126,
     43.55968
    ]
   },
   "properties": {
    "id": "w366954237",
    "name": "Playa Fajal",
    "type": "cala",
    "province": "Asturias",
    "size_m": 179,
    "coast_km": 0.05,
    "osm": "https://www.openstreetmap.org/way/366954237"
   }
  },
  {
   "type": "Feature",
   "geometry": {
    "type": "Point",
    "coordinates": [
     -6.38626,
     43.55666
    ]
   },
   "properties": {
    "id": "w975625898",
    "name": "Playa Fontaniecho",
    "type": "playa",
    "province": "Asturias",
    "size_m": 255,
    "coast_km": 0.11,
    "osm": "https://www.openstreetmap.org/way/975625898"
   }
  },
  {
   "type": "Feature",
   "geometry": {
    "type": "Point",
    "coordinates": [
     -6.26807,
     43.57715
    ]
   },
   "properties": {
    "id": "w887379060",
    "name": "Playa Gancedo",
    "type": "cala",
    "province": "Asturias",
    "size_m": 215,
    "coast_km": 0.08,
    "osm": "https://www.openstreetmap.org/way/887379060",
    "surface": "gravel"
   }
  },
  {
   "type": "Feature",
   "geometry": {
    "type": "Point",
    "coordinates": [
     -6.29614,
     43.56668
    ]
   },
   "properties": {
    "id": "w229915252",
    "name": "Playa Gavieiro",
    "type": "playa",
    "province": "Asturias",
    "size_m": 351,
    "coast_km": 0.09,
    "osm": "https://www.openstreetmap.org/way/229915252",
    "surface": "pebblestone",
    "wikipedia": "es:Playa del Silencio",
    "wikidata": "Q6078521",
    "name_ast": "Ribera Gavieiro",
    "supervised": "no"
   }
  },
  {
   "type": "Feature",
   "geometry": {
    "type": "Point",
    "coordinates": [
     -6.30967,
     43.56339
    ]
   },
   "properties": {
    "id": "w490761675",
    "name": "Playa Gueirúa / Gairúa",
    "type": "cala",
    "province": "Asturias",
    "size_m": 191,
    "coast_km": 0.07,
    "osm": "https://www.openstreetmap.org/way/490761675",
    "surface": "sand",
    "website": "https://es.wikipedia.org/wiki/Playa_de_La_Gueir%C3%BAa",
    "name_ast": "Ribera Gueirúa"
   }
  },
  {
   "type": "Feature",
   "geometry": {
    "type": "Point",
    "coordinates": [
     -5.69289,
     43.54476
    ]
   },
   "properties": {
    "id": "r2324779",
    "name": "Playa L'Arbeyal",
    "type": "playa",
    "province": "Asturias",
    "size_m": 512,
    "coast_km": 0.09,
    "osm": "https://www.openstreetmap.org/relation/2324779",
    "surface": "sand",
    "wikipedia": "ast:La Playa l'Arbeyal",
    "wikidata": "Q9060803",
    "wheelchair": "yes",
    "name_es": "Playa del Arbeyal",
    "name_ast": "Playa L'Arbeyal"
   }
  },
  {
   "type": "Feature",
   "geometry": {
    "type": "Point",
    "coordinates": [
     -5.88684,
     43.62332
    ]
   },
   "properties": {
    "id": "w36867812",
    "name": "Playa La Aguilera",
    "type": "playa",
    "province": "Asturias",
    "size_m": 416,
    "coast_km": 0.1,
    "osm": "https://www.openstreetmap.org/way/36867812",
    "surface": "sand",
    "wikidata": "Q19339035"
   }
  },
  {
   "type": "Feature",
   "geometry": {
    "type": "Point",
    "coordinates": [
     -6.29201,
     43.56987
    ]
   },
   "properties": {
    "id": "w229915259",
    "name": "Playa La Barquera",
    "type": "playa",
    "province": "Asturias",
    "size_m": 334,
    "coast_km": 0.07,
    "osm": "https://www.openstreetmap.org/way/229915259",
    "surface": "gravel",
    "supervised": "no"
   }
  },
  {
   "type": "Feature",
   "geometry": {
    "type": "Point",
    "coordinates": [
     -5.6062,
     43.54912
    ]
   },
   "properties": {
    "id": "w1416246959",
    "name": "Playa La Cagonera",
    "type": "cala",
    "province": "Asturias",
    "size_m": 79,
    "coast_km": 0.02,
    "osm": "https://www.openstreetmap.org/way/1416246959"
   }
  },
  {
   "type": "Feature",
   "geometry": {
    "type": "Point",
    "coordinates": [
     -6.29464,
     43.56945
    ]
   },
   "properties": {
    "id": "w534490835",
    "name": "Playa La Caladoria",
    "type": "cala",
    "province": "Asturias",
    "size_m": 105,
    "coast_km": 0.02,
    "osm": "https://www.openstreetmap.org/way/534490835",
    "surface": "rocky"
   }
  },
  {
   "type": "Feature",
   "geometry": {
    "type": "Point",
    "coordinates": [
     -5.82087,
     43.6429
    ]
   },
   "properties": {
    "id": "r3987682",
    "name": "Playa La Isla",
    "type": "cala",
    "province": "Asturias",
    "size_m": 177,
    "coast_km": 0.07,
    "osm": "https://www.openstreetmap.org/relation/3987682"
   }
  },
  {
   "type": "Feature",
   "geometry": {
    "type": "Point",
    "coordinates": [
     -4.76495,
     43.426
    ]
   },
   "properties": {
    "id": "w824113929",
    "name": "Playa La Nao",
    "type": "cala",
    "province": "Asturias",
    "size_m": 33,
    "coast_km": 0.02,
    "osm": "https://www.openstreetmap.org/way/824113929",
    "surface": "gravel"
   }
  },
  {
   "type": "Feature",
   "geometry": {
    "type": "Point",
    "coordinates": [
     -6.70185,
     43.56257
    ]
   },
   "properties": {
    "id": "w656203710",
    "name": "Playa Las Rubías",
    "type": "cala",
    "province": "Asturias",
    "size_m": 30,
    "coast_km": 0.04,
    "osm": "https://www.openstreetmap.org/way/656203710"
   }
  },
  {
   "type": "Feature",
   "geometry": {
    "type": "Point",
    "coordinates": [
     -6.27502,
     43.57389
    ]
   },
   "properties": {
    "id": "w496511974",
    "name": "Playa Los Negros",
    "type": "playa",
    "province": "Asturias",
    "size_m": 490,
    "coast_km": 0.12,
    "osm": "https://www.openstreetmap.org/way/496511974"
   }
  },
  {
   "type": "Feature",
   "geometry": {
    "type": "Point",
    "coordinates": [
     -6.28402,
     43.57084
    ]
   },
   "properties": {
    "id": "w496511802",
    "name": "Playa L´Airín",
    "type": "playa",
    "province": "Asturias",
    "size_m": 605,
    "coast_km": 0.06,
    "osm": "https://www.openstreetmap.org/way/496511802",
    "wikidata": "Q19678110",
    "name_es": "Playa Lairín"
   }
  },
  {
   "type": "Feature",
   "geometry": {
    "type": "Point",
    "coordinates": [
     -6.10222,
     43.55968
    ]
   },
   "properties": {
    "id": "n6198817059",
    "name": "Playa Mexa La Yegua / Playa de Los Chalanos",
    "type": "playa",
    "province": "Asturias",
    "size_m": 0,
    "coast_km": 0.03,
    "osm": "https://www.openstreetmap.org/node/6198817059",
    "lifeguard": "no",
    "supervised": "no"
   }
  },
  {
   "type": "Feature",
   "geometry": {
    "type": "Point",
    "coordinates": [
     -6.24296,
     43.59118
    ]
   },
   "properties": {
    "id": "w656207504",
    "name": "Playa Peñadoiro",
    "type": "playa",
    "province": "Asturias",
    "size_m": 272,
    "coast_km": 0.07,
    "osm": "https://www.openstreetmap.org/way/656207504",
    "surface": "pebblestone",
    "tidal": "yes"
   }
  },
  {
   "type": "Feature",
   "geometry": {
    "type": "Point",
    "coordinates": [
     -6.51798,
     43.54833
    ]
   },
   "properties": {
    "id": "w359230534",
    "name": "Playa Portizuelu",
    "type": "playa",
    "province": "Asturias",
    "size_m": 325,
    "coast_km": 0.03,
    "osm": "https://www.openstreetmap.org/way/359230534"
   }
  },
  {
   "type": "Feature",
   "geometry": {
    "type": "Point",
    "coordinates": [
     -3.3127,
     43.40515
    ]
   },
   "properties": {
    "id": "w465671717",
    "name": "Playa Puerto Refugio de Islares",
    "type": "cala",
    "province": "Cantabria",
    "size_m": 94,
    "coast_km": 0.04,
    "osm": "https://www.openstreetmap.org/way/465671717",
    "surface": "sand"
   }
  },
  {
   "type": "Feature",
   "geometry": {
    "type": "Point",
    "coordinates": [
     -5.90591,
     43.62319
    ]
   },
   "properties": {
    "id": "w36867820",
    "name": "Playa Riba Pachón",
    "type": "cala",
    "province": "Asturias",
    "size_m": 121,
    "coast_km": 0.03,
    "osm": "https://www.openstreetmap.org/way/36867820"
   }
  },
  {
   "type": "Feature",
   "geometry": {
    "type": "Point",
    "coordinates": [
     -3.83224,
     43.48386
    ]
   },
   "properties": {
    "id": "w235890871",
    "name": "Playa Rosamunda",
    "type": "cala",
    "province": "Cantabria",
    "size_m": 64,
    "coast_km": 0.04,
    "osm": "https://www.openstreetmap.org/way/235890871",
    "surface": "sand"
   }
  },
  {
   "type": "Feature",
   "geometry": {
    "type": "Point",
    "coordinates": [
     -6.34332,
     43.55479
    ]
   },
   "properties": {
    "id": "w366919077",
    "name": "Playa Río Cabo",
    "type": "playa",
    "province": "Asturias",
    "size_m": 366,
    "coast_km": 0.14,
    "osm": "https://www.openstreetmap.org/way/366919077"
   }
  },
  {
   "type": "Feature",
   "geometry": {
    "type": "Point",
    "coordinates": [
     -6.27852,
     43.57266
    ]
   },
   "properties": {
    "id": "w656028889",
    "name": "Playa Salencia",
    "type": "cala",
    "province": "Asturias",
    "size_m": 87,
    "coast_km": 0.02,
    "osm": "https://www.openstreetmap.org/way/656028889",
    "surface": "pebblestone"
   }
  },
  {
   "type": "Feature",
   "geometry": {
    "type": "Point",
    "coordinates": [
     -5.79021,
     43.61302
    ]
   },
   "properties": {
    "id": "w299784106",
    "name": "Playa Samarincha",
    "type": "cala",
    "province": "Asturias",
    "size_m": 33,
    "coast_km": 0.02,
    "osm": "https://www.openstreetmap.org/way/299784106"
   }
  },
  {
   "type": "Feature",
   "geometry": {
    "type": "Point",
    "coordinates": [
     -6.46358,
     43.56852
    ]
   },
   "properties": {
    "id": "w852198441",
    "name": "Playa Serrón",
    "type": "playa",
    "province": "Asturias",
    "size_m": 285,
    "coast_km": 0.02,
    "osm": "https://www.openstreetmap.org/way/852198441"
   }
  },
  {
   "type": "Feature",
   "geometry": {
    "type": "Point",
    "coordinates": [
     -5.76719,
     43.59497
    ]
   },
   "properties": {
    "id": "w1218448330",
    "name": "Playa Solfín",
    "type": "cala",
    "province": "Asturias",
    "size_m": 62,
    "coast_km": 0.03,
    "osm": "https://www.openstreetmap.org/way/1218448330"
   }
  },
  {
   "type": "Feature",
   "geometry": {
    "type": "Point",
    "coordinates": [
     -4.82307,
     43.43653
    ]
   },
   "properties": {
    "id": "w163995479",
    "name": "Playa Sorraos",
    "type": "playa",
    "province": "Asturias",
    "size_m": 267,
    "coast_km": 0.03,
    "osm": "https://www.openstreetmap.org/way/163995479",
    "surface": "sand"
   }
  },
  {
   "type": "Feature",
   "geometry": {
    "type": "Point",
    "coordinates": [
     -6.94829,
     43.56991
    ]
   },
   "properties": {
    "id": "w837829621",
    "name": "Playa a Ribeiría",
    "type": "cala",
    "province": "Asturias",
    "size_m": 63,
    "coast_km": 0.04,
    "osm": "https://www.openstreetmap.org/way/837829621"
   }
  },
  {
   "type": "Feature",
   "geometry": {
    "type": "Point",
    "coordinates": [
     -3.81033,
     43.42148
    ]
   },
   "properties": {
    "id": "w55682741",
    "name": "Playa artificial de Punta Parayas",
    "type": "cala",
    "province": "Cantabria",
    "size_m": 91,
    "coast_km": 0.03,
    "osm": "https://www.openstreetmap.org/way/55682741",
    "surface": "paved"
   }
  },
  {
   "type": "Feature",
   "geometry": {
    "type": "Point",
    "coordinates": [
     -6.59683,
     43.55328
    ]
   },
   "properties": {
    "id": "w39351398",
    "name": "Playa d'Outur",
    "type": "playa",
    "province": "Asturias",
    "size_m": 722,
    "coast_km": 0.17,
    "osm": "https://www.openstreetmap.org/way/39351398",
    "name_es": "Playa de Otur",
    "name_ast": "Playa d'Outur"
   }
  },
  {
   "type": "Feature",
   "geometry": {
    "type": "Point",
    "coordinates": [
     -6.1192,
     43.5553
    ]
   },
   "properties": {
    "id": "r18052559",
    "name": "Playa de Aguilar",
    "type": "playa",
    "province": "Asturias",
    "size_m": 651,
    "coast_km": 0.09,
    "osm": "https://www.openstreetmap.org/relation/18052559",
    "surface": "sand",
    "dog": "no"
   }
  },
  {
   "type": "Feature",
   "geometry": {
    "type": "Point",
    "coordinates": [
     -6.2701,
     43.57644
    ]
   },
   "properties": {
    "id": "w496506747",
    "name": "Playa de Albuerne",
    "type": "cala",
    "province": "Asturias",
    "size_m": 194,
    "coast_km": 0.02,
    "osm": "https://www.openstreetmap.org/way/496506747"
   }
  },
  {
   "type": "Feature",
   "geometry": {
    "type": "Point",
    "coordinates": [
     -4.48341,
     43.3943
    ]
   },
   "properties": {
    "id": "w515843864",
    "name": "Playa de Amió",
    "type": "playa",
    "province": "Cantabria",
    "size_m": 343,
    "coast_km": 0.05,
    "osm": "https://www.openstreetmap.org/way/515843864",
    "wikipedia": "es:Playa de Amió",
    "wikidata": "Q6078562"
   }
  },
  {
   "type": "Feature",
   "geometry": {
    "type": "Point",
    "coordinates": [
     -4.70787,
     43.41098
    ]
   },
   "properties": {
    "id": "w177004778",
    "name": "Playa de Andrin",
    "type": "playa",
    "province": "Asturias",
    "size_m": 422,
    "coast_km": 0.07,
    "osm": "https://www.openstreetmap.org/way/177004778",
    "surface": "sand",
    "wikidata": "Q18755861",
    "access": "yes"
   }
  },
  {
   "type": "Feature",
   "geometry": {
    "type": "Point",
    "coordinates": [
     -4.7306,
     43.41672
    ]
   },
   "properties": {
    "id": "w515851973",
    "name": "Playa de Antilles",
    "type": "playa",
    "province": "Asturias",
    "size_m": 310,
    "coast_km": 0.02,
    "osm": "https://www.openstreetmap.org/way/515851973",
    "surface": "sand",
    "alt_name": "Playa de Cué"
   }
  },
  {
   "type": "Feature",
   "geometry": {
    "type": "Point",
    "coordinates": [
     -3.62014,
     43.49692
    ]
   },
   "properties": {
    "id": "w1370796081",
    "name": "Playa de Antuerta",
    "type": "playa",
    "province": "Cantabria",
    "size_m": 375,
    "coast_km": 0.09,
    "osm": "https://www.openstreetmap.org/way/1370796081",
    "wikipedia": "es:Antuerta",
    "wikidata": "Q5700523"
   }
  },
  {
   "type": "Feature",
   "geometry": {
    "type": "Point",
    "coordinates": [
     -4.49022,
     43.39406
    ]
   },
   "properties": {
    "id": "w208836960",
    "name": "Playa de Aramal",
    "type": "cala",
    "province": "Cantabria",
    "size_m": 145,
    "coast_km": 0.02,
    "osm": "https://www.openstreetmap.org/way/208836960",
    "wikipedia": "es:Playa de Aramal",
    "wikidata": "Q6078569"
   }
  },
  {
   "type": "Feature",
   "geometry": {
    "type": "Point",
    "coordinates": [
     -3.20449,
     43.37315
    ]
   },
   "properties": {
    "id": "w74333380",
    "name": "Playa de Arciseri",
    "type": "cala",
    "province": "Cantabria",
    "size_m": 68,
    "coast_km": 0.03,
    "osm": "https://www.openstreetmap.org/way/74333380",
    "alt_name": "Playa de Arcisero"
   }
  },
  {
   "type": "Feature",
   "geometry": {
    "type": "Point",
    "coordinates": [
     -3.31234,
     43.4039
    ]
   },
   "properties": {
    "id": "w160419298",
    "name": "Playa de Arenillas",
    "type": "cala",
    "province": "Cantabria",
    "size_m": 84,
    "coast_km": 0.03,
    "osm": "https://www.openstreetmap.org/way/160419298",
    "surface": "sand",
    "wikidata": "Q6078579"
   }
  },
  {
   "type": "Feature",
   "geometry": {
    "type": "Point",
    "coordinates": [
     -6.79926,
     43.55559
    ]
   },
   "properties": {
    "id": "w1023801369",
    "name": "Playa de Armaza",
    "type": "playa",
    "province": "Asturias",
    "size_m": 459,
    "coast_km": 0.11,
    "osm": "https://www.openstreetmap.org/way/1023801369"
   }
  },
  {
   "type": "Feature",
   "geometry": {
    "type": "Point",
    "coordinates": [
     -3.5412,
     43.50042
    ]
   },
   "properties": {
    "id": "w44907667",
    "name": "Playa de Arnadal",
    "type": "cala",
    "province": "Cantabria",
    "size_m": 162,
    "coast_km": 0.02,
    "osm": "https://www.openstreetmap.org/way/44907667",
    "wikidata": "Q113653853"
   }
  },
  {
   "type": "Feature",
   "geometry": {
    "type": "Point",
    "coordinates": [
     -5.98163,
     43.57729
    ]
   },
   "properties": {
    "id": "w36867835",
    "name": "Playa de Arnao",
    "type": "playa",
    "province": "Asturias",
    "size_m": 325,
    "coast_km": 0.15,
    "osm": "https://www.openstreetmap.org/way/36867835",
    "surface": "sand"
   }
  },
  {
   "type": "Feature",
   "geometry": {
    "type": "Point",
    "coordinates": [
     -7.02201,
     43.54963
    ]
   },
   "properties": {
    "id": "w365981848",
    "name": "Playa de Arnao",
    "type": "playa",
    "province": "Asturias",
    "size_m": 467,
    "coast_km": 0.04,
    "osm": "https://www.openstreetmap.org/way/365981848",
    "surface": "sand",
    "wikidata": "Q17625295"
   }
  },
  {
   "type": "Feature",
   "geometry": {
    "type": "Point",
    "coordinates": [
     -6.73175,
     43.56017
    ]
   },
   "properties": {
    "id": "w254406091",
    "name": "Playa de Arnelles",
    "type": "cala",
    "province": "Asturias",
    "size_m": 181,
    "coast_km": 0.03,
    "osm": "https://www.openstreetmap.org/way/254406091",
    "surface": "sand",
    "wikipedia": "es:Playa de Arnielles",
    "wikidata": "Q18221209"
   }
  },
  {
   "type": "Feature",
   "geometry": {
    "type": "Point",
    "coordinates": [
     -5.83514,
     43.64372
    ]
   },
   "properties": {
    "id": "w299863449",
    "name": "Playa de Arnelles",
    "type": "cala",
    "province": "Asturias",
    "size_m": 106,
    "coast_km": 0.04,
    "osm": "https://www.openstreetmap.org/way/299863449",
    "alt_name": "Playa de Viodo"
   }
  },
  {
   "type": "Feature",
   "geometry": {
    "type": "Point",
    "coordinates": [
     -3.68123,
     43.47794
    ]
   },
   "properties": {
    "id": "w129105242",
    "name": "Playa de Arnillas",
    "type": "cala",
    "province": "Cantabria",
    "size_m": 154,
    "coast_km": 0.05,
    "osm": "https://www.openstreetmap.org/way/129105242",
    "wikipedia": "es:Playa de Arenilla",
    "wikidata": "Q6078577"
   }
  },
  {
   "type": "Feature",
   "geometry": {
    "type": "Point",
    "coordinates": [
     -5.03924,
     43.46139
    ]
   },
   "properties": {
    "id": "w284167513",
    "name": "Playa de Arra",
    "type": "cala",
    "province": "Asturias",
    "size_m": 209,
    "coast_km": 0.01,
    "osm": "https://www.openstreetmap.org/way/284167513",
    "surface": "pebblestone",
    "wikipedia": "es:Playa de Arra",
    "wikidata": "Q18764184"
   }
  },
  {
   "type": "Feature",
   "geometry": {
    "type": "Point",
    "coordinates": [
     -6.3472,
     43.55256
    ]
   },
   "properties": {
    "id": "w837818755",
    "name": "Playa de Ballota",
    "type": "playa",
    "province": "Asturias",
    "size_m": 261,
    "coast_km": 0.06,
    "osm": "https://www.openstreetmap.org/way/837818755"
   }
  },
  {
   "type": "Feature",
   "geometry": {
    "type": "Point",
    "coordinates": [
     -6.61485,
     43.56098
    ]
   },
   "properties": {
    "id": "w39351396",
    "name": "Playa de Barayu",
    "type": "playa",
    "province": "Asturias",
    "size_m": 845,
    "coast_km": 0.23,
    "osm": "https://www.openstreetmap.org/way/39351396",
    "surface": "sand",
    "wikidata": "Q9060645",
    "name_es": "Playa de Barayo"
   }
  },
  {
   "type": "Feature",
   "geometry": {
    "type": "Point",
    "coordinates": [
     -4.82563,
     43.43689
    ]
   },
   "properties": {
    "id": "r18016148",
    "name": "Playa de Barro",
    "type": "playa",
    "province": "Asturias",
    "size_m": 381,
    "coast_km": 0.07,
    "osm": "https://www.openstreetmap.org/relation/18016148",
    "surface": "sand",
    "wikipedia": "es:Playas de Barro, Xiglu y Sorraos",
    "wikidata": "Q18952502"
   }
  },
  {
   "type": "Feature",
   "geometry": {
    "type": "Point",
    "coordinates": [
     -6.0488,
     43.57279
    ]
   },
   "properties": {
    "id": "w961685890",
    "name": "Playa de Bayas - Zona para perros",
    "type": "playa",
    "province": "Asturias",
    "size_m": 1043,
    "coast_km": 0.28,
    "osm": "https://www.openstreetmap.org/way/961685890"
   }
  },
  {
   "type": "Feature",
   "geometry": {
    "type": "Point",
    "coordinates": [
     -3.83506,
     43.48174
    ]
   },
   "properties": {
    "id": "w1283201939",
    "name": "Playa de Bañaperros",
    "type": "cala",
    "province": "Cantabria",
    "size_m": 36,
    "coast_km": 0.01,
    "osm": "https://www.openstreetmap.org/way/1283201939",
    "surface": "gravel"
   }
  },
  {
   "type": "Feature",
   "geometry": {
    "type": "Point",
    "coordinates": [
     -5.80952,
     43.63066
    ]
   },
   "properties": {
    "id": "r3987683",
    "name": "Playa de Bañugues",
    "type": "playa",
    "province": "Asturias",
    "size_m": 660,
    "coast_km": 0.22,
    "osm": "https://www.openstreetmap.org/relation/3987683",
    "surface": "sand",
    "wikidata": "Q19595487",
    "tidal": "yes"
   }
  },
  {
   "type": "Feature",
   "geometry": {
    "type": "Point",
    "coordinates": [
     -4.43925,
     43.39361
    ]
   },
   "properties": {
    "id": "w1201608329",
    "name": "Playa de Berellín",
    "type": "cala",
    "province": "Cantabria",
    "size_m": 44,
    "coast_km": 0.02,
    "osm": "https://www.openstreetmap.org/way/1201608329",
    "surface": "sand",
    "alt_name": "Playa de Barnejo"
   }
  },
  {
   "type": "Feature",
   "geometry": {
    "type": "Point",
    "coordinates": [
     -4.4414,
     43.39362
    ]
   },
   "properties": {
    "id": "w1201608330",
    "name": "Playa de Berellín",
    "type": "cala",
    "province": "Cantabria",
    "size_m": 111,
    "coast_km": 0.01,
    "osm": "https://www.openstreetmap.org/way/1201608330",
    "surface": "sand",
    "alt_name": "Playa de Barnejo"
   }
  },
  {
   "type": "Feature",
   "geometry": {
    "type": "Point",
    "coordinates": [
     -3.46454,
     43.46501
    ]
   },
   "properties": {
    "id": "w550235807",
    "name": "Playa de Berria",
    "type": "playa",
    "province": "Cantabria",
    "size_m": 2026,
    "coast_km": 0.07,
    "osm": "https://www.openstreetmap.org/way/550235807",
    "surface": "sand",
    "wikipedia": "es:Playa de Berria",
    "wikidata": "Q3394182"
   }
  },
  {
   "type": "Feature",
   "geometry": {
    "type": "Point",
    "coordinates": [
     -5.39341,
     43.52393
    ]
   },
   "properties": {
    "id": "w896652156",
    "name": "Playa de Bonhome",
    "type": "cala",
    "province": "Asturias",
    "size_m": 136,
    "coast_km": 1.27,
    "osm": "https://www.openstreetmap.org/way/896652156"
   }
  },
  {
   "type": "Feature",
   "geometry": {
    "type": "Point",
    "coordinates": [
     -4.81307,
     43.43602
    ]
   },
   "properties": {
    "id": "r2188032",
    "name": "Playa de Borizu",
    "type": "playa",
    "province": "Asturias",
    "size_m": 521,
    "coast_km": 0.03,
    "osm": "https://www.openstreetmap.org/relation/2188032",
    "surface": "sand",
    "wikidata": "Q18715411",
    "access": "yes",
    "name_es": "Playa de Borizo"
   }
  },
  {
   "type": "Feature",
   "geometry": {
    "type": "Point",
    "coordinates": [
     -4.65052,
     43.40136
    ]
   },
   "properties": {
    "id": "w1159146265",
    "name": "Playa de Bretones",
    "type": "playa",
    "province": "Asturias",
    "size_m": 240,
    "coast_km": 0.19,
    "osm": "https://www.openstreetmap.org/way/1159146265",
    "surface": "sand"
   }
  },
  {
   "type": "Feature",
   "geometry": {
    "type": "Point",
    "coordinates": [
     -4.61771,
     43.39627
    ]
   },
   "properties": {
    "id": "w515851975",
    "name": "Playa de Buelna",
    "type": "playa",
    "province": "Asturias",
    "size_m": 410,
    "coast_km": 0.0,
    "osm": "https://www.openstreetmap.org/way/515851975",
    "surface": "sand"
   }
  },
  {
   "type": "Feature",
   "geometry": {
    "type": "Point",
    "coordinates": [
     -6.37115,
     43.55236
    ]
   },
   "properties": {
    "id": "r16215221",
    "name": "Playa de Cadavéu",
    "type": "playa",
    "province": "Asturias",
    "size_m": 462,
    "coast_km": 0.07,
    "osm": "https://www.openstreetmap.org/relation/16215221",
    "surface": "pebblestone",
    "wikidata": "Q6078621",
    "name_es": "Playa de Cadavedo"
   }
  },
  {
   "type": "Feature",
   "geometry": {
    "type": "Point",
    "coordinates": [
     -6.81727,
     43.55624
    ]
   },
   "properties": {
    "id": "w1023800302",
    "name": "Playa de Cambaredo",
    "type": "playa",
    "province": "Asturias",
    "size_m": 228,
    "coast_km": 0.03,
    "osm": "https://www.openstreetmap.org/way/1023800302",
    "wikipedia": "es:Playa de Cambaredo",
    "wikidata": "Q17385211"
   }
  },
  {
   "type": "Feature",
   "geometry": {
    "type": "Point",
    "coordinates": [
     -6.39272,
     43.55869
    ]
   },
   "properties": {
    "id": "w755539301",
    "name": "Playa de Campiecho",
    "type": "playa",
    "province": "Asturias",
    "size_m": 423,
    "coast_km": 0.11,
    "osm": "https://www.openstreetmap.org/way/755539301",
    "surface": "pebblestone",
    "wikidata": "Q18170746"
   }
  },
  {
   "type": "Feature",
   "geometry": {
    "type": "Point",
    "coordinates": [
     -3.9615,
     43.45295
    ]
   },
   "properties": {
    "id": "w651758502",
    "name": "Playa de Canallave",
    "type": "playa",
    "province": "Cantabria",
    "size_m": 893,
    "coast_km": 0.04,
    "osm": "https://www.openstreetmap.org/way/651758502",
    "wikipedia": "es:Playa de Canallave",
    "wikidata": "Q3966665"
   }
  },
  {
   "type": "Feature",
   "geometry": {
    "type": "Point",
    "coordinates": [
     -5.74341,
     43.57806
    ]
   },
   "properties": {
    "id": "r6725714",
    "name": "Playa de Carranques",
    "type": "playa",
    "province": "Asturias",
    "size_m": 284,
    "coast_km": 0.05,
    "osm": "https://www.openstreetmap.org/relation/6725714",
    "surface": "sand",
    "wikipedia": "ast:Sablera de Carranques",
    "wikidata": "Q19280235",
    "lifeguard": "yes",
    "supervised": "yes"
   }
  },
  {
   "type": "Feature",
   "geometry": {
    "type": "Point",
    "coordinates": [
     -6.81063,
     43.55473
    ]
   },
   "properties": {
    "id": "w356104642",
    "name": "Playa de Castello",
    "type": "playa",
    "province": "Asturias",
    "size_m": 429,
    "coast_km": 0.06,
    "osm": "https://www.openstreetmap.org/way/356104642",
    "wikipedia": "es:Playa de Castello",
    "wikidata": "Q9060654"
   }
  },
  {
   "type": "Feature",
   "geometry": {
    "type": "Point",
    "coordinates": [
     -6.09705,
     43.55808
    ]
   },
   "properties": {
    "id": "n2442563017",
    "name": "Playa de Cazonera",
    "type": "playa",
    "province": "Asturias",
    "size_m": 0,
    "coast_km": 0.09,
    "osm": "https://www.openstreetmap.org/node/2442563017"
   }
  },
  {
   "type": "Feature",
   "geometry": {
    "type": "Point",
    "coordinates": [
     -3.93638,
     43.46903
    ]
   },
   "properties": {
    "id": "w224830987",
    "name": "Playa de Cerrías",
    "type": "cala",
    "province": "Cantabria",
    "size_m": 181,
    "coast_km": 0.01,
    "osm": "https://www.openstreetmap.org/way/224830987",
    "surface": "sand",
    "wikipedia": "es:Playa de Cerrías",
    "wikidata": "Q5762782"
   }
  },
  {
   "type": "Feature",
   "geometry": {
    "type": "Point",
    "coordinates": [
     -4.28478,
     43.38916
    ]
   },
   "properties": {
    "id": "r1756829",
    "name": "Playa de Comillas",
    "type": "playa",
    "province": "Cantabria",
    "size_m": 957,
    "coast_km": 0.05,
    "osm": "https://www.openstreetmap.org/relation/1756829",
    "surface": "sand",
    "wikidata": "Q6078678"
   }
  },
  {
   "type": "Feature",
   "geometry": {
    "type": "Point",
    "coordinates": [
     -3.29432,
     43.40582
    ]
   },
   "properties": {
    "id": "w465671719",
    "name": "Playa de Cotonera",
    "type": "cala",
    "province": "Cantabria",
    "size_m": 102,
    "coast_km": 0.04,
    "osm": "https://www.openstreetmap.org/way/465671719",
    "surface": "gravel"
   }
  },
  {
   "type": "Feature",
   "geometry": {
    "type": "Point",
    "coordinates": [
     -3.9112,
     43.47255
    ]
   },
   "properties": {
    "id": "w801864886",
    "name": "Playa de Covachos",
    "type": "cala",
    "province": "Cantabria",
    "size_m": 169,
    "coast_km": 0.02,
    "osm": "https://www.openstreetmap.org/way/801864886",
    "wikidata": "Q6078683",
    "lifeguard": "no",
    "nudism": "yes",
    "description": "Arenal con zona especial para la práctica del naturismo, aunque este se suele tolerar en todo el espacio de la playa",
    "name_es": "Playa de Covachos",
    "supervised": "no"
   }
  },
  {
   "type": "Feature",
   "geometry": {
    "type": "Point",
    "coordinates": [
     -3.6136,
     43.49695
    ]
   },
   "properties": {
    "id": "w129107144",
    "name": "Playa de Cuberris",
    "type": "playa",
    "province": "Cantabria",
    "size_m": 715,
    "coast_km": 0.07,
    "osm": "https://www.openstreetmap.org/way/129107144",
    "surface": "sand",
    "wikipedia": "es:Cuberris",
    "wikidata": "Q5793487",
    "lifeguard": "yes"
   }
  },
  {
   "type": "Feature",
   "geometry": {
    "type": "Point",
    "coordinates": [
     -4.03213,
     43.43575
    ]
   },
   "properties": {
    "id": "w839046533",
    "name": "Playa de Cuchía",
    "type": "playa",
    "province": "Cantabria",
    "size_m": 438,
    "coast_km": 0.11,
    "osm": "https://www.openstreetmap.org/way/839046533",
    "surface": "sand",
    "wikipedia": "es:Playa de Cuchía",
    "wikidata": "Q6078688",
    "lifeguard": "no",
    "access": "yes",
    "alt_name": "Playa de Marzán",
    "supervised": "no"
   }
  },
  {
   "type": "Feature",
   "geometry": {
    "type": "Point",
    "coordinates": [
     -6.46927,
     43.55093
    ]
   },
   "properties": {
    "id": "w95531723",
    "name": "Playa de Cueva",
    "type": "cala",
    "province": "Asturias",
    "size_m": 212,
    "coast_km": 0.25,
    "osm": "https://www.openstreetmap.org/way/95531723"
   }
  },
  {
   "type": "Feature",
   "geometry": {
    "type": "Point",
    "coordinates": [
     -6.47366,
     43.55097
    ]
   },
   "properties": {
    "id": "w95531739",
    "name": "Playa de Cueva",
    "type": "playa",
    "province": "Asturias",
    "size_m": 657,
    "coast_km": 0.11,
    "osm": "https://www.openstreetmap.org/way/95531739"
   }
  },
  {
   "type": "Feature",
   "geometry": {
    "type": "Point",
    "coordinates": [
     -6.24631,
     43.58424
    ]
   },
   "properties": {
    "id": "w516090458",
    "name": "Playa de Cueva",
    "type": "playa",
    "province": "Asturias",
    "size_m": 398,
    "coast_km": 0.1,
    "osm": "https://www.openstreetmap.org/way/516090458",
    "surface": "pebblestone",
    "wikipedia": "es:Playa de La Cueva",
    "wikidata": "Q19678652"
   }
  },
  {
   "type": "Feature",
   "geometry": {
    "type": "Point",
    "coordinates": [
     -6.47264,
     43.55097
    ]
   },
   "properties": {
    "id": "r1380194",
    "name": "Playa de Cueva",
    "type": "playa",
    "province": "Asturias",
    "size_m": 792,
    "coast_km": 0.03,
    "osm": "https://www.openstreetmap.org/relation/1380194",
    "wikidata": "Q18224636"
   }
  },
  {
   "type": "Feature",
   "geometry": {
    "type": "Point",
    "coordinates": [
     -4.55649,
     43.39447
    ]
   },
   "properties": {
    "id": "w233427412",
    "name": "Playa de Cuevas Coloradas",
    "type": "playa",
    "province": "Asturias",
    "size_m": 295,
    "coast_km": 0.08,
    "osm": "https://www.openstreetmap.org/way/233427412"
   }
  },
  {
   "type": "Feature",
   "geometry": {
    "type": "Point",
    "coordinates": [
     -3.97676,
     43.43637
    ]
   },
   "properties": {
    "id": "w201909164",
    "name": "Playa de Currucasa",
    "type": "playa",
    "province": "Cantabria",
    "size_m": 223,
    "coast_km": 0.67,
    "osm": "https://www.openstreetmap.org/way/201909164"
   }
  },
  {
   "type": "Feature",
   "geometry": {
    "type": "Point",
    "coordinates": [
     -3.19401,
     43.36374
    ]
   },
   "properties": {
    "id": "w116411548",
    "name": "Playa de Dicido",
    "type": "playa",
    "province": "Cantabria",
    "size_m": 385,
    "coast_km": 0.05,
    "osm": "https://www.openstreetmap.org/way/116411548",
    "wikipedia": "es:Dícido",
    "wikidata": "Q11681226",
    "tidal": "yes"
   }
  },
  {
   "type": "Feature",
   "geometry": {
    "type": "Point",
    "coordinates": [
     -3.82566,
     43.48814
    ]
   },
   "properties": {
    "id": "w235891307",
    "name": "Playa de El Bocal",
    "type": "cala",
    "province": "Cantabria",
    "size_m": 169,
    "coast_km": 0.04,
    "osm": "https://www.openstreetmap.org/way/235891307",
    "surface": "gravel",
    "wikipedia": "es:Playa de El Bocal",
    "wikidata": "Q6079223",
    "wheelchair": "no"
   }
  },
  {
   "type": "Feature",
   "geometry": {
    "type": "Point",
    "coordinates": [
     -3.49514,
     43.47132
    ]
   },
   "properties": {
    "id": "w649463736",
    "name": "Playa de El Brusco",
    "type": "playa",
    "province": "Cantabria",
    "size_m": 2671,
    "coast_km": 0.04,
    "osm": "https://www.openstreetmap.org/way/649463736",
    "surface": "sand"
   }
  },
  {
   "type": "Feature",
   "geometry": {
    "type": "Point",
    "coordinates": [
     -5.7857,
     43.60993
    ]
   },
   "properties": {
    "id": "r3986650",
    "name": "Playa de El Dique",
    "type": "cala",
    "province": "Asturias",
    "size_m": 167,
    "coast_km": 0.08,
    "osm": "https://www.openstreetmap.org/relation/3986650",
    "wikipedia": "es:Playa de El Dique",
    "wikidata": "Q19614861"
   }
  },
  {
   "type": "Feature",
   "geometry": {
    "type": "Point",
    "coordinates": [
     -5.97312,
     43.58
    ]
   },
   "properties": {
    "id": "w188647656",
    "name": "Playa de El Dólar",
    "type": "playa",
    "province": "Asturias",
    "size_m": 223,
    "coast_km": 0.1,
    "osm": "https://www.openstreetmap.org/way/188647656",
    "surface": "pebblestone"
   }
  },
  {
   "type": "Feature",
   "geometry": {
    "type": "Point",
    "coordinates": [
     -5.93097,
     43.59376
    ]
   },
   "properties": {
    "id": "w1178309643",
    "name": "Playa de El Embayo",
    "type": "cala",
    "province": "Asturias",
    "size_m": 79,
    "coast_km": 0.63,
    "osm": "https://www.openstreetmap.org/way/1178309643",
    "wikipedia": "es:Playa de El Embayo",
    "wikidata": "Q19346352"
   }
  },
  {
   "type": "Feature",
   "geometry": {
    "type": "Point",
    "coordinates": [
     -5.95359,
     43.58429
    ]
   },
   "properties": {
    "id": "w516073411",
    "name": "Playa de El Espartal",
    "type": "playa",
    "province": "Asturias",
    "size_m": 2859,
    "coast_km": 0.43,
    "osm": "https://www.openstreetmap.org/way/516073411",
    "surface": "sand",
    "wikipedia": "ast:Sablera del Espartal",
    "wikidata": "Q9060665",
    "access": "yes",
    "name_es": "Playa de El Espartal",
    "name_ast": "Sablera del Espartal"
   }
  },
  {
   "type": "Feature",
   "geometry": {
    "type": "Point",
    "coordinates": [
     -3.83892,
     43.47912
    ]
   },
   "properties": {
    "id": "w730122052",
    "name": "Playa de El Pescador",
    "type": "cala",
    "province": "Cantabria",
    "size_m": 45,
    "coast_km": 0.02,
    "osm": "https://www.openstreetmap.org/way/730122052",
    "surface": "sand"
   }
  },
  {
   "type": "Feature",
   "geometry": {
    "type": "Point",
    "coordinates": [
     -5.99566,
     43.5727
    ]
   },
   "properties": {
    "id": "w36867837",
    "name": "Playa de El Puerto",
    "type": "playa",
    "province": "Asturias",
    "size_m": 369,
    "coast_km": 0.06,
    "osm": "https://www.openstreetmap.org/way/36867837"
   }
  },
  {
   "type": "Feature",
   "geometry": {
    "type": "Point",
    "coordinates": [
     -3.76128,
     43.45506
    ]
   },
   "properties": {
    "id": "w516058313",
    "name": "Playa de El Puntal",
    "type": "playa",
    "province": "Cantabria",
    "size_m": 2768,
    "coast_km": 0.0,
    "osm": "https://www.openstreetmap.org/way/516058313",
    "surface": "sand",
    "wikipedia": "es:Playa de El Puntal (Cantabria)",
    "wikidata": "Q6078736",
    "nudism": "permissive",
    "name_es": "Playa de El Puntal"
   }
  },
  {
   "type": "Feature",
   "geometry": {
    "type": "Point",
    "coordinates": [
     -4.54584,
     43.39739
    ]
   },
   "properties": {
    "id": "w328355499",
    "name": "Playa de El Regolgueru",
    "type": "cala",
    "province": "Asturias",
    "size_m": 52,
    "coast_km": 0.03,
    "osm": "https://www.openstreetmap.org/way/328355499"
   }
  },
  {
   "type": "Feature",
   "geometry": {
    "type": "Point",
    "coordinates": [
     -4.38358,
     43.39124
    ]
   },
   "properties": {
    "id": "w1309128373",
    "name": "Playa de El Rosal",
    "type": "playa",
    "province": "Cantabria",
    "size_m": 670,
    "coast_km": 0.03,
    "osm": "https://www.openstreetmap.org/way/1309128373"
   }
  },
  {
   "type": "Feature",
   "geometry": {
    "type": "Point",
    "coordinates": [
     -3.77195,
     43.44738
    ]
   },
   "properties": {
    "id": "w178953400",
    "name": "Playa de El Rostro",
    "type": "playa",
    "province": "Cantabria",
    "size_m": 346,
    "coast_km": 0.07,
    "osm": "https://www.openstreetmap.org/way/178953400"
   }
  },
  {
   "type": "Feature",
   "geometry": {
    "type": "Point",
    "coordinates": [
     -4.38733,
     43.38702
    ]
   },
   "properties": {
    "id": "w108476984",
    "name": "Playa de El Tostadero",
    "type": "playa",
    "province": "Cantabria",
    "size_m": 462,
    "coast_km": 0.58,
    "osm": "https://www.openstreetmap.org/way/108476984",
    "surface": "sand",
    "wikipedia": "es:Playa de El Tostadero",
    "wikidata": "Q5823187",
    "alt_name": "Playa de El Rosal"
   }
  },
  {
   "type": "Feature",
   "geometry": {
    "type": "Point",
    "coordinates": [
     -5.59775,
     43.54789
    ]
   },
   "properties": {
    "id": "w86366284",
    "name": "Playa de Estaño",
    "type": "cala",
    "province": "Asturias",
    "size_m": 218,
    "coast_km": 0.02,
    "osm": "https://www.openstreetmap.org/way/86366284",
    "wikidata": "Q18932022"
   }
  },
  {
   "type": "Feature",
   "geometry": {
    "type": "Point",
    "coordinates": [
     -7.03044,
     43.54231
    ]
   },
   "properties": {
    "id": "w1086217889",
    "name": "Playa de Figueras",
    "type": "cala",
    "province": "Asturias",
    "size_m": 127,
    "coast_km": 0.04,
    "osm": "https://www.openstreetmap.org/way/1086217889",
    "wikipedia": "es:Playa de Figueras",
    "wikidata": "Q17625306"
   }
  },
  {
   "type": "Feature",
   "geometry": {
    "type": "Point",
    "coordinates": [
     -4.26507,
     43.39163
    ]
   },
   "properties": {
    "id": "w610288986",
    "name": "Playa de Fonfría",
    "type": "cala",
    "province": "Cantabria",
    "size_m": 120,
    "coast_km": 0.05,
    "osm": "https://www.openstreetmap.org/way/610288986",
    "surface": "gravel"
   }
  },
  {
   "type": "Feature",
   "geometry": {
    "type": "Point",
    "coordinates": [
     -6.72671,
     43.5565
    ]
   },
   "properties": {
    "id": "w165235280",
    "name": "Playa de Foxos",
    "type": "cala",
    "province": "Asturias",
    "size_m": 189,
    "coast_km": 0.08,
    "osm": "https://www.openstreetmap.org/way/165235280",
    "wikidata": "Q18223258",
    "alt_name": "Playa Barra"
   }
  },
  {
   "type": "Feature",
   "geometry": {
    "type": "Point",
    "coordinates": [
     -6.7285,
     43.55845
    ]
   },
   "properties": {
    "id": "w567188825",
    "name": "Playa de Foxos",
    "type": "cala",
    "province": "Asturias",
    "size_m": 88,
    "coast_km": 0.04,
    "osm": "https://www.openstreetmap.org/way/567188825"
   }
  },
  {
   "type": "Feature",
   "geometry": {
    "type": "Point",
    "coordinates": [
     -6.67741,
     43.55984
    ]
   },
   "properties": {
    "id": "w165233392",
    "name": "Playa de Frexulfe",
    "type": "playa",
    "province": "Asturias",
    "size_m": 827,
    "coast_km": 0.31,
    "osm": "https://www.openstreetmap.org/way/165233392",
    "wikidata": "Q2888465",
    "name_ast": "Sablera de Frexulfe"
   }
  },
  {
   "type": "Feature",
   "geometry": {
    "type": "Point",
    "coordinates": [
     -4.43145,
     43.39295
    ]
   },
   "properties": {
    "id": "w608392326",
    "name": "Playa de Fuentes",
    "type": "cala",
    "province": "Cantabria",
    "size_m": 183,
    "coast_km": 0.08,
    "osm": "https://www.openstreetmap.org/way/608392326",
    "surface": "sand",
    "wikipedia": "es:Playa de La Fuente",
    "wikidata": "Q5963447"
   }
  },
  {
   "type": "Feature",
   "geometry": {
    "type": "Point",
    "coordinates": [
     -3.67359,
     43.4801
    ]
   },
   "properties": {
    "id": "w70845672",
    "name": "Playa de Galizano",
    "type": "playa",
    "province": "Cantabria",
    "size_m": 651,
    "coast_km": 0.02,
    "osm": "https://www.openstreetmap.org/way/70845672",
    "wikipedia": "es:Playa de Galizano",
    "wikidata": "Q6078757",
    "alt_name": "Playa de San Miguel"
   }
  },
  {
   "type": "Feature",
   "geometry": {
    "type": "Point",
    "coordinates": [
     -5.77809,
     43.60867
    ]
   },
   "properties": {
    "id": "w268923128",
    "name": "Playa de Gargantera",
    "type": "cala",
    "province": "Asturias",
    "size_m": 209,
    "coast_km": 0.06,
    "osm": "https://www.openstreetmap.org/way/268923128"
   }
  },
  {
   "type": "Feature",
   "geometry": {
    "type": "Point",
    "coordinates": [
     -4.35593,
     43.40097
    ]
   },
   "properties": {
    "id": "w486066198",
    "name": "Playa de Gerra",
    "type": "playa",
    "province": "Cantabria",
    "size_m": 424,
    "coast_km": 0.03,
    "osm": "https://www.openstreetmap.org/way/486066198",
    "surface": "sand",
    "alt_name": "Playa de Merón"
   }
  },
  {
   "type": "Feature",
   "geometry": {
    "type": "Point",
    "coordinates": [
     -6.24075,
     43.59231
    ]
   },
   "properties": {
    "id": "w656011790",
    "name": "Playa de Gradas",
    "type": "playa",
    "province": "Asturias",
    "size_m": 258,
    "coast_km": 0.04,
    "osm": "https://www.openstreetmap.org/way/656011790"
   }
  },
  {
   "type": "Feature",
   "geometry": {
    "type": "Point",
    "coordinates": [
     -4.98229,
     43.45588
    ]
   },
   "properties": {
    "id": "r1563524",
    "name": "Playa de Guadamía",
    "type": "playa",
    "province": "Asturias",
    "size_m": 374,
    "coast_km": 0.17,
    "osm": "https://www.openstreetmap.org/relation/1563524",
    "wikidata": "Q18713988",
    "tidal": "yes",
    "name_ast": "Playa de Aguamía"
   }
  },
  {
   "type": "Feature",
   "geometry": {
    "type": "Point",
    "coordinates": [
     -4.88598,
     43.44757
    ]
   },
   "properties": {
    "id": "w520663412",
    "name": "Playa de Gulpiyuri",
    "type": "cala",
    "province": "Asturias",
    "size_m": 63,
    "coast_km": 0.1,
    "osm": "https://www.openstreetmap.org/way/520663412",
    "surface": "sand",
    "wikipedia": "es:Playa de Gulpiyuri",
    "wikidata": "Q3753808",
    "description": "20 meters of length by 4 meters.Very small",
    "wheelchair": "no",
    "alt_name": "Cala de Gulpiyuri"
   }
  },
  {
   "type": "Feature",
   "geometry": {
    "type": "Point",
    "coordinates": [
     -3.91562,
     43.47419
    ]
   },
   "properties": {
    "id": "w129106558",
    "name": "Playa de La Arnía",
    "type": "playa",
    "province": "Cantabria",
    "size_m": 256,
    "coast_km": 0.02,
    "osm": "https://www.openstreetmap.org/way/129106558",
    "wikipedia": "es:Arnía",
    "wikidata": "Q5704921"
   }
  },
  {
   "type": "Feature",
   "geometry": {
    "type": "Point",
    "coordinates": [
     -4.71349,
     43.41258
    ]
   },
   "properties": {
    "id": "w351506578",
    "name": "Playa de La Ballota",
    "type": "playa",
    "province": "Asturias",
    "size_m": 422,
    "coast_km": 0.09,
    "osm": "https://www.openstreetmap.org/way/351506578",
    "surface": "sand",
    "wikidata": "Q18748931",
    "lifeguard": "yes",
    "access": "yes",
    "supervised": "yes"
   }
  },
  {
   "type": "Feature",
   "geometry": {
    "type": "Point",
    "coordinates": [
     -5.19714,
     43.47545
    ]
   },
   "properties": {
    "id": "w144649101",
    "name": "Playa de La Beciella",
    "type": "playa",
    "province": "Asturias",
    "size_m": 365,
    "coast_km": 0.15,
    "osm": "https://www.openstreetmap.org/way/144649101",
    "surface": "sand",
    "wikidata": "Q18812509"
   }
  },
  {
   "type": "Feature",
   "geometry": {
    "type": "Point",
    "coordinates": [
     -3.77893,
     43.4718
    ]
   },
   "properties": {
    "id": "w961525275",
    "name": "Playa de La Concha",
    "type": "playa",
    "province": "Cantabria",
    "size_m": 236,
    "coast_km": 0.03,
    "osm": "https://www.openstreetmap.org/way/961525275",
    "surface": "sand",
    "wikipedia": "es:Playa de La Concha (Santander)",
    "wikidata": "Q6078794"
   }
  },
  {
   "type": "Feature",
   "geometry": {
    "type": "Point",
    "coordinates": [
     -3.78523,
     43.46277
    ]
   },
   "properties": {
    "id": "w1451985756",
    "name": "Playa de La Fenómeno",
    "type": "cala",
    "province": "Cantabria",
    "size_m": 170,
    "coast_km": 0.07,
    "osm": "https://www.openstreetmap.org/way/1451985756",
    "surface": "sand"
   }
  },
  {
   "type": "Feature",
   "geometry": {
    "type": "Point",
    "coordinates": [
     -5.26036,
     43.50168
    ]
   },
   "properties": {
    "id": "w37848194",
    "name": "Playa de La Griega",
    "type": "playa",
    "province": "Asturias",
    "size_m": 1213,
    "coast_km": 0.15,
    "osm": "https://www.openstreetmap.org/way/37848194",
    "surface": "sand",
    "wikidata": "Q6079118"
   }
  },
  {
   "type": "Feature",
   "geometry": {
    "type": "Point",
    "coordinates": [
     -4.89844,
     43.44956
    ]
   },
   "properties": {
    "id": "w167978455",
    "name": "Playa de La Güelga",
    "type": "playa",
    "province": "Asturias",
    "size_m": 310,
    "coast_km": 0.04,
    "osm": "https://www.openstreetmap.org/way/167978455",
    "surface": "sand",
    "access": "yes",
    "name_es": "Playa de La Huelga",
    "name_ast": "Playa de La Güelga"
   }
  },
  {
   "type": "Feature",
   "geometry": {
    "type": "Point",
    "coordinates": [
     -6.07781,
     43.55142
    ]
   },
   "properties": {
    "id": "w962344732",
    "name": "Playa de La Llama",
    "type": "playa",
    "province": "Asturias",
    "size_m": 566,
    "coast_km": 1.36,
    "osm": "https://www.openstreetmap.org/way/962344732",
    "surface": "sand"
   }
  },
  {
   "type": "Feature",
   "geometry": {
    "type": "Point",
    "coordinates": [
     -3.83687,
     43.4795
    ]
   },
   "properties": {
    "id": "w28951920",
    "name": "Playa de La Maruca",
    "type": "playa",
    "province": "Cantabria",
    "size_m": 387,
    "coast_km": 0.03,
    "osm": "https://www.openstreetmap.org/way/28951920",
    "wikipedia": "es:La Maruca",
    "wikidata": "Q5964281"
   }
  },
  {
   "type": "Feature",
   "geometry": {
    "type": "Point",
    "coordinates": [
     -4.45299,
     43.39281
    ]
   },
   "properties": {
    "id": "w613591481",
    "name": "Playa de La Mina",
    "type": "cala",
    "province": "Cantabria",
    "size_m": 27,
    "coast_km": 0.01,
    "osm": "https://www.openstreetmap.org/way/613591481"
   }
  },
  {
   "type": "Feature",
   "geometry": {
    "type": "Point",
    "coordinates": [
     -4.3214,
     43.3868
    ]
   },
   "properties": {
    "id": "w61327231",
    "name": "Playa de La Rabia",
    "type": "playa",
    "province": "Cantabria",
    "size_m": 529,
    "coast_km": 0.44,
    "osm": "https://www.openstreetmap.org/way/61327231",
    "surface": "sand"
   }
  },
  {
   "type": "Feature",
   "geometry": {
    "type": "Point",
    "coordinates": [
     -5.79172,
     43.61367
    ]
   },
   "properties": {
    "id": "r2401135",
    "name": "Playa de La Ribera",
    "type": "cala",
    "province": "Asturias",
    "size_m": 56,
    "coast_km": 0.06,
    "osm": "https://www.openstreetmap.org/relation/2401135",
    "surface": "sand",
    "wikidata": "Q19653688"
   }
  },
  {
   "type": "Feature",
   "geometry": {
    "type": "Point",
    "coordinates": [
     -6.30026,
     43.56488
    ]
   },
   "properties": {
    "id": "w837818756",
    "name": "Playa de La Ribera del Molín",
    "type": "cala",
    "province": "Asturias",
    "size_m": 171,
    "coast_km": 0.08,
    "osm": "https://www.openstreetmap.org/way/837818756",
    "wikipedia": "es:Playa de La Ribera del Molín",
    "wikidata": "Q19678089"
   }
  },
  {
   "type": "Feature",
   "geometry": {
    "type": "Point",
    "coordinates": [
     -3.18922,
     43.36375
    ]
   },
   "properties": {
    "id": "r6755886",
    "name": "Playa de La Turbia",
    "type": "cala",
    "province": "Cantabria",
    "size_m": 94,
    "coast_km": 0.02,
    "osm": "https://www.openstreetmap.org/relation/6755886",
    "surface": "gravel",
    "wheelchair": "no",
    "supervised": "no"
   }
  },
  {
   "type": "Feature",
   "geometry": {
    "type": "Point",
    "coordinates": [
     -5.59024,
     43.54705
    ]
   },
   "properties": {
    "id": "w38292539",
    "name": "Playa de La Ñora",
    "type": "playa",
    "province": "Asturias",
    "size_m": 235,
    "coast_km": 0.06,
    "osm": "https://www.openstreetmap.org/way/38292539",
    "surface": "sand",
    "wikidata": "Q6079149"
   }
  },
  {
   "type": "Feature",
   "geometry": {
    "type": "Point",
    "coordinates": [
     -3.68957,
     43.47569
    ]
   },
   "properties": {
    "id": "w128274175",
    "name": "Playa de Langre",
    "type": "playa",
    "province": "Cantabria",
    "size_m": 740,
    "coast_km": 0.26,
    "osm": "https://www.openstreetmap.org/way/128274175",
    "wikipedia": "es:Playa de Langre",
    "wikidata": "Q5400255"
   }
  },
  {
   "type": "Feature",
   "geometry": {
    "type": "Point",
    "coordinates": [
     -3.69504,
     43.47726
    ]
   },
   "properties": {
    "id": "w129105243",
    "name": "Playa de Langre Pequeña",
    "type": "playa",
    "province": "Cantabria",
    "size_m": 229,
    "coast_km": 0.09,
    "osm": "https://www.openstreetmap.org/way/129105243",
    "wikipedia": "es:Playa de Langre",
    "wikidata": "Q5400255",
    "nudism": "yes",
    "alt_name": "Playa de Langre"
   }
  },
  {
   "type": "Feature",
   "geometry": {
    "type": "Point",
    "coordinates": [
     -6.94796,
     43.56917
    ]
   },
   "properties": {
    "id": "w837829623",
    "name": "Playa de Las Furadas",
    "type": "cala",
    "province": "Asturias",
    "size_m": 69,
    "coast_km": 0.02,
    "osm": "https://www.openstreetmap.org/way/837829623"
   }
  },
  {
   "type": "Feature",
   "geometry": {
    "type": "Point",
    "coordinates": [
     -5.26968,
     43.50764
    ]
   },
   "properties": {
    "id": "w25885635",
    "name": "Playa de Llastres",
    "type": "playa",
    "province": "Asturias",
    "size_m": 433,
    "coast_km": 0.06,
    "osm": "https://www.openstreetmap.org/way/25885635",
    "name_es": "Playa de Lastres"
   }
  },
  {
   "type": "Feature",
   "geometry": {
    "type": "Point",
    "coordinates": [
     -5.82729,
     43.63994
    ]
   },
   "properties": {
    "id": "r3987684",
    "name": "Playa de Llumeres",
    "type": "playa",
    "province": "Asturias",
    "size_m": 593,
    "coast_km": 0.18,
    "osm": "https://www.openstreetmap.org/relation/3987684",
    "surface": "gravel",
    "wikidata": "Q19634156"
   }
  },
  {
   "type": "Feature",
   "geometry": {
    "type": "Point",
    "coordinates": [
     -3.72619,
     43.46424
    ]
   },
   "properties": {
    "id": "w40627479",
    "name": "Playa de Loredo",
    "type": "playa",
    "province": "Cantabria",
    "size_m": 617,
    "coast_km": 0.03,
    "osm": "https://www.openstreetmap.org/way/40627479",
    "wikidata": "Q123076252"
   }
  },
  {
   "type": "Feature",
   "geometry": {
    "type": "Point",
    "coordinates": [
     -6.94904,
     43.56552
    ]
   },
   "properties": {
    "id": "w42730896",
    "name": "Playa de Los Campos",
    "type": "playa",
    "province": "Asturias",
    "size_m": 574,
    "coast_km": 0.08,
    "osm": "https://www.openstreetmap.org/way/42730896"
   }
  },
  {
   "type": "Feature",
   "geometry": {
    "type": "Point",
    "coordinates": [
     -5.77262,
     43.60646
    ]
   },
   "properties": {
    "id": "r3986642",
    "name": "Playa de Los Cristales",
    "type": "cala",
    "province": "Asturias",
    "size_m": 102,
    "coast_km": 0.01,
    "osm": "https://www.openstreetmap.org/relation/3986642",
    "surface": "gravel",
    "wikidata": "Q19656829",
    "alt_name": "Playa del Bigaral"
   }
  },
  {
   "type": "Feature",
   "geometry": {
    "type": "Point",
    "coordinates": [
     -6.48902,
     43.54876
    ]
   },
   "properties": {
    "id": "w236596250",
    "name": "Playa de Los Molinos",
    "type": "cala",
    "province": "Asturias",
    "size_m": 181,
    "coast_km": 0.07,
    "osm": "https://www.openstreetmap.org/way/236596250"
   }
  },
  {
   "type": "Feature",
   "geometry": {
    "type": "Point",
    "coordinates": [
     -5.7877,
     43.61833
    ]
   },
   "properties": {
    "id": "w1106005817",
    "name": "Playa de Luanco",
    "type": "playa",
    "province": "Asturias",
    "size_m": 369,
    "coast_km": 0.08,
    "osm": "https://www.openstreetmap.org/way/1106005817",
    "surface": "sand",
    "wikidata": "Q19653511",
    "access": "yes",
    "tidal": "yes"
   }
  },
  {
   "type": "Feature",
   "geometry": {
    "type": "Point",
    "coordinates": [
     -4.22111,
     43.39411
    ]
   },
   "properties": {
    "id": "w299921957",
    "name": "Playa de Luaña",
    "type": "playa",
    "province": "Cantabria",
    "size_m": 475,
    "coast_km": 0.13,
    "osm": "https://www.openstreetmap.org/way/299921957",
    "wikipedia": "es:Playa de Luaña",
    "wikidata": "Q6078887",
    "alt_name": "Playa de Cóbreces"
   }
  },
  {
   "type": "Feature",
   "geometry": {
    "type": "Point",
    "coordinates": [
     -3.78787,
     43.48601
    ]
   },
   "properties": {
    "id": "w28423344",
    "name": "Playa de Mataleñas",
    "type": "cala",
    "province": "Cantabria",
    "size_m": 174,
    "coast_km": 0.06,
    "osm": "https://www.openstreetmap.org/way/28423344",
    "surface": "sand",
    "wikipedia": "es:Playa de Mataleñas",
    "wikidata": "Q6005692"
   }
  },
  {
   "type": "Feature",
   "geometry": {
    "type": "Point",
    "coordinates": [
     -4.55895,
     43.39321
    ]
   },
   "properties": {
    "id": "w233427288",
    "name": "Playa de Mendía",
    "type": "playa",
    "province": "Asturias",
    "size_m": 353,
    "coast_km": 0.08,
    "osm": "https://www.openstreetmap.org/way/233427288",
    "wikidata": "Q23995081",
    "alt_name": "Playa de Bendía"
   }
  },
  {
   "type": "Feature",
   "geometry": {
    "type": "Point",
    "coordinates": [
     -4.36818,
     43.39487
    ]
   },
   "properties": {
    "id": "w108479308",
    "name": "Playa de Merón",
    "type": "playa",
    "province": "Cantabria",
    "size_m": 2219,
    "coast_km": 0.05,
    "osm": "https://www.openstreetmap.org/way/108479308",
    "surface": "sand",
    "alt_name": "Playa de Bederna"
   }
  },
  {
   "type": "Feature",
   "geometry": {
    "type": "Point",
    "coordinates": [
     -5.49412,
     43.54403
    ]
   },
   "properties": {
    "id": "r1957382",
    "name": "Playa de Merón",
    "type": "cala",
    "province": "Asturias",
    "size_m": 189,
    "coast_km": 0.07,
    "osm": "https://www.openstreetmap.org/relation/1957382",
    "surface": "sand",
    "wikidata": "Q6078902"
   }
  },
  {
   "type": "Feature",
   "geometry": {
    "type": "Point",
    "coordinates": [
     -6.97703,
     43.55664
    ]
   },
   "properties": {
    "id": "w1219684703",
    "name": "Playa de Mexota",
    "type": "playa",
    "province": "Asturias",
    "size_m": 287,
    "coast_km": 0.05,
    "osm": "https://www.openstreetmap.org/way/1219684703",
    "wikidata": "Q17266517",
    "name_es": "Playa de Mexota"
   }
  },
  {
   "type": "Feature",
   "geometry": {
    "type": "Point",
    "coordinates": [
     -5.38088,
     43.52253
    ]
   },
   "properties": {
    "id": "w220364142",
    "name": "Playa de Misiego",
    "type": "cala",
    "province": "Asturias",
    "size_m": 199,
    "coast_km": 1.29,
    "osm": "https://www.openstreetmap.org/way/220364142",
    "wikidata": "Q18819335"
   }
  },
  {
   "type": "Feature",
   "geometry": {
    "type": "Point",
    "coordinates": [
     -3.97283,
     43.43867
    ]
   },
   "properties": {
    "id": "w197770840",
    "name": "Playa de Mogro",
    "type": "playa",
    "province": "Cantabria",
    "size_m": 404,
    "coast_km": 0.68,
    "osm": "https://www.openstreetmap.org/way/197770840",
    "wikipedia": "es:Playa de Mogro",
    "wikidata": "Q6078907",
    "alt_name": "Playa de Usil"
   }
  },
  {
   "type": "Feature",
   "geometry": {
    "type": "Point",
    "coordinates": [
     -6.85176,
     43.56259
    ]
   },
   "properties": {
    "id": "w242368396",
    "name": "Playa de Monellos",
    "type": "cala",
    "province": "Asturias",
    "size_m": 81,
    "coast_km": 0.03,
    "osm": "https://www.openstreetmap.org/way/242368396",
    "wikidata": "Q17625318"
   }
  },
  {
   "type": "Feature",
   "geometry": {
    "type": "Point",
    "coordinates": [
     -5.79427,
     43.62959
    ]
   },
   "properties": {
    "id": "r3987685",
    "name": "Playa de Moniello",
    "type": "cala",
    "province": "Asturias",
    "size_m": 98,
    "coast_km": 0.01,
    "osm": "https://www.openstreetmap.org/relation/3987685",
    "wikidata": "Q19653368"
   }
  },
  {
   "type": "Feature",
   "geometry": {
    "type": "Point",
    "coordinates": [
     -5.20684,
     43.47473
    ]
   },
   "properties": {
    "id": "w144635801",
    "name": "Playa de Moracey",
    "type": "playa",
    "province": "Asturias",
    "size_m": 516,
    "coast_km": 0.12,
    "osm": "https://www.openstreetmap.org/way/144635801",
    "surface": "sand"
   }
  },
  {
   "type": "Feature",
   "geometry": {
    "type": "Point",
    "coordinates": [
     -6.01236,
     43.57966
    ]
   },
   "properties": {
    "id": "w36867845",
    "name": "Playa de Munielles",
    "type": "playa",
    "province": "Asturias",
    "size_m": 282,
    "coast_km": 0.07,
    "osm": "https://www.openstreetmap.org/way/36867845"
   }
  },
  {
   "type": "Feature",
   "geometry": {
    "type": "Point",
    "coordinates": [
     -6.72219,
     43.55539
    ]
   },
   "properties": {
    "id": "w165233406",
    "name": "Playa de Navia",
    "type": "playa",
    "province": "Asturias",
    "size_m": 436,
    "coast_km": 0.06,
    "osm": "https://www.openstreetmap.org/way/165233406",
    "wikidata": "Q9060701",
    "alt_name": "Playa de Andés"
   }
  },
  {
   "type": "Feature",
   "geometry": {
    "type": "Point",
    "coordinates": [
     -6.2017,
     43.57385
    ]
   },
   "properties": {
    "id": "w516090461",
    "name": "Playa de Oleiros",
    "type": "playa",
    "province": "Asturias",
    "size_m": 753,
    "coast_km": 0.16,
    "osm": "https://www.openstreetmap.org/way/516090461",
    "surface": "pebblestone"
   }
  },
  {
   "type": "Feature",
   "geometry": {
    "type": "Point",
    "coordinates": [
     -3.32166,
     43.4009
    ]
   },
   "properties": {
    "id": "w83639992",
    "name": "Playa de Oriñón",
    "type": "playa",
    "province": "Cantabria",
    "size_m": 1391,
    "coast_km": 0.48,
    "osm": "https://www.openstreetmap.org/way/83639992",
    "surface": "sand",
    "wikipedia": "es:Playa de Oriñon",
    "wikidata": "Q6078915",
    "tidal": "yes"
   }
  },
  {
   "type": "Feature",
   "geometry": {
    "type": "Point",
    "coordinates": [
     -3.22451,
     43.38687
    ]
   },
   "properties": {
    "id": "w56460542",
    "name": "Playa de Ostende o Urdiales",
    "type": "playa",
    "province": "Cantabria",
    "size_m": 692,
    "coast_km": 0.12,
    "osm": "https://www.openstreetmap.org/way/56460542",
    "wikipedia": "es:Playa de Ostende (Castro Urdiales)",
    "wikidata": "Q6078920",
    "tidal": "yes"
   }
  },
  {
   "type": "Feature",
   "geometry": {
    "type": "Point",
    "coordinates": [
     -4.32946,
     43.39402
    ]
   },
   "properties": {
    "id": "w61326060",
    "name": "Playa de Oyambre",
    "type": "playa",
    "province": "Cantabria",
    "size_m": 2134,
    "coast_km": 0.22,
    "osm": "https://www.openstreetmap.org/way/61326060",
    "surface": "sand",
    "wikipedia": "es:Playa de Oyambre",
    "wikidata": "Q6078924",
    "name_es": "Playa de Oyambre"
   }
  },
  {
   "type": "Feature",
   "geometry": {
    "type": "Point",
    "coordinates": [
     -4.80893,
     43.43325
    ]
   },
   "properties": {
    "id": "r2187455",
    "name": "Playa de Palombina",
    "type": "playa",
    "province": "Asturias",
    "size_m": 317,
    "coast_km": 0.04,
    "osm": "https://www.openstreetmap.org/relation/2187455",
    "surface": "sand",
    "wikidata": "Q18715438"
   }
  },
  {
   "type": "Feature",
   "geometry": {
    "type": "Point",
    "coordinates": [
     -6.82639,
     43.56404
    ]
   },
   "properties": {
    "id": "w1023791336",
    "name": "Playa de Permenande",
    "type": "cala",
    "province": "Asturias",
    "size_m": 101,
    "coast_km": 0.05,
    "osm": "https://www.openstreetmap.org/way/1023791336",
    "wikipedia": "es:Playa de Pormenande",
    "wikidata": "Q6078950"
   }
  },
  {
   "type": "Feature",
   "geometry": {
    "type": "Point",
    "coordinates": [
     -4.86043,
     43.44448
    ]
   },
   "properties": {
    "id": "w534536447",
    "name": "Playa de Pestaña",
    "type": "cala",
    "province": "Asturias",
    "size_m": 114,
    "coast_km": 0.02,
    "osm": "https://www.openstreetmap.org/way/534536447",
    "surface": "sand",
    "wikipedia": "es:Playa de Pestaña",
    "wikidata": "Q18418167"
   }
  },
  {
   "type": "Feature",
   "geometry": {
    "type": "Point",
    "coordinates": [
     -3.51537,
     43.48757
    ]
   },
   "properties": {
    "id": "w723116744",
    "name": "Playa de Peña Pombera",
    "type": "cala",
    "province": "Cantabria",
    "size_m": 141,
    "coast_km": 0.02,
    "osm": "https://www.openstreetmap.org/way/723116744",
    "surface": "sand",
    "tidal": "yes"
   }
  },
  {
   "type": "Feature",
   "geometry": {
    "type": "Point",
    "coordinates": [
     -6.24315,
     43.58897
    ]
   },
   "properties": {
    "id": "w520990635",
    "name": "Playa de Peñadoria",
    "type": "playa",
    "province": "Asturias",
    "size_m": 396,
    "coast_km": 0.09,
    "osm": "https://www.openstreetmap.org/way/520990635",
    "surface": "pebblestone"
   }
  },
  {
   "type": "Feature",
   "geometry": {
    "type": "Point",
    "coordinates": [
     -6.99682,
     43.55328
    ]
   },
   "properties": {
    "id": "w42731080",
    "name": "Playa de Peñarronda",
    "type": "playa",
    "province": "Asturias",
    "size_m": 796,
    "coast_km": 0.07,
    "osm": "https://www.openstreetmap.org/way/42731080",
    "surface": "sand",
    "wikidata": "Q6078938",
    "dog": "no"
   }
  },
  {
   "type": "Feature",
   "geometry": {
    "type": "Point",
    "coordinates": [
     -5.62411,
     43.55194
    ]
   },
   "properties": {
    "id": "w11308443",
    "name": "Playa de Peñarrubia",
    "type": "playa",
    "province": "Asturias",
    "size_m": 326,
    "coast_km": 0.17,
    "osm": "https://www.openstreetmap.org/way/11308443",
    "wikidata": "Q18933461"
   }
  },
  {
   "type": "Feature",
   "geometry": {
    "type": "Point",
    "coordinates": [
     -6.40435,
     43.55672
    ]
   },
   "properties": {
    "id": "w185302903",
    "name": "Playa de Pluminero o Quintana",
    "type": "playa",
    "province": "Asturias",
    "size_m": 706,
    "coast_km": 0.09,
    "osm": "https://www.openstreetmap.org/way/185302903"
   }
  },
  {
   "type": "Feature",
   "geometry": {
    "type": "Point",
    "coordinates": [
     -5.6733,
     43.54346
    ]
   },
   "properties": {
    "id": "r3556941",
    "name": "Playa de Poniente",
    "type": "playa",
    "province": "Asturias",
    "size_m": 807,
    "coast_km": 0.09,
    "osm": "https://www.openstreetmap.org/relation/3556941",
    "surface": "sand",
    "wikidata": "Q9060716"
   }
  },
  {
   "type": "Feature",
   "geometry": {
    "type": "Point",
    "coordinates": [
     -4.78501,
     43.4282
    ]
   },
   "properties": {
    "id": "w303092437",
    "name": "Playa de Poo",
    "type": "playa",
    "province": "Asturias",
    "size_m": 477,
    "coast_km": 0.03,
    "osm": "https://www.openstreetmap.org/way/303092437",
    "surface": "sand",
    "wikipedia": "es:Playa de Poo",
    "wikidata": "Q18729404"
   }
  },
  {
   "type": "Feature",
   "geometry": {
    "type": "Point",
    "coordinates": [
     -6.8764,
     43.56163
    ]
   },
   "properties": {
    "id": "w365977285",
    "name": "Playa de Porcía",
    "type": "playa",
    "province": "Asturias",
    "size_m": 366,
    "coast_km": 0.03,
    "osm": "https://www.openstreetmap.org/way/365977285",
    "wikidata": "Q6078948"
   }
  },
  {
   "type": "Feature",
   "geometry": {
    "type": "Point",
    "coordinates": [
     -3.93026,
     43.46999
    ]
   },
   "properties": {
    "id": "w224753683",
    "name": "Playa de Portío",
    "type": "playa",
    "province": "Cantabria",
    "size_m": 232,
    "coast_km": 0.02,
    "osm": "https://www.openstreetmap.org/way/224753683",
    "surface": "sand",
    "wikipedia": "es:Playa de Portío",
    "wikidata": "Q6083201"
   }
  },
  {
   "type": "Feature",
   "geometry": {
    "type": "Point",
    "coordinates": [
     -6.22547,
     43.58582
    ]
   },
   "properties": {
    "id": "w429393573",
    "name": "Playa de Puertochico",
    "type": "cala",
    "province": "Asturias",
    "size_m": 85,
    "coast_km": 0.03,
    "osm": "https://www.openstreetmap.org/way/429393573",
    "surface": "pebblestone"
   }
  },
  {
   "type": "Feature",
   "geometry": {
    "type": "Point",
    "coordinates": [
     -6.31608,
     43.56332
    ]
   },
   "properties": {
    "id": "w516090457",
    "name": "Playa de Pumarín",
    "type": "playa",
    "province": "Asturias",
    "size_m": 342,
    "coast_km": 0.13,
    "osm": "https://www.openstreetmap.org/way/516090457"
   }
  },
  {
   "type": "Feature",
   "geometry": {
    "type": "Point",
    "coordinates": [
     -4.08173,
     43.43387
    ]
   },
   "properties": {
    "id": "w651680851",
    "name": "Playa de Punta Ballota",
    "type": "playa",
    "province": "Cantabria",
    "size_m": 236,
    "coast_km": 0.03,
    "osm": "https://www.openstreetmap.org/way/651680851"
   }
  },
  {
   "type": "Feature",
   "geometry": {
    "type": "Point",
    "coordinates": [
     -6.93758,
     43.56991
    ]
   },
   "properties": {
    "id": "w42730893",
    "name": "Playa de Represas",
    "type": "playa",
    "province": "Asturias",
    "size_m": 283,
    "coast_km": 0.03,
    "osm": "https://www.openstreetmap.org/way/42730893",
    "wikidata": "Q17625327"
   }
  },
  {
   "type": "Feature",
   "geometry": {
    "type": "Point",
    "coordinates": [
     -6.03548,
     43.57996
    ]
   },
   "properties": {
    "id": "w1003275696",
    "name": "Playa de Requexinos",
    "type": "playa",
    "province": "Asturias",
    "size_m": 313,
    "coast_km": 0.1,
    "osm": "https://www.openstreetmap.org/way/1003275696",
    "surface": "sand",
    "name_ast": "Sablera de Requexinos"
   }
  },
  {
   "type": "Feature",
   "geometry": {
    "type": "Point",
    "coordinates": [
     -6.36657,
     43.55142
    ]
   },
   "properties": {
    "id": "w516090452",
    "name": "Playa de Ribón",
    "type": "cala",
    "province": "Asturias",
    "size_m": 128,
    "coast_km": 0.07,
    "osm": "https://www.openstreetmap.org/way/516090452",
    "wikipedia": "es:Playa de Ribón",
    "wikidata": "Q18224670",
    "alt_name": "Playa de los Cuervos"
   }
  },
  {
   "type": "Feature",
   "geometry": {
    "type": "Point",
    "coordinates": [
     -3.52365,
     43.49371
    ]
   },
   "properties": {
    "id": "w723116742",
    "name": "Playa de Ris",
    "type": "cala",
    "province": "Cantabria",
    "size_m": 165,
    "coast_km": 0.01,
    "osm": "https://www.openstreetmap.org/way/723116742",
    "surface": "sand",
    "wikipedia": "es:Playa de Ris",
    "wikidata": "Q6078966",
    "tidal": "yes"
   }
  },
  {
   "type": "Feature",
   "geometry": {
    "type": "Point",
    "coordinates": [
     -3.52979,
     43.49252
    ]
   },
   "properties": {
    "id": "w1201492286",
    "name": "Playa de Ris",
    "type": "playa",
    "province": "Cantabria",
    "size_m": 984,
    "coast_km": 0.04,
    "osm": "https://www.openstreetmap.org/way/1201492286",
    "surface": "sand",
    "wikipedia": "es:Playa de Ris",
    "wikidata": "Q6078966",
    "tidal": "yes"
   }
  },
  {
   "type": "Feature",
   "geometry": {
    "type": "Point",
    "coordinates": [
     -3.9831,
     43.44336
    ]
   },
   "properties": {
    "id": "w201950091",
    "name": "Playa de Robayera",
    "type": "playa",
    "province": "Cantabria",
    "size_m": 298,
    "coast_km": 0.03,
    "osm": "https://www.openstreetmap.org/way/201950091",
    "wikipedia": "es:Robayera",
    "wikidata": "Q6109361",
    "alt_name": "Playa de Rubayera"
   }
  },
  {
   "type": "Feature",
   "geometry": {
    "type": "Point",
    "coordinates": [
     -5.38021,
     43.53393
    ]
   },
   "properties": {
    "id": "w319610737",
    "name": "Playa de Rodiles",
    "type": "playa",
    "province": "Asturias",
    "size_m": 1025,
    "coast_km": 0.19,
    "osm": "https://www.openstreetmap.org/way/319610737",
    "surface": "sand",
    "wikidata": "Q6078968"
   }
  },
  {
   "type": "Feature",
   "geometry": {
    "type": "Point",
    "coordinates": [
     -6.60307,
     43.556
    ]
   },
   "properties": {
    "id": "w516108472",
    "name": "Playa de Sabugo",
    "type": "playa",
    "province": "Asturias",
    "size_m": 238,
    "coast_km": 0.07,
    "osm": "https://www.openstreetmap.org/way/516108472",
    "name_es": "Playa de Sabugo"
   }
  },
  {
   "type": "Feature",
   "geometry": {
    "type": "Point",
    "coordinates": [
     -6.54141,
     43.54967
    ]
   },
   "properties": {
    "id": "w93411417",
    "name": "Playa de Salinas",
    "type": "playa",
    "province": "Asturias",
    "size_m": 305,
    "coast_km": 0.12,
    "osm": "https://www.openstreetmap.org/way/93411417"
   }
  },
  {
   "type": "Feature",
   "geometry": {
    "type": "Point",
    "coordinates": [
     -5.7892,
     43.61229
    ]
   },
   "properties": {
    "id": "w268923112",
    "name": "Playa de Samarincha",
    "type": "cala",
    "province": "Asturias",
    "size_m": 138,
    "coast_km": 0.04,
    "osm": "https://www.openstreetmap.org/way/268923112"
   }
  },
  {
   "type": "Feature",
   "geometry": {
    "type": "Point",
    "coordinates": [
     -4.86954,
     43.44272
    ]
   },
   "properties": {
    "id": "w81243650",
    "name": "Playa de San Antolín de Bedón",
    "type": "playa",
    "province": "Asturias",
    "size_m": 1206,
    "coast_km": 0.08,
    "osm": "https://www.openstreetmap.org/way/81243650",
    "surface": "sand",
    "wikidata": "Q6078983"
   }
  },
  {
   "type": "Feature",
   "geometry": {
    "type": "Point",
    "coordinates": [
     -4.92811,
     43.45948
    ]
   },
   "properties": {
    "id": "w173310395",
    "name": "Playa de San Antonio del Mar",
    "type": "cala",
    "province": "Asturias",
    "size_m": 154,
    "coast_km": 0.03,
    "osm": "https://www.openstreetmap.org/way/173310395",
    "surface": "sand",
    "wikidata": "Q18714129"
   }
  },
  {
   "type": "Feature",
   "geometry": {
    "type": "Point",
    "coordinates": [
     -5.9192,
     43.58507
    ]
   },
   "properties": {
    "id": "w1056463218",
    "name": "Playa de San Balandrán",
    "type": "playa",
    "province": "Asturias",
    "size_m": 322,
    "coast_km": 1.66,
    "osm": "https://www.openstreetmap.org/way/1056463218"
   }
  },
  {
   "type": "Feature",
   "geometry": {
    "type": "Point",
    "coordinates": [
     -6.23567,
     43.59094
    ]
   },
   "properties": {
    "id": "w656011795",
    "name": "Playa de San Cidiello",
    "type": "playa",
    "province": "Asturias",
    "size_m": 396,
    "coast_km": 0.09,
    "osm": "https://www.openstreetmap.org/way/656011795"
   }
  },
  {
   "type": "Feature",
   "geometry": {
    "type": "Point",
    "coordinates": [
     -3.89333,
     43.47385
    ]
   },
   "properties": {
    "id": "w38834953",
    "name": "Playa de San Juan de la Canal",
    "type": "playa",
    "province": "Cantabria",
    "size_m": 236,
    "coast_km": 0.07,
    "osm": "https://www.openstreetmap.org/way/38834953",
    "wikidata": "Q6078992",
    "alt_name": "Playa de la Casuca"
   }
  },
  {
   "type": "Feature",
   "geometry": {
    "type": "Point",
    "coordinates": [
     -3.37051,
     43.41278
    ]
   },
   "properties": {
    "id": "w54513375",
    "name": "Playa de San Julián",
    "type": "cala",
    "province": "Cantabria",
    "size_m": 189,
    "coast_km": 0.08,
    "osm": "https://www.openstreetmap.org/way/54513375",
    "wikipedia": "es:Playa de San Julián (Liendo)",
    "wikidata": "Q6078994"
   }
  },
  {
   "type": "Feature",
   "geometry": {
    "type": "Point",
    "coordinates": [
     -5.65287,
     43.54277
    ]
   },
   "properties": {
    "id": "w517332406",
    "name": "Playa de San Lorenzo",
    "type": "playa",
    "province": "Asturias",
    "size_m": 1521,
    "coast_km": 0.14,
    "osm": "https://www.openstreetmap.org/way/517332406",
    "surface": "sand",
    "wikidata": "Q9060729",
    "dog": "no",
    "name_ast": "Playa de San Llorienzu"
   }
  },
  {
   "type": "Feature",
   "geometry": {
    "type": "Point",
    "coordinates": [
     -4.79217,
     43.43104
    ]
   },
   "properties": {
    "id": "w363467722",
    "name": "Playa de San Martín",
    "type": "cala",
    "province": "Asturias",
    "size_m": 82,
    "coast_km": 0.01,
    "osm": "https://www.openstreetmap.org/way/363467722",
    "wikidata": "Q5555397"
   }
  },
  {
   "type": "Feature",
   "geometry": {
    "type": "Point",
    "coordinates": [
     -3.44545,
     43.43858
    ]
   },
   "properties": {
    "id": "w678751140",
    "name": "Playa de San Martín",
    "type": "playa",
    "province": "Cantabria",
    "size_m": 345,
    "coast_km": 0.04,
    "osm": "https://www.openstreetmap.org/way/678751140"
   }
  },
  {
   "type": "Feature",
   "geometry": {
    "type": "Point",
    "coordinates": [
     -6.22017,
     43.57842
    ]
   },
   "properties": {
    "id": "w357946684",
    "name": "Playa de San Pedru la Ribera",
    "type": "playa",
    "province": "Asturias",
    "size_m": 489,
    "coast_km": 0.1,
    "osm": "https://www.openstreetmap.org/way/357946684",
    "wikidata": "Q19672833",
    "name_es": "Playa de San Pedro de la Ribera",
    "name_ast": "Playa de San Pedru la Ribera"
   }
  },
  {
   "type": "Feature",
   "geometry": {
    "type": "Point",
    "coordinates": [
     -6.98764,
     43.55568
    ]
   },
   "properties": {
    "id": "w42730982",
    "name": "Playa de Santa Gadea",
    "type": "playa",
    "province": "Asturias",
    "size_m": 272,
    "coast_km": 0.09,
    "osm": "https://www.openstreetmap.org/way/42730982",
    "surface": "sand",
    "dog": "no",
    "alt_name": "A Ribeiria"
   }
  },
  {
   "type": "Feature",
   "geometry": {
    "type": "Point",
    "coordinates": [
     -4.0985,
     43.42468
    ]
   },
   "properties": {
    "id": "w651680856",
    "name": "Playa de Santa Justa",
    "type": "cala",
    "province": "Cantabria",
    "size_m": 183,
    "coast_km": 0.02,
    "osm": "https://www.openstreetmap.org/way/651680856",
    "wikidata": "Q6079008"
   }
  },
  {
   "type": "Feature",
   "geometry": {
    "type": "Point",
    "coordinates": [
     -5.06897,
     43.46669
    ]
   },
   "properties": {
    "id": "r1554416",
    "name": "Playa de Santa Marina",
    "type": "playa",
    "province": "Asturias",
    "size_m": 1231,
    "coast_km": 0.18,
    "osm": "https://www.openstreetmap.org/relation/1554416",
    "wikipedia": "es:Playa de Santa Marina",
    "wikidata": "Q18762206",
    "wheelchair": "yes"
   }
  },
  {
   "type": "Feature",
   "geometry": {
    "type": "Point",
    "coordinates": [
     -5.99785,
     43.57376
    ]
   },
   "properties": {
    "id": "w36867838",
    "name": "Playa de Santa María del Mar",
    "type": "playa",
    "province": "Asturias",
    "size_m": 269,
    "coast_km": 0.05,
    "osm": "https://www.openstreetmap.org/way/36867838"
   }
  },
  {
   "type": "Feature",
   "geometry": {
    "type": "Point",
    "coordinates": [
     -6.97555,
     43.55603
    ]
   },
   "properties": {
    "id": "w516108477",
    "name": "Playa de Serantes",
    "type": "playa",
    "province": "Asturias",
    "size_m": 590,
    "coast_km": 0.02,
    "osm": "https://www.openstreetmap.org/way/516108477",
    "name_es": "Playa de Serantes"
   }
  },
  {
   "type": "Feature",
   "geometry": {
    "type": "Point",
    "coordinates": [
     -5.61384,
     43.55447
    ]
   },
   "properties": {
    "id": "w651671842",
    "name": "Playa de Serin",
    "type": "playa",
    "province": "Asturias",
    "size_m": 220,
    "coast_km": 0.09,
    "osm": "https://www.openstreetmap.org/way/651671842",
    "surface": "sand"
   }
  },
  {
   "type": "Feature",
   "geometry": {
    "type": "Point",
    "coordinates": [
     -5.6104,
     43.55053
    ]
   },
   "properties": {
    "id": "w86366229",
    "name": "Playa de Serín",
    "type": "playa",
    "province": "Asturias",
    "size_m": 355,
    "coast_km": 0.08,
    "osm": "https://www.openstreetmap.org/way/86366229",
    "surface": "sand"
   }
  },
  {
   "type": "Feature",
   "geometry": {
    "type": "Point",
    "coordinates": [
     -6.32905,
     43.56072
    ]
   },
   "properties": {
    "id": "w516090454",
    "name": "Playa de Sienra",
    "type": "cala",
    "province": "Asturias",
    "size_m": 175,
    "coast_km": 0.16,
    "osm": "https://www.openstreetmap.org/way/516090454"
   }
  },
  {
   "type": "Feature",
   "geometry": {
    "type": "Point",
    "coordinates": [
     -3.73571,
     43.45945
    ]
   },
   "properties": {
    "id": "w516058323",
    "name": "Playa de Somo",
    "type": "playa",
    "province": "Cantabria",
    "size_m": 1683,
    "coast_km": 0.13,
    "osm": "https://www.openstreetmap.org/way/516058323",
    "surface": "sand",
    "wikipedia": "es:Playa de Somo",
    "wikidata": "Q6079020",
    "name_es": "Playa de Somo"
   }
  },
  {
   "type": "Feature",
   "geometry": {
    "type": "Point",
    "coordinates": [
     -3.94493,
     43.46928
    ]
   },
   "properties": {
    "id": "w235896376",
    "name": "Playa de Somocuevas",
    "type": "cala",
    "province": "Cantabria",
    "size_m": 151,
    "coast_km": 0.04,
    "osm": "https://www.openstreetmap.org/way/235896376",
    "surface": "sand",
    "wikipedia": "es:Playa de Somocuevas",
    "wikidata": "Q6079022",
    "lifeguard": "yes",
    "nudism": "yes",
    "supervised": "no"
   }
  },
  {
   "type": "Feature",
   "geometry": {
    "type": "Point",
    "coordinates": [
     -3.3351,
     43.41226
    ]
   },
   "properties": {
    "id": "w83639988",
    "name": "Playa de Sonabia",
    "type": "playa",
    "province": "Cantabria",
    "size_m": 308,
    "coast_km": 0.09,
    "osm": "https://www.openstreetmap.org/way/83639988",
    "wikipedia": "es:Arenal de Sonabia",
    "wikidata": "Q5703454",
    "name_es": "Playa de Sonabia"
   }
  },
  {
   "type": "Feature",
   "geometry": {
    "type": "Point",
    "coordinates": [
     -6.35701,
     43.55114
    ]
   },
   "properties": {
    "id": "w516090462",
    "name": "Playa de Tablizo",
    "type": "playa",
    "province": "Asturias",
    "size_m": 496,
    "coast_km": 0.15,
    "osm": "https://www.openstreetmap.org/way/516090462",
    "wikidata": "Q18224676"
   }
  },
  {
   "type": "Feature",
   "geometry": {
    "type": "Point",
    "coordinates": [
     -6.55773,
     43.55026
    ]
   },
   "properties": {
    "id": "w93549837",
    "name": "Playa de Taurán",
    "type": "cala",
    "province": "Asturias",
    "size_m": 118,
    "coast_km": 0.03,
    "osm": "https://www.openstreetmap.org/way/93549837",
    "wikidata": "Q18224678"
   }
  },
  {
   "type": "Feature",
   "geometry": {
    "type": "Point",
    "coordinates": [
     -5.39945,
     43.54468
    ]
   },
   "properties": {
    "id": "w642587768",
    "name": "Playa de Tazones",
    "type": "cala",
    "province": "Asturias",
    "size_m": 191,
    "coast_km": 0.09,
    "osm": "https://www.openstreetmap.org/way/642587768",
    "surface": "sand",
    "wikidata": "Q6079035"
   }
  },
  {
   "type": "Feature",
   "geometry": {
    "type": "Point",
    "coordinates": [
     -6.78213,
     43.55842
    ]
   },
   "properties": {
    "id": "w429181822",
    "name": "Playa de Torbas",
    "type": "playa",
    "province": "Asturias",
    "size_m": 574,
    "coast_km": 0.05,
    "osm": "https://www.openstreetmap.org/way/429181822",
    "wikidata": "Q17625353"
   }
  },
  {
   "type": "Feature",
   "geometry": {
    "type": "Point",
    "coordinates": [
     -4.74347,
     43.41685
    ]
   },
   "properties": {
    "id": "w42202282",
    "name": "Playa de Toró",
    "type": "playa",
    "province": "Asturias",
    "size_m": 262,
    "coast_km": 0.01,
    "osm": "https://www.openstreetmap.org/way/42202282",
    "surface": "sand",
    "wikidata": "Q18748393"
   }
  },
  {
   "type": "Feature",
   "geometry": {
    "type": "Point",
    "coordinates": [
     -3.51132,
     43.47782
    ]
   },
   "properties": {
    "id": "w159093320",
    "name": "Playa de Tregandín",
    "type": "playa",
    "province": "Cantabria",
    "size_m": 1452,
    "coast_km": 0.08,
    "osm": "https://www.openstreetmap.org/way/159093320",
    "surface": "sand",
    "wikipedia": "es:Playa de Tregandín",
    "wikidata": "Q6152065",
    "tidal": "yes"
   }
  },
  {
   "type": "Feature",
   "geometry": {
    "type": "Point",
    "coordinates": [
     -4.81815,
     43.43688
    ]
   },
   "properties": {
    "id": "w163995475",
    "name": "Playa de Troenzo",
    "type": "playa",
    "province": "Asturias",
    "size_m": 272,
    "coast_km": 0.08,
    "osm": "https://www.openstreetmap.org/way/163995475",
    "surface": "sand",
    "wikidata": "Q18713987",
    "access": "yes"
   }
  },
  {
   "type": "Feature",
   "geometry": {
    "type": "Point",
    "coordinates": [
     -4.00079,
     43.43941
    ]
   },
   "properties": {
    "id": "w110014959",
    "name": "Playa de Usgo",
    "type": "playa",
    "province": "Cantabria",
    "size_m": 417,
    "coast_km": 0.02,
    "osm": "https://www.openstreetmap.org/way/110014959",
    "wikipedia": "es:Playa de Usgo",
    "wikidata": "Q6079062"
   }
  },
  {
   "type": "Feature",
   "geometry": {
    "type": "Point",
    "coordinates": [
     -3.97111,
     43.44479
    ]
   },
   "properties": {
    "id": "w201943677",
    "name": "Playa de Valdearenas",
    "type": "playa",
    "province": "Cantabria",
    "size_m": 1837,
    "coast_km": 0.25,
    "osm": "https://www.openstreetmap.org/way/201943677",
    "surface": "sand",
    "wikipedia": "es:Playa de Valdearenas",
    "wikidata": "Q3966673",
    "description": "La zona nudista se sitúa entre las dunas y la desembocadura de la ría de Mogro, en la más alejada de la zona de aparcamiento.",
    "name_es": "Playa de Valdearenas"
   }
  },
  {
   "type": "Feature",
   "geometry": {
    "type": "Point",
    "coordinates": [
     -6.25983,
     43.57758
    ]
   },
   "properties": {
    "id": "w554747277",
    "name": "Playa de Vallina o del Gallo",
    "type": "playa",
    "province": "Asturias",
    "size_m": 980,
    "coast_km": 0.14,
    "osm": "https://www.openstreetmap.org/way/554747277",
    "surface": "pebblestone"
   }
  },
  {
   "type": "Feature",
   "geometry": {
    "type": "Point",
    "coordinates": [
     -5.14232,
     43.48019
    ]
   },
   "properties": {
    "id": "w144652811",
    "name": "Playa de Vega",
    "type": "playa",
    "province": "Asturias",
    "size_m": 1822,
    "coast_km": 0.14,
    "osm": "https://www.openstreetmap.org/way/144652811",
    "surface": "sand",
    "alt_name": "Playa de Berbes"
   }
  },
  {
   "type": "Feature",
   "geometry": {
    "type": "Point",
    "coordinates": [
     -5.87691,
     43.62631
    ]
   },
   "properties": {
    "id": "w36867798",
    "name": "Playa de Verdicio",
    "type": "playa",
    "province": "Asturias",
    "size_m": 514,
    "coast_km": 0.06,
    "osm": "https://www.openstreetmap.org/way/36867798",
    "surface": "sand",
    "wikidata": "Q19360708"
   }
  },
  {
   "type": "Feature",
   "geometry": {
    "type": "Point",
    "coordinates": [
     -4.65274,
     43.40065
    ]
   },
   "properties": {
    "id": "w1159146267",
    "name": "Playa de Vidiago",
    "type": "playa",
    "province": "Asturias",
    "size_m": 220,
    "coast_km": 0.05,
    "osm": "https://www.openstreetmap.org/way/1159146267",
    "surface": "sand",
    "wikipedia": "es:Playa de Vidiago",
    "wikidata": "Q18759103"
   }
  },
  {
   "type": "Feature",
   "geometry": {
    "type": "Point",
    "coordinates": [
     -4.94496,
     43.45875
    ]
   },
   "properties": {
    "id": "w503746748",
    "name": "Playa de Villaneuva",
    "type": "cala",
    "province": "Asturias",
    "size_m": 44,
    "coast_km": 0.05,
    "osm": "https://www.openstreetmap.org/way/503746748",
    "surface": "sand",
    "wikidata": "Q18418169",
    "lifeguard": "no",
    "alt_name": "Playa La Canal",
    "supervised": "no"
   }
  },
  {
   "type": "Feature",
   "geometry": {
    "type": "Point",
    "coordinates": [
     -6.25172,
     43.58035
    ]
   },
   "properties": {
    "id": "w496506935",
    "name": "Playa de Vivigo",
    "type": "playa",
    "province": "Asturias",
    "size_m": 491,
    "coast_km": 0.05,
    "osm": "https://www.openstreetmap.org/way/496506935"
   }
  },
  {
   "type": "Feature",
   "geometry": {
    "type": "Point",
    "coordinates": [
     -5.92089,
     43.60394
    ]
   },
   "properties": {
    "id": "w36867824",
    "name": "Playa de Xagó",
    "type": "playa",
    "province": "Asturias",
    "size_m": 1971,
    "coast_km": 0.27,
    "osm": "https://www.openstreetmap.org/way/36867824",
    "surface": "sand",
    "wikidata": "Q6079079"
   }
  },
  {
   "type": "Feature",
   "geometry": {
    "type": "Point",
    "coordinates": [
     -6.11303,
     43.55515
    ]
   },
   "properties": {
    "id": "r5329406",
    "name": "Playa de Xilo - Veneiro",
    "type": "playa",
    "province": "Asturias",
    "size_m": 266,
    "coast_km": 0.06,
    "osm": "https://www.openstreetmap.org/relation/5329406",
    "surface": "sand"
   }
  },
  {
   "type": "Feature",
   "geometry": {
    "type": "Point",
    "coordinates": [
     -3.58133,
     43.50355
    ]
   },
   "properties": {
    "id": "r2129524",
    "name": "Playa de la Arena",
    "type": "playa",
    "province": "Cantabria",
    "size_m": 1164,
    "coast_km": 0.11,
    "osm": "https://www.openstreetmap.org/relation/2129524",
    "wikidata": "Q5962016",
    "nudism": "yes"
   }
  },
  {
   "type": "Feature",
   "geometry": {
    "type": "Point",
    "coordinates": [
     -4.50889,
     43.39346
    ]
   },
   "properties": {
    "id": "w651679116",
    "name": "Playa de la Arenas",
    "type": "cala",
    "province": "Cantabria",
    "size_m": 151,
    "coast_km": 0.04,
    "osm": "https://www.openstreetmap.org/way/651679116",
    "wikipedia": "es:Playa de Las Arenas (Val de San Vicente)",
    "wikidata": "Q6079155"
   }
  },
  {
   "type": "Feature",
   "geometry": {
    "type": "Point",
    "coordinates": [
     -5.05477,
     43.46447
    ]
   },
   "properties": {
    "id": "w60905207",
    "name": "Playa de la Atalaya",
    "type": "cala",
    "province": "Asturias",
    "size_m": 194,
    "coast_km": 0.05,
    "osm": "https://www.openstreetmap.org/way/60905207",
    "wikipedia": "es:Playa de La Atalaya",
    "wikidata": "Q18763692"
   }
  },
  {
   "type": "Feature",
   "geometry": {
    "type": "Point",
    "coordinates": [
     -6.03209,
     43.5838
    ]
   },
   "properties": {
    "id": "w1179664435",
    "name": "Playa de la Barca",
    "type": "cala",
    "province": "Asturias",
    "size_m": 185,
    "coast_km": 0.03,
    "osm": "https://www.openstreetmap.org/way/1179664435"
   }
  },
  {
   "type": "Feature",
   "geometry": {
    "type": "Point",
    "coordinates": [
     -5.86641,
     43.63225
    ]
   },
   "properties": {
    "id": "w516874767",
    "name": "Playa de la Cabaña",
    "type": "playa",
    "province": "Asturias",
    "size_m": 353,
    "coast_km": 0.13,
    "osm": "https://www.openstreetmap.org/way/516874767",
    "wikidata": "Q19604171"
   }
  },
  {
   "type": "Feature",
   "geometry": {
    "type": "Point",
    "coordinates": [
     -3.54869,
     43.4909
    ]
   },
   "properties": {
    "id": "w1302224266",
    "name": "Playa de la Cava",
    "type": "cala",
    "province": "Cantabria",
    "size_m": 26,
    "coast_km": 0.71,
    "osm": "https://www.openstreetmap.org/way/1302224266",
    "surface": "sand"
   }
  },
  {
   "type": "Feature",
   "geometry": {
    "type": "Point",
    "coordinates": [
     -4.04051,
     43.43571
    ]
   },
   "properties": {
    "id": "w53881236",
    "name": "Playa de la Concha",
    "type": "playa",
    "province": "Cantabria",
    "size_m": 863,
    "coast_km": 0.2,
    "osm": "https://www.openstreetmap.org/way/53881236",
    "wikipedia": "es:Playa de La Concha (Suances)",
    "wikidata": "Q6078797"
   }
  },
  {
   "type": "Feature",
   "geometry": {
    "type": "Point",
    "coordinates": [
     -6.13274,
     43.55852
    ]
   },
   "properties": {
    "id": "w656025083",
    "name": "Playa de la Conchiquina",
    "type": "cala",
    "province": "Asturias",
    "size_m": 128,
    "coast_km": 0.02,
    "osm": "https://www.openstreetmap.org/way/656025083",
    "surface": "stone",
    "wikidata": "Q18649786"
   }
  },
  {
   "type": "Feature",
   "geometry": {
    "type": "Point",
    "coordinates": [
     -6.42117,
     43.5541
    ]
   },
   "properties": {
    "id": "w516108471",
    "name": "Playa de la Estaca o Perceberos",
    "type": "playa",
    "province": "Asturias",
    "size_m": 575,
    "coast_km": 0.18,
    "osm": "https://www.openstreetmap.org/way/516108471",
    "surface": "pebblestone"
   }
  },
  {
   "type": "Feature",
   "geometry": {
    "type": "Point",
    "coordinates": [
     -4.57711,
     43.39271
    ]
   },
   "properties": {
    "id": "r2190763",
    "name": "Playa de la Franca",
    "type": "playa",
    "province": "Asturias",
    "size_m": 499,
    "coast_km": 0.1,
    "osm": "https://www.openstreetmap.org/relation/2190763",
    "surface": "sand",
    "wikidata": "Q5963423"
   }
  },
  {
   "type": "Feature",
   "geometry": {
    "type": "Point",
    "coordinates": [
     -4.57449,
     43.3944
    ]
   },
   "properties": {
    "id": "r10191243",
    "name": "Playa de la Franca",
    "type": "playa",
    "province": "Asturias",
    "size_m": 537,
    "coast_km": 0.1,
    "osm": "https://www.openstreetmap.org/relation/10191243",
    "surface": "sand"
   }
  },
  {
   "type": "Feature",
   "geometry": {
    "type": "Point",
    "coordinates": [
     -5.22411,
     43.4798
    ]
   },
   "properties": {
    "id": "w144622324",
    "name": "Playa de la Isla",
    "type": "playa",
    "province": "Asturias",
    "size_m": 604,
    "coast_km": 0.07,
    "osm": "https://www.openstreetmap.org/way/144622324",
    "surface": "sand",
    "wikipedia": "es:Playa de La Isla",
    "wikidata": "Q6079129"
   }
  },
  {
   "type": "Feature",
   "geometry": {
    "type": "Point",
    "coordinates": [
     -3.77218,
     43.46748
    ]
   },
   "properties": {
    "id": "w28423269",
    "name": "Playa de la Magdalena",
    "type": "playa",
    "province": "Cantabria",
    "size_m": 366,
    "coast_km": 0.04,
    "osm": "https://www.openstreetmap.org/way/28423269",
    "surface": "sand",
    "wikipedia": "es:Playa de La Magdalena",
    "wikidata": "Q6078808"
   }
  },
  {
   "type": "Feature",
   "geometry": {
    "type": "Point",
    "coordinates": [
     -4.39034,
     43.38345
    ]
   },
   "properties": {
    "id": "w108476990",
    "name": "Playa de la Maza",
    "type": "playa",
    "province": "Cantabria",
    "size_m": 376,
    "coast_km": 1.04,
    "osm": "https://www.openstreetmap.org/way/108476990",
    "wikipedia": "es:Playa de La Maza",
    "wikidata": "Q5964309",
    "dog": "yes",
    "alt_name": "Playa de los Vagos"
   }
  },
  {
   "type": "Feature",
   "geometry": {
    "type": "Point",
    "coordinates": [
     -6.9571,
     43.56324
    ]
   },
   "properties": {
    "id": "r1394718",
    "name": "Playa de la Paloma",
    "type": "playa",
    "province": "Asturias",
    "size_m": 480,
    "coast_km": 0.07,
    "osm": "https://www.openstreetmap.org/relation/1394718"
   }
  },
  {
   "type": "Feature",
   "geometry": {
    "type": "Point",
    "coordinates": [
     -6.49473,
     43.54962
    ]
   },
   "properties": {
    "id": "w236596251",
    "name": "Playa de la Polea",
    "type": "playa",
    "province": "Asturias",
    "size_m": 285,
    "coast_km": 0.14,
    "osm": "https://www.openstreetmap.org/way/236596251"
   }
  },
  {
   "type": "Feature",
   "geometry": {
    "type": "Point",
    "coordinates": [
     -4.03541,
     43.4315
    ]
   },
   "properties": {
    "id": "w73504227",
    "name": "Playa de la Ribera",
    "type": "playa",
    "province": "Cantabria",
    "size_m": 270,
    "coast_km": 0.4,
    "osm": "https://www.openstreetmap.org/way/73504227",
    "wikipedia": "es:Playa de La Ribera (Suances)",
    "wikidata": "Q6078826"
   }
  },
  {
   "type": "Feature",
   "geometry": {
    "type": "Point",
    "coordinates": [
     -5.79137,
     43.61426
    ]
   },
   "properties": {
    "id": "w1107387642",
    "name": "Playa de la Ribera",
    "type": "playa",
    "province": "Asturias",
    "size_m": 251,
    "coast_km": 0.04,
    "osm": "https://www.openstreetmap.org/way/1107387642",
    "surface": "sand"
   }
  },
  {
   "type": "Feature",
   "geometry": {
    "type": "Point",
    "coordinates": [
     -4.03466,
     43.42766
    ]
   },
   "properties": {
    "id": "w73115979",
    "name": "Playa de la Riberuca",
    "type": "playa",
    "province": "Cantabria",
    "size_m": 289,
    "coast_km": 0.82,
    "osm": "https://www.openstreetmap.org/way/73115979",
    "wikidata": "Q5965104"
   }
  },
  {
   "type": "Feature",
   "geometry": {
    "type": "Point",
    "coordinates": [
     -3.43447,
     43.42309
    ]
   },
   "properties": {
    "id": "w159113808",
    "name": "Playa de la Salvé",
    "type": "playa",
    "province": "Cantabria",
    "size_m": 4105,
    "coast_km": 0.77,
    "osm": "https://www.openstreetmap.org/way/159113808",
    "surface": "sand",
    "wikipedia": "es:La Salvé",
    "wikidata": "Q5965192",
    "lifeguard": "yes",
    "description": "La Playa de La Salvé se extiende a lo largo de 4.250 metros,​ paralela al ensanche de Laredo, entre el antiguo puerto (\"El Canto\") y la punta de arena (\"El Puntal\") que enmarca por el sur la bahía de Santoña."
   }
  },
  {
   "type": "Feature",
   "geometry": {
    "type": "Point",
    "coordinates": [
     -4.05581,
     43.43445
    ]
   },
   "properties": {
    "id": "w1498130338",
    "name": "Playa de la Tablía",
    "type": "playa",
    "province": "Cantabria",
    "size_m": 419,
    "coast_km": 0.02,
    "osm": "https://www.openstreetmap.org/way/1498130338"
   }
  },
  {
   "type": "Feature",
   "geometry": {
    "type": "Point",
    "coordinates": [
     -3.87691,
     43.47721
    ]
   },
   "properties": {
    "id": "w356128878",
    "name": "Playa de la Virgen del Mar",
    "type": "playa",
    "province": "Cantabria",
    "size_m": 410,
    "coast_km": 0.0,
    "osm": "https://www.openstreetmap.org/way/356128878",
    "wikipedia": "es:Playa de la Virgen del Mar",
    "wikidata": "Q2841948"
   }
  },
  {
   "type": "Feature",
   "geometry": {
    "type": "Point",
    "coordinates": [
     -4.93664,
     43.45709
    ]
   },
   "properties": {
    "id": "w25924040",
    "name": "Playa de las Cuevas del Mar",
    "type": "playa",
    "province": "Asturias",
    "size_m": 338,
    "coast_km": 0.08,
    "osm": "https://www.openstreetmap.org/way/25924040",
    "surface": "sand",
    "wikipedia": "es:Playa de Cuevas del Mar",
    "wikidata": "Q18418160"
   }
  },
  {
   "type": "Feature",
   "geometry": {
    "type": "Point",
    "coordinates": [
     -4.80823,
     43.43222
    ]
   },
   "properties": {
    "id": "r2187449",
    "name": "Playa de las Cámaras",
    "type": "playa",
    "province": "Asturias",
    "size_m": 296,
    "coast_km": 0.03,
    "osm": "https://www.openstreetmap.org/relation/2187449",
    "surface": "sand",
    "access": "yes"
   }
  },
  {
   "type": "Feature",
   "geometry": {
    "type": "Point",
    "coordinates": [
     -6.1652,
     43.56771
    ]
   },
   "properties": {
    "id": "w656025077",
    "name": "Playa de las Rubias",
    "type": "playa",
    "province": "Asturias",
    "size_m": 542,
    "coast_km": 0.16,
    "osm": "https://www.openstreetmap.org/way/656025077"
   }
  },
  {
   "type": "Feature",
   "geometry": {
    "type": "Point",
    "coordinates": [
     -3.54236,
     43.49623
    ]
   },
   "properties": {
    "id": "w44908433",
    "name": "Playa de los Barcos",
    "type": "cala",
    "province": "Cantabria",
    "size_m": 70,
    "coast_km": 0.12,
    "osm": "https://www.openstreetmap.org/way/44908433"
   }
  },
  {
   "type": "Feature",
   "geometry": {
    "type": "Point",
    "coordinates": [
     -3.54309,
     43.49585
    ]
   },
   "properties": {
    "id": "w437341777",
    "name": "Playa de los Barcos",
    "type": "cala",
    "province": "Cantabria",
    "size_m": 67,
    "coast_km": 0.19,
    "osm": "https://www.openstreetmap.org/way/437341777",
    "wikidata": "Q6078866"
   }
  },
  {
   "type": "Feature",
   "geometry": {
    "type": "Point",
    "coordinates": [
     -3.76808,
     43.46725
    ]
   },
   "properties": {
    "id": "w197777972",
    "name": "Playa de los Bikinis",
    "type": "playa",
    "province": "Cantabria",
    "size_m": 393,
    "coast_km": 0.01,
    "osm": "https://www.openstreetmap.org/way/197777972",
    "surface": "sand",
    "wikipedia": "es:Playa de los Bikinis",
    "wikidata": "Q6079183"
   }
  },
  {
   "type": "Feature",
   "geometry": {
    "type": "Point",
    "coordinates": [
     -4.0232,
     43.44225
    ]
   },
   "properties": {
    "id": "w73655493",
    "name": "Playa de los Caballos",
    "type": "playa",
    "province": "Cantabria",
    "size_m": 297,
    "coast_km": 0.02,
    "osm": "https://www.openstreetmap.org/way/73655493",
    "wikipedia": "es:Playa de los Caballos",
    "wikidata": "Q6079187",
    "alt_name": "Playa de Umbreda"
   }
  },
  {
   "type": "Feature",
   "geometry": {
    "type": "Point",
    "coordinates": [
     -3.83573,
     43.482
    ]
   },
   "properties": {
    "id": "w1283201940",
    "name": "Playa de los Carabineros",
    "type": "cala",
    "province": "Cantabria",
    "size_m": 44,
    "coast_km": 0.02,
    "osm": "https://www.openstreetmap.org/way/1283201940"
   }
  },
  {
   "type": "Feature",
   "geometry": {
    "type": "Point",
    "coordinates": [
     -6.38214,
     43.55622
    ]
   },
   "properties": {
    "id": "w837818754",
    "name": "Playa de los Castros",
    "type": "playa",
    "province": "Asturias",
    "size_m": 382,
    "coast_km": 0.1,
    "osm": "https://www.openstreetmap.org/way/837818754",
    "wikipedia": "es:Playa de Los Castros",
    "wikidata": "Q18224659"
   }
  },
  {
   "type": "Feature",
   "geometry": {
    "type": "Point",
    "coordinates": [
     -4.80674,
     43.43219
    ]
   },
   "properties": {
    "id": "r2187450",
    "name": "Playa de los Curas",
    "type": "cala",
    "province": "Asturias",
    "size_m": 195,
    "coast_km": 0.05,
    "osm": "https://www.openstreetmap.org/relation/2187450",
    "surface": "sand",
    "access": "yes"
   }
  },
  {
   "type": "Feature",
   "geometry": {
    "type": "Point",
    "coordinates": [
     -6.0868,
     43.56194
    ]
   },
   "properties": {
    "id": "w656025073",
    "name": "Playa de los Espinos",
    "type": "cala",
    "province": "Asturias",
    "size_m": 118,
    "coast_km": 0.05,
    "osm": "https://www.openstreetmap.org/way/656025073"
   }
  },
  {
   "type": "Feature",
   "geometry": {
    "type": "Point",
    "coordinates": [
     -4.04756,
     43.43864
    ]
   },
   "properties": {
    "id": "w651680854",
    "name": "Playa de los Locos",
    "type": "playa",
    "province": "Cantabria",
    "size_m": 511,
    "coast_km": 0.13,
    "osm": "https://www.openstreetmap.org/way/651680854",
    "wikipedia": "es:Playa de los Locos",
    "wikidata": "Q5979921"
   }
  },
  {
   "type": "Feature",
   "geometry": {
    "type": "Point",
    "coordinates": [
     -3.78477,
     43.48374
    ]
   },
   "properties": {
    "id": "w28423544",
    "name": "Playa de los Molinucos",
    "type": "cala",
    "province": "Cantabria",
    "size_m": 81,
    "coast_km": 0.02,
    "osm": "https://www.openstreetmap.org/way/28423544",
    "surface": "sand",
    "wikipedia": "es:Playa de los Molinucos",
    "wikidata": "Q6079197"
   }
  },
  {
   "type": "Feature",
   "geometry": {
    "type": "Point",
    "coordinates": [
     -3.77749,
     43.46554
    ]
   },
   "properties": {
    "id": "w28423268",
    "name": "Playa de los Peligros",
    "type": "playa",
    "province": "Cantabria",
    "size_m": 663,
    "coast_km": 0.1,
    "osm": "https://www.openstreetmap.org/way/28423268",
    "wikipedia": "es:Playa de los Peligros",
    "wikidata": "Q6079202"
   }
  },
  {
   "type": "Feature",
   "geometry": {
    "type": "Point",
    "coordinates": [
     -6.06941,
     43.56517
    ]
   },
   "properties": {
    "id": "w36867849",
    "name": "Playa de los Quebrantos",
    "type": "playa",
    "province": "Asturias",
    "size_m": 1089,
    "coast_km": 0.26,
    "osm": "https://www.openstreetmap.org/way/36867849",
    "surface": "sand",
    "wikidata": "Q6079206"
   }
  },
  {
   "type": "Feature",
   "geometry": {
    "type": "Point",
    "coordinates": [
     -3.72582,
     43.46859
    ]
   },
   "properties": {
    "id": "w40627397",
    "name": "Playa de los Tranquilos",
    "type": "playa",
    "province": "Cantabria",
    "size_m": 233,
    "coast_km": 0.03,
    "osm": "https://www.openstreetmap.org/way/40627397",
    "surface": "sand",
    "alt_name": "Boo"
   }
  },
  {
   "type": "Feature",
   "geometry": {
    "type": "Point",
    "coordinates": [
     -6.77847,
     43.56492
    ]
   },
   "properties": {
    "id": "w1023802666",
    "name": "Playa del Aguión",
    "type": "playa",
    "province": "Asturias",
    "size_m": 415,
    "coast_km": 0.06,
    "osm": "https://www.openstreetmap.org/way/1023802666"
   }
  },
  {
   "type": "Feature",
   "geometry": {
    "type": "Point",
    "coordinates": [
     -5.93936,
     43.59511
    ]
   },
   "properties": {
    "id": "w651187034",
    "name": "Playa del Arañón",
    "type": "cala",
    "province": "Asturias",
    "size_m": 141,
    "coast_km": 0.03,
    "osm": "https://www.openstreetmap.org/way/651187034"
   }
  },
  {
   "type": "Feature",
   "geometry": {
    "type": "Point",
    "coordinates": [
     -6.78823,
     43.55597
    ]
   },
   "properties": {
    "id": "w356833645",
    "name": "Playa del Barco",
    "type": "cala",
    "province": "Asturias",
    "size_m": 197,
    "coast_km": 0.04,
    "osm": "https://www.openstreetmap.org/way/356833645"
   }
  },
  {
   "type": "Feature",
   "geometry": {
    "type": "Point",
    "coordinates": [
     -5.22068,
     43.47695
    ]
   },
   "properties": {
    "id": "w144622330",
    "name": "Playa del Barrigón",
    "type": "playa",
    "province": "Asturias",
    "size_m": 280,
    "coast_km": 0.09,
    "osm": "https://www.openstreetmap.org/way/144622330",
    "surface": "sand",
    "wikidata": "Q5400220"
   }
  },
  {
   "type": "Feature",
   "geometry": {
    "type": "Point",
    "coordinates": [
     -6.79384,
     43.55708
    ]
   },
   "properties": {
    "id": "w1023801370",
    "name": "Playa del Burro",
    "type": "cala",
    "province": "Asturias",
    "size_m": 126,
    "coast_km": 0.07,
    "osm": "https://www.openstreetmap.org/way/1023801370"
   }
  },
  {
   "type": "Feature",
   "geometry": {
    "type": "Point",
    "coordinates": [
     -3.77549,
     43.46967
    ]
   },
   "properties": {
    "id": "w28422652",
    "name": "Playa del Camello",
    "type": "playa",
    "province": "Cantabria",
    "size_m": 292,
    "coast_km": 0.09,
    "osm": "https://www.openstreetmap.org/way/28422652",
    "surface": "sand",
    "wikipedia": "es:Playa de El Camello",
    "wikidata": "Q6078715",
    "name_es": "Playa del Camello"
   }
  },
  {
   "type": "Feature",
   "geometry": {
    "type": "Point",
    "coordinates": [
     -6.19071,
     43.57859
    ]
   },
   "properties": {
    "id": "w656011789",
    "name": "Playa del Castro",
    "type": "cala",
    "province": "Asturias",
    "size_m": 135,
    "coast_km": 0.08,
    "osm": "https://www.openstreetmap.org/way/656011789"
   }
  },
  {
   "type": "Feature",
   "geometry": {
    "type": "Point",
    "coordinates": [
     -5.63919,
     43.54846
    ]
   },
   "properties": {
    "id": "w462278472",
    "name": "Playa del Cervigón",
    "type": "cala",
    "province": "Asturias",
    "size_m": 216,
    "coast_km": 0.08,
    "osm": "https://www.openstreetmap.org/way/462278472",
    "surface": "fine_gravel",
    "wikipedia": "es:Playa de El Rinconín",
    "wikidata": "Q18932971",
    "name_es": "Playa del Rinconín"
   }
  },
  {
   "type": "Feature",
   "geometry": {
    "type": "Point",
    "coordinates": [
     -6.37479,
     43.55568
    ]
   },
   "properties": {
    "id": "w516090453",
    "name": "Playa del Churín",
    "type": "playa",
    "province": "Asturias",
    "size_m": 574,
    "coast_km": 0.12,
    "osm": "https://www.openstreetmap.org/way/516090453"
   }
  },
  {
   "type": "Feature",
   "geometry": {
    "type": "Point",
    "coordinates": [
     -6.6985,
     43.56018
    ]
   },
   "properties": {
    "id": "w656200911",
    "name": "Playa del Coedo",
    "type": "cala",
    "province": "Asturias",
    "size_m": 89,
    "coast_km": 0.02,
    "osm": "https://www.openstreetmap.org/way/656200911"
   }
  },
  {
   "type": "Feature",
   "geometry": {
    "type": "Point",
    "coordinates": [
     -6.01633,
     43.5829
    ]
   },
   "properties": {
    "id": "w1001998928",
    "name": "Playa del Cordial",
    "type": "playa",
    "province": "Asturias",
    "size_m": 461,
    "coast_km": 0.15,
    "osm": "https://www.openstreetmap.org/way/1001998928",
    "name_ast": "Sablera del Cordial"
   }
  },
  {
   "type": "Feature",
   "geometry": {
    "type": "Point",
    "coordinates": [
     -5.9689,
     43.57984
    ]
   },
   "properties": {
    "id": "w123906712",
    "name": "Playa del Cuerno",
    "type": "cala",
    "province": "Asturias",
    "size_m": 117,
    "coast_km": 0.05,
    "osm": "https://www.openstreetmap.org/way/123906712"
   }
  },
  {
   "type": "Feature",
   "geometry": {
    "type": "Point",
    "coordinates": [
     -4.74035,
     43.41563
    ]
   },
   "properties": {
    "id": "w159830117",
    "name": "Playa del Cura",
    "type": "cala",
    "province": "Asturias",
    "size_m": 198,
    "coast_km": 0.05,
    "osm": "https://www.openstreetmap.org/way/159830117",
    "surface": "sand"
   }
  },
  {
   "type": "Feature",
   "geometry": {
    "type": "Point",
    "coordinates": [
     -6.91019,
     43.56619
    ]
   },
   "properties": {
    "id": "w234398521",
    "name": "Playa del Figo",
    "type": "cala",
    "province": "Asturias",
    "size_m": 60,
    "coast_km": 0.03,
    "osm": "https://www.openstreetmap.org/way/234398521",
    "wikidata": "Q17625300"
   }
  },
  {
   "type": "Feature",
   "geometry": {
    "type": "Point",
    "coordinates": [
     -3.89218,
     43.47278
    ]
   },
   "properties": {
    "id": "w730118149",
    "name": "Playa del Fortín",
    "type": "cala",
    "province": "Cantabria",
    "size_m": 44,
    "coast_km": 0.06,
    "osm": "https://www.openstreetmap.org/way/730118149",
    "dog": "yes",
    "alt_name": "Arenal del Jortín"
   }
  },
  {
   "type": "Feature",
   "geometry": {
    "type": "Point",
    "coordinates": [
     -4.03284,
     43.43901
    ]
   },
   "properties": {
    "id": "w276953597",
    "name": "Playa del Huevo frito",
    "type": "cala",
    "province": "Cantabria",
    "size_m": 107,
    "coast_km": 0.05,
    "osm": "https://www.openstreetmap.org/way/276953597"
   }
  },
  {
   "type": "Feature",
   "geometry": {
    "type": "Point",
    "coordinates": [
     -3.94986,
     43.46368
    ]
   },
   "properties": {
    "id": "w288877893",
    "name": "Playa del Madero",
    "type": "playa",
    "province": "Cantabria",
    "size_m": 261,
    "coast_km": 0.06,
    "osm": "https://www.openstreetmap.org/way/288877893",
    "alt_name": "Playa de Pedruquías"
   }
  },
  {
   "type": "Feature",
   "geometry": {
    "type": "Point",
    "coordinates": [
     -6.71686,
     43.55857
    ]
   },
   "properties": {
    "id": "w165233388",
    "name": "Playa del Moro",
    "type": "cala",
    "province": "Asturias",
    "size_m": 193,
    "coast_km": 0.05,
    "osm": "https://www.openstreetmap.org/way/165233388",
    "wikipedia": "es:Playa del Moro",
    "wikidata": "Q9060813"
   }
  },
  {
   "type": "Feature",
   "geometry": {
    "type": "Point",
    "coordinates": [
     -6.94771,
     43.56814
    ]
   },
   "properties": {
    "id": "w837829622",
    "name": "Playa del Murallón",
    "type": "cala",
    "province": "Asturias",
    "size_m": 117,
    "coast_km": 0.01,
    "osm": "https://www.openstreetmap.org/way/837829622",
    "alt_name": "Playa de Maleguas"
   }
  },
  {
   "type": "Feature",
   "geometry": {
    "type": "Point",
    "coordinates": [
     -4.5717,
     43.39376
    ]
   },
   "properties": {
    "id": "r16225023",
    "name": "Playa del Oso",
    "type": "cala",
    "province": "Asturias",
    "size_m": 167,
    "coast_km": 0.04,
    "osm": "https://www.openstreetmap.org/relation/16225023"
   }
  },
  {
   "type": "Feature",
   "geometry": {
    "type": "Point",
    "coordinates": [
     -3.4572,
     43.43911
    ]
   },
   "properties": {
    "id": "r4020892",
    "name": "Playa del Pasaje",
    "type": "playa",
    "province": "Cantabria",
    "size_m": 350,
    "coast_km": 0.54,
    "osm": "https://www.openstreetmap.org/relation/4020892",
    "surface": "sand"
   }
  },
  {
   "type": "Feature",
   "geometry": {
    "type": "Point",
    "coordinates": [
     -3.45372,
     43.43938
    ]
   },
   "properties": {
    "id": "r4020893",
    "name": "Playa del Pasaje",
    "type": "cala",
    "province": "Cantabria",
    "size_m": 215,
    "coast_km": 0.28,
    "osm": "https://www.openstreetmap.org/relation/4020893",
    "surface": "sand"
   }
  },
  {
   "type": "Feature",
   "geometry": {
    "type": "Point",
    "coordinates": [
     -4.51228,
     43.38995
    ]
   },
   "properties": {
    "id": "w208836963",
    "name": "Playa del Pedreru",
    "type": "playa",
    "province": "Cantabria",
    "size_m": 290,
    "coast_km": 0.36,
    "osm": "https://www.openstreetmap.org/way/208836963",
    "wikipedia": "es:Playa del Pedreru",
    "wikidata": "Q6079272",
    "alt_name": "Playa del Pedrero"
   }
  },
  {
   "type": "Feature",
   "geometry": {
    "type": "Point",
    "coordinates": [
     -6.78542,
     43.55592
    ]
   },
   "properties": {
    "id": "w429179902",
    "name": "Playa del Pichel",
    "type": "playa",
    "province": "Asturias",
    "size_m": 308,
    "coast_km": 0.05,
    "osm": "https://www.openstreetmap.org/way/429179902"
   }
  },
  {
   "type": "Feature",
   "geometry": {
    "type": "Point",
    "coordinates": [
     -5.38769,
     43.52924
    ]
   },
   "properties": {
    "id": "w896356968",
    "name": "Playa del Puntal",
    "type": "cala",
    "province": "Asturias",
    "size_m": 104,
    "coast_km": 0.55,
    "osm": "https://www.openstreetmap.org/way/896356968"
   }
  },
  {
   "type": "Feature",
   "geometry": {
    "type": "Point",
    "coordinates": [
     -3.455,
     43.42051
    ]
   },
   "properties": {
    "id": "w503187326",
    "name": "Playa del Regatón",
    "type": "playa",
    "province": "Cantabria",
    "size_m": 2862,
    "coast_km": 1.21,
    "osm": "https://www.openstreetmap.org/way/503187326",
    "surface": "sand",
    "wikipedia": "es:Playa del Regatón",
    "wikidata": "Q6078739"
   }
  },
  {
   "type": "Feature",
   "geometry": {
    "type": "Point",
    "coordinates": [
     -3.54235,
     43.49838
    ]
   },
   "properties": {
    "id": "w44907283",
    "name": "Playa del Sable",
    "type": "cala",
    "province": "Cantabria",
    "size_m": 179,
    "coast_km": 0.07,
    "osm": "https://www.openstreetmap.org/way/44907283",
    "surface": "sand",
    "wikipedia": "es:Playa del Sable (Arnuero)",
    "wikidata": "Q2835168",
    "alt_name": "Playa de Quejo"
   }
  },
  {
   "type": "Feature",
   "geometry": {
    "type": "Point",
    "coordinates": [
     -4.47189,
     43.38285
    ]
   },
   "properties": {
    "id": "w208836964",
    "name": "Playa del Sable",
    "type": "playa",
    "province": "Cantabria",
    "size_m": 968,
    "coast_km": 0.69,
    "osm": "https://www.openstreetmap.org/way/208836964",
    "wikipedia": "es:Playa del Sable (Val de San Vicente)",
    "wikidata": "Q6079290"
   }
  },
  {
   "type": "Feature",
   "geometry": {
    "type": "Point",
    "coordinates": [
     -5.30875,
     43.53265
    ]
   },
   "properties": {
    "id": "w333294996",
    "name": "Playa del Sable",
    "type": "playa",
    "province": "Asturias",
    "size_m": 479,
    "coast_km": 0.05,
    "osm": "https://www.openstreetmap.org/way/333294996",
    "surface": "gravel"
   }
  },
  {
   "type": "Feature",
   "geometry": {
    "type": "Point",
    "coordinates": [
     -6.23112,
     43.58812
    ]
   },
   "properties": {
    "id": "w656011794",
    "name": "Playa del Sable o de Deiros",
    "type": "cala",
    "province": "Asturias",
    "size_m": 176,
    "coast_km": 0.07,
    "osm": "https://www.openstreetmap.org/way/656011794"
   }
  },
  {
   "type": "Feature",
   "geometry": {
    "type": "Point",
    "coordinates": [
     -4.75263,
     43.42272
    ]
   },
   "properties": {
    "id": "w42203106",
    "name": "Playa del Sablón",
    "type": "cala",
    "province": "Asturias",
    "size_m": 158,
    "coast_km": 0.01,
    "osm": "https://www.openstreetmap.org/way/42203106",
    "surface": "sand",
    "wikipedia": "es:Playa de El Sablón",
    "wikidata": "Q18744473"
   }
  },
  {
   "type": "Feature",
   "geometry": {
    "type": "Point",
    "coordinates": [
     -6.98068,
     43.55737
    ]
   },
   "properties": {
    "id": "w42961558",
    "name": "Playa del Sarello",
    "type": "cala",
    "province": "Asturias",
    "size_m": 210,
    "coast_km": 0.08,
    "osm": "https://www.openstreetmap.org/way/42961558",
    "name_es": "Playa del Sarello"
   }
  },
  {
   "type": "Feature",
   "geometry": {
    "type": "Point",
    "coordinates": [
     -5.73497,
     43.57352
    ]
   },
   "properties": {
    "id": "w651671845",
    "name": "Playa del Tranqueru",
    "type": "playa",
    "province": "Asturias",
    "size_m": 478,
    "coast_km": 0.06,
    "osm": "https://www.openstreetmap.org/way/651671845",
    "wikipedia": "es:Playa de El Tranquero",
    "wikidata": "Q19314215"
   }
  },
  {
   "type": "Feature",
   "geometry": {
    "type": "Point",
    "coordinates": [
     -6.07951,
     43.56476
    ]
   },
   "properties": {
    "id": "w672769335",
    "name": "Playa el Garruncho",
    "type": "cala",
    "province": "Asturias",
    "size_m": 55,
    "coast_km": 0.02,
    "osm": "https://www.openstreetmap.org/way/672769335",
    "surface": "gravel"
   }
  },
  {
   "type": "Feature",
   "geometry": {
    "type": "Point",
    "coordinates": [
     -5.26775,
     43.5149
    ]
   },
   "properties": {
    "id": "w195450308",
    "name": "Playa l'escanu",
    "type": "cala",
    "province": "Asturias",
    "size_m": 156,
    "coast_km": 0.05,
    "osm": "https://www.openstreetmap.org/way/195450308",
    "wikidata": "Q11699698",
    "name_es": "Playa Escanu",
    "name_ast": "Playa l'escanu"
   }
  },
  {
   "type": "Feature",
   "geometry": {
    "type": "Point",
    "coordinates": [
     -6.30367,
     43.5633
    ]
   },
   "properties": {
    "id": "w925955627",
    "name": "Playa la Conchona",
    "type": "playa",
    "province": "Asturias",
    "size_m": 277,
    "coast_km": 0.04,
    "osm": "https://www.openstreetmap.org/way/925955627",
    "surface": "sand"
   }
  },
  {
   "type": "Feature",
   "geometry": {
    "type": "Point",
    "coordinates": [
     -6.10599,
     43.55801
    ]
   },
   "properties": {
    "id": "w938382956",
    "name": "Playas de Xan-Xún y Las Llanas",
    "type": "playa",
    "province": "Asturias",
    "size_m": 512,
    "coast_km": 0.06,
    "osm": "https://www.openstreetmap.org/way/938382956",
    "wikipedia": "es:Playas de Xan-Xún y Las Llanas",
    "wikidata": "Q19637042"
   }
  },
  {
   "type": "Feature",
   "geometry": {
    "type": "Point",
    "coordinates": [
     -5.38495,
     43.52948
    ]
   },
   "properties": {
    "id": "w729105674",
    "name": "Playina de Rodiles",
    "type": "cala",
    "province": "Asturias",
    "size_m": 110,
    "coast_km": 0.52,
    "osm": "https://www.openstreetmap.org/way/729105674",
    "surface": "sand"
   }
  },
  {
   "type": "Feature",
   "geometry": {
    "type": "Point",
    "coordinates": [
     -6.04959,
     43.57287
    ]
   },
   "properties": {
    "id": "w36867848",
    "name": "Playón de Bayas / El Sablón",
    "type": "playa",
    "province": "Asturias",
    "size_m": 2701,
    "coast_km": 0.24,
    "osm": "https://www.openstreetmap.org/way/36867848",
    "surface": "sand"
   }
  },
  {
   "type": "Feature",
   "geometry": {
    "type": "Point",
    "coordinates": [
     -4.8551,
     43.44369
    ]
   },
   "properties": {
    "id": "w333872158",
    "name": "Portacos",
    "type": "cala",
    "province": "Asturias",
    "size_m": 149,
    "coast_km": 0.04,
    "osm": "https://www.openstreetmap.org/way/333872158",
    "surface": "sand",
    "description": "Playa nudista"
   }
  },
  {
   "type": "Feature",
   "geometry": {
    "type": "Point",
    "coordinates": [
     -4.85547,
     43.4444
    ]
   },
   "properties": {
    "id": "w333872159",
    "name": "Portaquinos",
    "type": "cala",
    "province": "Asturias",
    "size_m": 123,
    "coast_km": 0.03,
    "osm": "https://www.openstreetmap.org/way/333872159",
    "surface": "sand"
   }
  },
  {
   "type": "Feature",
   "geometry": {
    "type": "Point",
    "coordinates": [
     -7.03681,
     43.54442
    ]
   },
   "properties": {
    "id": "r1245738",
    "name": "Praia das Cabanas",
    "type": "cala",
    "province": "Asturias",
    "size_m": 23,
    "coast_km": 0.01,
    "osm": "https://www.openstreetmap.org/relation/1245738"
   }
  },
  {
   "type": "Feature",
   "geometry": {
    "type": "Point",
    "coordinates": [
     -7.04399,
     43.55369
    ]
   },
   "properties": {
    "id": "w316088323",
    "name": "Praia de Rochas Brancas",
    "type": "cala",
    "province": "Asturias",
    "size_m": 51,
    "coast_km": 0.02,
    "osm": "https://www.openstreetmap.org/way/316088323",
    "wikipedia": "gl:Praia das Rochas Brancas",
    "wikidata": "Q12398071",
    "name_es": "Playa de Rochas Brancas"
   }
  },
  {
   "type": "Feature",
   "geometry": {
    "type": "Point",
    "coordinates": [
     -7.03656,
     43.5456
    ]
   },
   "properties": {
    "id": "r1245737",
    "name": "Praia do Cargadoiro",
    "type": "cala",
    "province": "Asturias",
    "size_m": 51,
    "coast_km": 0.02,
    "osm": "https://www.openstreetmap.org/relation/1245737",
    "wikipedia": "gl:Praia do Cargadoiro",
    "wikidata": "Q12398095"
   }
  },
  {
   "type": "Feature",
   "geometry": {
    "type": "Point",
    "coordinates": [
     -7.04426,
     43.52919
    ]
   },
   "properties": {
    "id": "w316088321",
    "name": "Praia dos Bloques",
    "type": "cala",
    "province": "Asturias",
    "size_m": 93,
    "coast_km": 0.0,
    "osm": "https://www.openstreetmap.org/way/316088321",
    "surface": "sand",
    "wikipedia": "gl:Praia dos Bloques",
    "wikidata": "Q20543661",
    "name_es": "Playa de Os Bloques"
   }
  },
  {
   "type": "Feature",
   "geometry": {
    "type": "Point",
    "coordinates": [
     -3.78186,
     43.47306
    ]
   },
   "properties": {
    "id": "w27226149",
    "name": "Primera Playa de El Sardinero",
    "type": "playa",
    "province": "Cantabria",
    "size_m": 417,
    "coast_km": 0.08,
    "osm": "https://www.openstreetmap.org/way/27226149",
    "wikipedia": "es:Playa del Sardinero",
    "wikidata": "Q24019705",
    "alt_name": "Playa Primera del Sardinero"
   }
  },
  {
   "type": "Feature",
   "geometry": {
    "type": "Point",
    "coordinates": [
     -6.22634,
     43.58676
    ]
   },
   "properties": {
    "id": "w656212844",
    "name": "Puerto Chico",
    "type": "cala",
    "province": "Asturias",
    "size_m": 193,
    "coast_km": 0.05,
    "osm": "https://www.openstreetmap.org/way/656212844",
    "surface": "pebblestone"
   }
  },
  {
   "type": "Feature",
   "geometry": {
    "type": "Point",
    "coordinates": [
     -4.74754,
     43.4189
    ]
   },
   "properties": {
    "id": "w515851981",
    "name": "Puertu Chicu",
    "type": "cala",
    "province": "Asturias",
    "size_m": 161,
    "coast_km": 0.02,
    "osm": "https://www.openstreetmap.org/way/515851981",
    "name_es": "Puerto Chico"
   }
  },
  {
   "type": "Feature",
   "geometry": {
    "type": "Point",
    "coordinates": [
     -5.76153,
     43.58789
    ]
   },
   "properties": {
    "id": "r2402619",
    "name": "Sablera Palmera",
    "type": "playa",
    "province": "Asturias",
    "size_m": 469,
    "coast_km": 0.05,
    "osm": "https://www.openstreetmap.org/relation/2402619",
    "surface": "sand",
    "wikidata": "Q19013616",
    "name_es": "Playa Palmera"
   }
  },
  {
   "type": "Feature",
   "geometry": {
    "type": "Point",
    "coordinates": [
     -5.7651,
     43.59386
    ]
   },
   "properties": {
    "id": "w261554499",
    "name": "Sablera Rebolleres",
    "type": "playa",
    "province": "Asturias",
    "size_m": 322,
    "coast_km": 0.07,
    "osm": "https://www.openstreetmap.org/way/261554499",
    "wikipedia": "ast:Sablera de Rebolleres",
    "wikidata": "Q19324462",
    "name_es": "Playa Rebolleres"
   }
  },
  {
   "type": "Feature",
   "geometry": {
    "type": "Point",
    "coordinates": [
     -5.74452,
     43.58116
    ]
   },
   "properties": {
    "id": "r6725712",
    "name": "Sablera d'Entrellusa",
    "type": "cala",
    "province": "Asturias",
    "size_m": 69,
    "coast_km": 0.03,
    "osm": "https://www.openstreetmap.org/relation/6725712",
    "name_es": "Playa d'Entrellusa"
   }
  },
  {
   "type": "Feature",
   "geometry": {
    "type": "Point",
    "coordinates": [
     -5.75198,
     43.58252
    ]
   },
   "properties": {
    "id": "r6725711",
    "name": "Sablera de Güelgues",
    "type": "cala",
    "province": "Asturias",
    "size_m": 174,
    "coast_km": 0.04,
    "osm": "https://www.openstreetmap.org/relation/6725711",
    "name_es": "Playa de Güelgues"
   }
  },
  {
   "type": "Feature",
   "geometry": {
    "type": "Point",
    "coordinates": [
     -5.77161,
     43.60187
    ]
   },
   "properties": {
    "id": "w204242841",
    "name": "Sablera de San Pedro d'Antromero",
    "type": "playa",
    "province": "Asturias",
    "size_m": 355,
    "coast_km": 0.07,
    "osm": "https://www.openstreetmap.org/way/204242841",
    "surface": "sand",
    "wikipedia": "es:Playa de San Pedro de Antromero",
    "wikidata": "Q19656681",
    "name_es": "Playa de San Pedro de Antromero"
   }
  },
  {
   "type": "Feature",
   "geometry": {
    "type": "Point",
    "coordinates": [
     -5.74392,
     43.57972
    ]
   },
   "properties": {
    "id": "r6725713",
    "name": "Sablera'l Cura",
    "type": "cala",
    "province": "Asturias",
    "size_m": 51,
    "coast_km": 0.02,
    "osm": "https://www.openstreetmap.org/relation/6725713",
    "name_es": "Playa del Cura"
   }
  },
  {
   "type": "Feature",
   "geometry": {
    "type": "Point",
    "coordinates": [
     -5.91733,
     43.58907
    ]
   },
   "properties": {
    "id": "w261582503",
    "name": "Samalandrán",
    "type": "playa",
    "province": "Asturias",
    "size_m": 582,
    "coast_km": 1.35,
    "osm": "https://www.openstreetmap.org/way/261582503",
    "name_es": "San Balandrán"
   }
  },
  {
   "type": "Feature",
   "geometry": {
    "type": "Point",
    "coordinates": [
     -4.79393,
     43.43231
    ]
   },
   "properties": {
    "id": "r2187453",
    "name": "San Martín",
    "type": "playa",
    "province": "Asturias",
    "size_m": 861,
    "coast_km": 0.05,
    "osm": "https://www.openstreetmap.org/relation/2187453",
    "surface": "sand",
    "access": "yes"
   }
  },
  {
   "type": "Feature",
   "geometry": {
    "type": "Point",
    "coordinates": [
     -3.78594,
     43.47719
    ]
   },
   "properties": {
    "id": "w27226148",
    "name": "Segunda Playa de El Sardinero",
    "type": "playa",
    "province": "Cantabria",
    "size_m": 793,
    "coast_km": 0.35,
    "osm": "https://www.openstreetmap.org/way/27226148",
    "surface": "sand",
    "wikipedia": "es:Playa del Sardinero",
    "wikidata": "Q24019705",
    "alt_name": "Playa Segunda del Sardinero"
   }
  },
  {
   "type": "Feature",
   "geometry": {
    "type": "Point",
    "coordinates": [
     -3.21252,
     43.37796
    ]
   },
   "properties": {
    "id": "w1133595943",
    "name": "Solarium",
    "type": "playa",
    "province": "Cantabria",
    "size_m": 252,
    "coast_km": 0.14,
    "osm": "https://www.openstreetmap.org/way/1133595943",
    "lifeguard": "only in summer"
   }
  },
  {
   "type": "Feature",
   "geometry": {
    "type": "Point",
    "coordinates": [
     -3.94379,
     43.46958
    ]
   },
   "properties": {
    "id": "w288671648",
    "name": "Somocuevas Oeste",
    "type": "cala",
    "province": "Cantabria",
    "size_m": 113,
    "coast_km": 0.03,
    "osm": "https://www.openstreetmap.org/way/288671648",
    "surface": "sand"
   }
  },
  {
   "type": "Feature",
   "geometry": {
    "type": "Point",
    "coordinates": [
     -4.83938,
     43.44106
    ]
   },
   "properties": {
    "id": "r18016162",
    "name": "Toranda",
    "type": "playa",
    "province": "Asturias",
    "size_m": 339,
    "coast_km": 0.14,
    "osm": "https://www.openstreetmap.org/relation/18016162",
    "surface": "sand",
    "wikidata": "Q18844158",
    "access": "yes"
   }
  },
  {
   "type": "Feature",
   "geometry": {
    "type": "Point",
    "coordinates": [
     -4.85187,
     43.44278
    ]
   },
   "properties": {
    "id": "w50157286",
    "name": "Torimbia",
    "type": "playa",
    "province": "Asturias",
    "size_m": 602,
    "coast_km": 0.06,
    "osm": "https://www.openstreetmap.org/way/50157286",
    "surface": "sand",
    "wikidata": "Q6149186",
    "nudism": "yes"
   }
  },
  {
   "type": "Feature",
   "geometry": {
    "type": "Point",
    "coordinates": [
     -3.90789,
     43.47419
    ]
   },
   "properties": {
    "id": "w288759834",
    "name": "Tómbolo de Covachos",
    "type": "cala",
    "province": "Cantabria",
    "size_m": 177,
    "coast_km": 0.06,
    "osm": "https://www.openstreetmap.org/way/288759834"
   }
  },
  {
   "type": "Feature",
   "geometry": {
    "type": "Point",
    "coordinates": [
     -6.25999,
     43.5766
    ]
   },
   "properties": {
    "id": "n3827071098",
    "name": "Vallina",
    "type": "playa",
    "province": "Asturias",
    "size_m": 0,
    "coast_km": 0.14,
    "osm": "https://www.openstreetmap.org/node/3827071098",
    "wikidata": "Q19678316"
   }
  },
  {
   "type": "Feature",
   "geometry": {
    "type": "Point",
    "coordinates": [
     -5.72033,
     43.57024
    ]
   },
   "properties": {
    "id": "w260003633",
    "name": "Xibares",
    "type": "playa",
    "province": "Asturias",
    "size_m": 410,
    "coast_km": 0.1,
    "osm": "https://www.openstreetmap.org/way/260003633",
    "name_es": "Xivares"
   }
  },
  {
   "type": "Feature",
   "geometry": {
    "type": "Point",
    "coordinates": [
     -4.6298,
     43.39847
    ]
   },
   "properties": {
    "id": "w237464824",
    "name": "playa de Pendueles o Castiellu",
    "type": "cala",
    "province": "Asturias",
    "size_m": 147,
    "coast_km": 0.03,
    "osm": "https://www.openstreetmap.org/way/237464824",
    "surface": "gravel"
   }
  }
 ]
}