{"type":"FeatureCollection","features":[{"type":"Feature","geometry":{"type":"Point","coordinates":[-5.6952,43.5502]},"properties":{}},{"type":"Feature","geometry":{"type":"Point","coordinates":[-5.6961,43.5508]},"properties":{}},{"type":"Feature","geometry":{"type":"Point","coordinates":[-5.696,43.5546]},"properties":{}},{"type":"Feature","geometry":{"type":"Point","coordinates":[-5.6894,43.5439]},"properties":{}},{"type":"Feature","geometry":{"type":"Point","coordinates":[-5.6907,43.544]},"properties":{}},{"type":"Feature","geometry":{"type":"Point","coordinates":[-5.6904,43.5447]},"properties":{}},{"type":"Feature","geometry":{"type":"Point","coordinates":[-5.6911,43.5453]},"properties":{}},{"type":"Feature","geometry":{"type":"Point","coordinates":[-5.6905,43.5448]},"properties":{}},{"type":"Feature","geometry":{"type":"Point","coordinates":[-5.6793,43.5454]},"properties":{}},{"type":"Feature","geometry":{"type":"Point","coordinates":[-5.686,43.5446]},"properties":{}},{"type":"Feature","geometry":{"type":"Point","coordinates":[-5.6871,43.5451]},"properties":{}},{"type":"Feature","geometry":{"type":"Point","coordinates":[-5.6878,43.5453]},"properties":{}},{"type":"Feature","geometry":{"type":"Point","coordinates":[-5.6869,43.5449]},"properties":{}},{"type":"Feature","geometry":{"type":"Point","coordinates":[-5.687,43.5443]},"properties":{}},{"type":"Feature","geometry":{"type":"Point","coordinates":[-5.6812,43.5423]},"properties":{}},{"type":"Feature","geometry":{"type":"Point","coordinates":[-5.6805,43.544]},"properties":{}},{"type":"Feature","geometry":{"type":"Point","coordinates":[-5.6809,43.5449]},"properties":{}},{"type":"Feature","geometry":{"type":"Point","coordinates":[-5.6793,43.5454]},"properties":{}},{"type":"Feature","geometry":{"type":"Point","coordinates":[-5.6801,43.5417]},"properties":{}},{"type":"Feature","geometry":{"type":"Point","coordinates":[-5.6867,43.5442]},"properties":{}},{"type":"Feature","geometry":{"type":"Point","coordinates":[-5.6873,43.5437]},"properties":{}},{"type":"Feature","geometry":{"type":"Point","coordinates":[-5.6884,43.5436]},"properties":{}},{"type":"Feature","geometry":{"type":"Point","coordinates":[-5.3172,43.533]},"properties":{}},{"type":"Feature","geometry":{"type":"Point","coordinates":[-5.3246,43.534]},"properties":{}},{"type":"Feature","geometry":{"type":"Point","coordinates":[-5.3297,43.5329]},"properties":{}},{"type":"Feature","geometry":{"type":"Point","coordinates":[-5.3387,43.5324]},"properties":{}},{"type":"Feature","geometry":{"type":"Point","coordinates":[-5.3403,43.5328]},"properties":{}},{"type":"Feature","geometry":{"type":"Point","coordinates":[-5.3414,43.5332]},"properties":{}},{"type":"Feature","geometry":{"type":"Point","coordinates":[-5.3424,43.5338]},"properties":{}},{"type":"Feature","geometry":{"type":"Point","coordinates":[-5.343,43.5339]},"properties":{}},{"type":"Feature","geometry":{"type":"Point","coordinates":[-5.3451,43.5342]},"properties":{}},{"type":"Feature","geometry":{"type":"Point","coordinates":[-5.3464,43.5347]},"properties":{}},{"type":"Feature","geometry":{"type":"Point","coordinates":[-5.3464,43.5345]},"properties":{}},{"type":"Feature","geometry":{"type":"Point","coordinates":[-5.347,43.534]},"properties":{}},{"type":"Feature","geometry":{"type":"Point","coordinates":[-5.348,43.534]},"properties":{}},{"type":"Feature","geometry":{"type":"Point","coordinates":[-5.3486,43.5341]},"properties":{}},{"type":"Feature","geometry":{"type":"Point","coordinates":[-5.3494,43.5337]},"properties":{}},{"type":"Feature","geometry":{"type":"Point","coordinates":[-5.3515,43.5321]},"properties":{}},{"type":"Feature","geometry":{"type":"Point","coordinates":[-5.3532,43.5306]},"properties":{}},{"type":"Feature","geometry":{"type":"Point","coordinates":[-5.3559,43.5313]},"properties":{}},{"type":"Feature","geometry":{"type":"Point","coordinates":[-5.3586,43.5315]},"properties":{}},{"type":"Feature","geometry":{"type":"Point","coordinates":[-5.3611,43.5318]},"properties":{}},{"type":"Feature","geometry":{"type":"Point","coordinates":[-5.3625,43.5323]},"properties":{}},{"type":"Feature","geometry":{"type":"Point","coordinates":[-5.3665,43.5335]},"properties":{}},{"type":"Feature","geometry":{"type":"Point","coordinates":[-5.3682,43.5363]},"properties":{}},{"type":"Feature","geometry":{"type":"Point","coordinates":[-5.3718,43.5396]},"properties":{}},{"type":"Feature","geometry":{"type":"Point","coordinates":[-5.3746,43.5376]},"properties":{}},{"type":"Feature","geometry":{"type":"Point","coordinates":[-5.3757,43.5349]},"properties":{}},{"type":"Feature","geometry":{"type":"Point","coordinates":[-5.3826,43.5341]},"properties":{}},{"type":"Feature","geometry":{"type":"Point","coordinates":[-5.3862,43.5341]},"properties":{}},{"type":"Feature","geometry":{"type":"Point","coordinates":[-5.4499,43.5507]},"properties":{}},{"type":"Feature","geometry":{"type":"Point","coordinates":[-5.4545,43.551]},"properties":{}},{"type":"Feature","geometry":{"type":"Point","coordinates":[-5.4587,43.5514]},"properties":{}},{"type":"Feature","geometry":{"type":"Point","coordinates":[-5.4602,43.5512]},"properties":{}},{"type":"Feature","geometry":{"type":"Point","coordinates":[-5.4632,43.5511]},"properties":{}},{"type":"Feature","geometry":{"type":"Point","coordinates":[-5.4683,43.5511]},"properties":{}},{"type":"Feature","geometry":{"type":"Point","coordinates":[-5.4719,43.5513]},"properties":{}},{"type":"Feature","geometry":{"type":"Point","coordinates":[-5.4733,43.5507]},"properties":{}},{"type":"Feature","geometry":{"type":"Point","coordinates":[-5.4763,43.5494]},"properties":{}},{"type":"Feature","geometry":{"type":"Point","coordinates":[-5.4765,43.5491]},"properties":{}},{"type":"Feature","geometry":{"type":"Point","coordinates":[-5.4807,43.5481]},"properties":{}},{"type":"Feature","geometry":{"type":"Point","coordinates":[-5.4834,43.5468]},"properties":{}},{"type":"Feature","geometry":{"type":"Point","coordinates":[-5.4868,43.5464]},"properties":{}},{"type":"Feature","geometry":{"type":"Point","coordinates":[-5.4917,43.5456]},"properties":{}},{"type":"Feature","geometry":{"type":"Point","coordinates":[-5.4931,43.5442]},"properties":{}},{"type":"Feature","geometry":{"type":"Point","coordinates":[-5.0758,43.4681]},"properties":{}},{"type":"Feature","geometry":{"type":"Point","coordinates":[-5.0748,43.4706]},"properties":{}},{"type":"Feature","geometry":{"type":"Point","coordinates":[-5.075,43.4713]},"properties":{}},{"type":"Feature","geometry":{"type":"Point","coordinates":[-5.0769,43.4708]},"properties":{}},{"type":"Feature","geometry":{"type":"Point","coordinates":[-5.0779,43.4711]},"properties":{}},{"type":"Feature","geometry":{"type":"Point","coordinates":[-5.0785,43.4714]},"properties":{}},{"type":"Feature","geometry":{"type":"Point","coordinates":[-5.0791,43.472]},"properties":{}},{"type":"Feature","geometry":{"type":"Point","coordinates":[-5.0795,43.4724]},"properties":{}},{"type":"Feature","geometry":{"type":"Point","coordinates":[-5.08,43.4728]},"properties":{}},{"type":"Feature","geometry":{"type":"Point","coordinates":[-5.0805,43.4734]},"properties":{}},{"type":"Feature","geometry":{"type":"Point","coordinates":[-5.0812,43.4741]},"properties":{}},{"type":"Feature","geometry":{"type":"Point","coordinates":[-5.082,43.4745]},"properties":{}},{"type":"Feature","geometry":{"type":"Point","coordinates":[-5.083,43.4751]},"properties":{}},{"type":"Feature","geometry":{"type":"Point","coordinates":[-5.084,43.4753]},"properties":{}},{"type":"Feature","geometry":{"type":"Point","coordinates":[-5.0854,43.4757]},"properties":{}},{"type":"Feature","geometry":{"type":"Point","coordinates":[-5.0865,43.4761]},"properties":{}},{"type":"Feature","geometry":{"type":"Point","coordinates":[-5.0876,43.476]},"properties":{}},{"type":"Feature","geometry":{"type":"Point","coordinates":[-5.0905,43.4761]},"properties":{}},{"type":"Feature","geometry":{"type":"Point","coordinates":[-5.0922,43.4758]},"properties":{}},{"type":"Feature","geometry":{"type":"Point","coordinates":[-4.9991,43.4593]},"properties":{}},{"type":"Feature","geometry":{"type":"Point","coordinates":[-5.0004,43.4593]},"properties":{}},{"type":"Feature","geometry":{"type":"Point","coordinates":[-5.0005,43.4587]},"properties":{}},{"type":"Feature","geometry":{"type":"Point","coordinates":[-5.0015,43.4586]},"properties":{}},{"type":"Feature","geometry":{"type":"Point","coordinates":[-5.0026,43.4587]},"properties":{}},{"type":"Feature","geometry":{"type":"Point","coordinates":[-5.0035,43.4591]},"properties":{}},{"type":"Feature","geometry":{"type":"Point","coordinates":[-5.0043,43.4599]},"properties":{}},{"type":"Feature","geometry":{"type":"Point","coordinates":[-5.0044,43.4594]},"properties":{}},{"type":"Feature","geometry":{"type":"Point","coordinates":[-5.0052,43.4597]},"properties":{}},{"type":"Feature","geometry":{"type":"Point","coordinates":[-5.0051,43.4592]},"properties":{}},{"type":"Feature","geometry":{"type":"Point","coordinates":[-5.0058,43.4598]},"properties":{}},{"type":"Feature","geometry":{"type":"Point","coordinates":[-5.0063,43.4598]},"properties":{}},{"type":"Feature","geometry":{"type":"Point","coordinates":[-5.0068,43.4597]},"properties":{}},{"type":"Feature","geometry":{"type":"Point","coordinates":[-5.0074,43.4595]},"properties":{}},{"type":"Feature","geometry":{"type":"Point","coordinates":[-5.0077,43.459]},"properties":{}},{"type":"Feature","geometry":{"type":"Point","coordinates":[-5.0079,43.4595]},"properties":{}},{"type":"Feature","geometry":{"type":"Point","coordinates":[-5.0083,43.4592]},"properties":{}},{"type":"Feature","geometry":{"type":"Point","coordinates":[-5.0081,43.4584]},"properties":{}},{"type":"Feature","geometry":{"type":"Point","coordinates":[-5.0084,43.4583]},"properties":{}},{"type":"Feature","geometry":{"type":"Point","coordinates":[-5.0091,43.4588]},"properties":{}},{"type":"Feature","geometry":{"type":"Point","coordinates":[-5.0098,43.4593]},"properties":{}},{"type":"Feature","geometry":{"type":"Point","coordinates":[-5.0111,43.4599]},"properties":{}},{"type":"Feature","geometry":{"type":"Point","coordinates":[-5.0122,43.46]},"properties":{}},{"type":"Feature","geometry":{"type":"Point","coordinates":[-5.0128,43.4595]},"properties":{}},{"type":"Feature","geometry":{"type":"Point","coordinates":[-5.0132,43.4589]},"properties":{}},{"type":"Feature","geometry":{"type":"Point","coordinates":[-5.0135,43.4586]},"properties":{}},{"type":"Feature","geometry":{"type":"Point","coordinates":[-5.0144,43.4587]},"properties":{}},{"type":"Feature","geometry":{"type":"Point","coordinates":[-5.0154,43.4587]},"properties":{}},{"type":"Feature","geometry":{"type":"Point","coordinates":[-5.0168,43.4591]},"properties":{}},{"type":"Feature","geometry":{"type":"Point","coordinates":[-5.0174,43.4597]},"properties":{}},{"type":"Feature","geometry":{"type":"Point","coordinates":[-5.0181,43.4601]},"properties":{}},{"type":"Feature","geometry":{"type":"Point","coordinates":[-5.0184,43.46]},"properties":{}},{"type":"Feature","geometry":{"type":"Point","coordinates":[-5.0207,43.4606]},"properties":{}},{"type":"Feature","geometry":{"type":"Point","coordinates":[-5.022,43.4614]},"properties":{}},{"type":"Feature","geometry":{"type":"Point","coordinates":[-5.0237,43.4614]},"properties":{}},{"type":"Feature","geometry":{"type":"Point","coordinates":[-5.0243,43.461]},"properties":{}},{"type":"Feature","geometry":{"type":"Point","coordinates":[-5.025,43.4611]},"properties":{}},{"type":"Feature","geometry":{"type":"Point","coordinates":[-5.0259,43.461]},"properties":{}},{"type":"Feature","geometry":{"type":"Point","coordinates":[-5.0275,43.4607]},"properties":{}},{"type":"Feature","geometry":{"type":"Point","coordinates":[-5.0284,43.4609]},"properties":{}},{"type":"Feature","geometry":{"type":"Point","coordinates":[-5.0305,43.461]},"properties":{}},{"type":"Feature","geometry":{"type":"Point","coordinates":[-5.0319,43.4608]},"properties":{}},{"type":"Feature","geometry":{"type":"Point","coordinates":[-5.033,43.4603]},"properties":{}},{"type":"Feature","geometry":{"type":"Point","coordinates":[-5.0345,43.4607]},"properties":{}},{"type":"Feature","geometry":{"type":"Point","coordinates":[-5.0377,43.4609]},"properties":{}},{"type":"Feature","geometry":{"type":"Point","coordinates":[-5.3862,43.5341]},"properties":{}},{"type":"Feature","geometry":{"type":"Point","coordinates":[-5.9416,43.5931]},"properties":{}},{"type":"Feature","geometry":{"type":"Point","coordinates":[-5.9417,43.5917]},"properties":{}},{"type":"Feature","geometry":{"type":"Point","coordinates":[-4.5131,43.3935]},"properties":{}},{"type":"Feature","geometry":{"type":"Point","coordinates":[-4.5136,43.3937]},"properties":{}},{"type":"Feature","geometry":{"type":"Point","coordinates":[-4.5139,43.394]},"properties":{}},{"type":"Feature","geometry":{"type":"Point","coordinates":[-4.5141,43.394]},"properties":{}},{"type":"Feature","geometry":{"type":"Point","coordinates":[-4.5146,43.3942]},"properties":{}},{"type":"Feature","geometry":{"type":"Point","coordinates":[-4.5152,43.3942]},"properties":{}},{"type":"Feature","geometry":{"type":"Point","coordinates":[-4.5153,43.394]},"properties":{}},{"type":"Feature","geometry":{"type":"Point","coordinates":[-4.5162,43.3941]},"properties":{}},{"type":"Feature","geometry":{"type":"Point","coordinates":[-4.5184,43.3948]},"properties":{}},{"type":"Feature","geometry":{"type":"Point","coordinates":[-4.5197,43.3959]},"properties":{}},{"type":"Feature","geometry":{"type":"Point","coordinates":[-4.5217,43.3957]},"properties":{}},{"type":"Feature","geometry":{"type":"Point","coordinates":[-4.5239,43.3965]},"properties":{}},{"type":"Feature","geometry":{"type":"Point","coordinates":[-4.5255,43.3971]},"properties":{}},{"type":"Feature","geometry":{"type":"Point","coordinates":[-4.5266,43.3966]},"properties":{}},{"type":"Feature","geometry":{"type":"Point","coordinates":[-4.5283,43.3969]},"properties":{}},{"type":"Feature","geometry":{"type":"Point","coordinates":[-4.5291,43.3974]},"properties":{}},{"type":"Feature","geometry":{"type":"Point","coordinates":[-4.5299,43.3978]},"properties":{}},{"type":"Feature","geometry":{"type":"Point","coordinates":[-4.531,43.3973]},"properties":{}},{"type":"Feature","geometry":{"type":"Point","coordinates":[-4.532,43.3977]},"properties":{}},{"type":"Feature","geometry":{"type":"Point","coordinates":[-4.5319,43.3982]},"properties":{}},{"type":"Feature","geometry":{"type":"Point","coordinates":[-4.5313,43.3987]},"properties":{}},{"type":"Feature","geometry":{"type":"Point","coordinates":[-4.5329,43.3992]},"properties":{}},{"type":"Feature","geometry":{"type":"Point","coordinates":[-4.5338,43.3995]},"properties":{}},{"type":"Feature","geometry":{"type":"Point","coordinates":[-4.5387,43.3997]},"properties":{}},{"type":"Feature","geometry":{"type":"Point","coordinates":[-4.5435,43.3997]},"properties":{}},{"type":"Feature","geometry":{"type":"Point","coordinates":[-4.5458,43.3995]},"properties":{}},{"type":"Feature","geometry":{"type":"Point","coordinates":[-4.5466,43.3988]},"properties":{}},{"type":"Feature","geometry":{"type":"Point","coordinates":[-4.5463,43.3981]},"properties":{}},{"type":"Feature","geometry":{"type":"Point","coordinates":[-4.5469,43.3976]},"properties":{}},{"type":"Feature","geometry":{"type":"Point","coordinates":[-4.5462,43.3974]},"properties":{}},{"type":"Feature","geometry":{"type":"Point","coordinates":[-4.5474,43.3969]},"properties":{}},{"type":"Feature","geometry":{"type":"Point","coordinates":[-4.5486,43.3965]},"properties":{}},{"type":"Feature","geometry":{"type":"Point","coordinates":[-4.5492,43.3959]},"properties":{}},{"type":"Feature","geometry":{"type":"Point","coordinates":[-4.55,43.3969]},"properties":{}},{"type":"Feature","geometry":{"type":"Point","coordinates":[-4.5511,43.3966]},"properties":{}},{"type":"Feature","geometry":{"type":"Point","coordinates":[-4.5524,43.3972]},"properties":{}},{"type":"Feature","geometry":{"type":"Point","coordinates":[-4.5559,43.3973]},"properties":{}},{"type":"Feature","geometry":{"type":"Point","coordinates":[-4.5572,43.3977]},"properties":{}},{"type":"Feature","geometry":{"type":"Point","coordinates":[-4.5567,43.3961]},"properties":{}},{"type":"Feature","geometry":{"type":"Point","coordinates":[-4.5762,43.398]},"properties":{}},{"type":"Feature","geometry":{"type":"Point","coordinates":[-4.574,43.3977]},"properties":{}},{"type":"Feature","geometry":{"type":"Point","coordinates":[-4.5743,43.3987]},"properties":{}},{"type":"Feature","geometry":{"type":"Point","coordinates":[-4.5747,43.3994]},"properties":{}},{"type":"Feature","geometry":{"type":"Point","coordinates":[-4.5754,43.3997]},"properties":{}},{"type":"Feature","geometry":{"type":"Point","coordinates":[-4.5755,43.3988]},"properties":{}},{"type":"Feature","geometry":{"type":"Point","coordinates":[-4.5762,43.3982]},"properties":{}},{"type":"Feature","geometry":{"type":"Point","coordinates":[-3.1441,43.3512]},"properties":{}},{"type":"Feature","geometry":{"type":"Point","coordinates":[-3.1478,43.3522]},"properties":{}},{"type":"Feature","geometry":{"type":"Point","coordinates":[-3.1486,43.3521]},"properties":{}},{"type":"Feature","geometry":{"type":"Point","coordinates":[-3.1492,43.3524]},"properties":{}},{"type":"Feature","geometry":{"type":"Point","coordinates":[-3.1497,43.3524]},"properties":{}},{"type":"Feature","geometry":{"type":"Point","coordinates":[-3.1501,43.3522]},"properties":{}},{"type":"Feature","geometry":{"type":"Point","coordinates":[-3.1508,43.3524]},"properties":{}},{"type":"Feature","geometry":{"type":"Point","coordinates":[-3.152,43.3528]},"properties":{}},{"type":"Feature","geometry":{"type":"Point","coordinates":[-3.1524,43.3531]},"properties":{}},{"type":"Feature","geometry":{"type":"Point","coordinates":[-3.1528,43.3533]},"properties":{}},{"type":"Feature","geometry":{"type":"Point","coordinates":[-3.5292,43.4962]},"properties":{}},{"type":"Feature","geometry":{"type":"Point","coordinates":[-3.5292,43.4961]},"properties":{}},{"type":"Feature","geometry":{"type":"Point","coordinates":[-3.5291,43.496]},"properties":{}},{"type":"Feature","geometry":{"type":"Point","coordinates":[-3.529,43.4959]},"properties":{}},{"type":"Feature","geometry":{"type":"Point","coordinates":[-3.5289,43.4958]},"properties":{}},{"type":"Feature","geometry":{"type":"Point","coordinates":[-3.5288,43.4958]},"properties":{}},{"type":"Feature","geometry":{"type":"Point","coordinates":[-3.5287,43.4957]},"properties":{}},{"type":"Feature","geometry":{"type":"Point","coordinates":[-3.5287,43.4956]},"properties":{}},{"type":"Feature","geometry":{"type":"Point","coordinates":[-3.5285,43.4956]},"properties":{}},{"type":"Feature","geometry":{"type":"Point","coordinates":[-3.5284,43.4955]},"properties":{}},{"type":"Feature","geometry":{"type":"Point","coordinates":[-3.5283,43.4955]},"properties":{}},{"type":"Feature","geometry":{"type":"Point","coordinates":[-3.5281,43.4954]},"properties":{}},{"type":"Feature","geometry":{"type":"Point","coordinates":[-3.528,43.4954]},"properties":{}},{"type":"Feature","geometry":{"type":"Point","coordinates":[-3.5279,43.4953]},"properties":{}},{"type":"Feature","geometry":{"type":"Point","coordinates":[-3.5279,43.4953]},"properties":{}},{"type":"Feature","geometry":{"type":"Point","coordinates":[-3.5278,43.4952]},"properties":{}},{"type":"Feature","geometry":{"type":"Point","coordinates":[-3.5276,43.4952]},"properties":{}},{"type":"Feature","geometry":{"type":"Point","coordinates":[-3.5275,43.4953]},"properties":{}},{"type":"Feature","geometry":{"type":"Point","coordinates":[-3.5274,43.4954]},"properties":{}},{"type":"Feature","geometry":{"type":"Point","coordinates":[-3.5273,43.4955]},"properties":{}},{"type":"Feature","geometry":{"type":"Point","coordinates":[-3.5272,43.4956]},"properties":{}},{"type":"Feature","geometry":{"type":"Point","coordinates":[-3.5271,43.4956]},"properties":{}},{"type":"Feature","geometry":{"type":"Point","coordinates":[-3.5271,43.4957]},"properties":{}},{"type":"Feature","geometry":{"type":"Point","coordinates":[-3.5271,43.4958]},"properties":{}},{"type":"Feature","geometry":{"type":"Point","coordinates":[-3.5271,43.4958]},"properties":{}},{"type":"Feature","geometry":{"type":"Point","coordinates":[-3.5271,43.4959]},"properties":{}},{"type":"Feature","geometry":{"type":"Point","coordinates":[-3.5272,43.496]},"properties":{}},{"type":"Feature","geometry":{"type":"Point","coordinates":[-3.5272,43.496]},"properties":{}},{"type":"Feature","geometry":{"type":"Point","coordinates":[-3.5272,43.4961]},"properties":{}},{"type":"Feature","geometry":{"type":"Point","coordinates":[-3.5272,43.4961]},"properties":{}},{"type":"Feature","geometry":{"type":"Point","coordinates":[-3.5272,43.4962]},"properties":{}},{"type":"Feature","geometry":{"type":"Point","coordinates":[-3.5271,43.4962]},"properties":{}},{"type":"Feature","geometry":{"type":"Point","coordinates":[-3.5271,43.4961]},"properties":{}},{"type":"Feature","geometry":{"type":"Point","coordinates":[-3.527,43.4961]},"properties":{}},{"type":"Feature","geometry":{"type":"Point","coordinates":[-3.5269,43.4961]},"properties":{}},{"type":"Feature","geometry":{"type":"Point","coordinates":[-3.5268,43.496]},"properties":{}},{"type":"Feature","geometry":{"type":"Point","coordinates":[-3.5268,43.4961]},"properties":{}},{"type":"Feature","geometry":{"type":"Point","coordinates":[-3.5268,43.4962]},"properties":{}},{"type":"Feature","geometry":{"type":"Point","coordinates":[-3.5269,43.4963]},"properties":{}},{"type":"Feature","geometry":{"type":"Point","coordinates":[-3.527,43.4963]},"properties":{}},{"type":"Feature","geometry":{"type":"Point","coordinates":[-3.5271,43.4963]},"properties":{}},{"type":"Feature","geometry":{"type":"Point","coordinates":[-3.5271,43.4963]},"properties":{}},{"type":"Feature","geometry":{"type":"Point","coordinates":[-3.5273,43.4963]},"properties":{}},{"type":"Feature","geometry":{"type":"Point","coordinates":[-3.5273,43.4964]},"properties":{}},{"type":"Feature","geometry":{"type":"Point","coordinates":[-3.5274,43.4965]},"properties":{}},{"type":"Feature","geometry":{"type":"Point","coordinates":[-3.5275,43.4965]},"properties":{}},{"type":"Feature","geometry":{"type":"Point","coordinates":[-3.5276,43.4965]},"properties":{}},{"type":"Feature","geometry":{"type":"Point","coordinates":[-3.5277,43.4965]},"properties":{}},{"type":"Feature","geometry":{"type":"Point","coordinates":[-3.5278,43.4966]},"properties":{}},{"type":"Feature","geometry":{"type":"Point","coordinates":[-3.5279,43.4966]},"properties":{}},{"type":"Feature","geometry":{"type":"Point","coordinates":[-3.528,43.4967]},"properties":{}},{"type":"Feature","geometry":{"type":"Point","coordinates":[-3.5281,43.4967]},"properties":{}},{"type":"Feature","geometry":{"type":"Point","coordinates":[-3.528,43.4968]},"properties":{}},{"type":"Feature","geometry":{"type":"Point","coordinates":[-3.5281,43.4968]},"properties":{}},{"type":"Feature","geometry":{"type":"Point","coordinates":[-3.5283,43.4969]},"properties":{}},{"type":"Feature","geometry":{"type":"Point","coordinates":[-3.5283,43.4968]},"properties":{}},{"type":"Feature","geometry":{"type":"Point","coordinates":[-3.5284,43.4967]},"properties":{}},{"type":"Feature","geometry":{"type":"Point","coordinates":[-3.5284,43.4965]},"properties":{}},{"type":"Feature","geometry":{"type":"Point","coordinates":[-3.5284,43.4965]},"properties":{}},{"type":"Feature","geometry":{"type":"Point","coordinates":[-3.5285,43.4965]},"properties":{}},{"type":"Feature","geometry":{"type":"Point","coordinates":[-3.5285,43.4965]},"properties":{}},{"type":"Feature","geometry":{"type":"Point","coordinates":[-3.5286,43.4965]},"properties":{}},{"type":"Feature","geometry":{"type":"Point","coordinates":[-3.5287,43.4965]},"properties":{}},{"type":"Feature","geometry":{"type":"Point","coordinates":[-3.5287,43.4965]},"properties":{}},{"type":"Feature","geometry":{"type":"Point","coordinates":[-3.5287,43.4964]},"properties":{}},{"type":"Feature","geometry":{"type":"Point","coordinates":[-3.5286,43.4963]},"properties":{}},{"type":"Feature","geometry":{"type":"Point","coordinates":[-3.5286,43.4963]},"properties":{}},{"type":"Feature","geometry":{"type":"Point","coordinates":[-3.5287,43.4962]},"properties":{}},{"type":"Feature","geometry":{"type":"Point","coordinates":[-3.5288,43.4963]},"properties":{}},{"type":"Feature","geometry":{"type":"Point","coordinates":[-3.5288,43.4964]},"properties":{}},{"type":"Feature","geometry":{"type":"Point","coordinates":[-3.5289,43.4965]},"properties":{}},{"type":"Feature","geometry":{"type":"Point","coordinates":[-3.529,43.4965]},"properties":{}},{"type":"Feature","geometry":{"type":"Point","coordinates":[-3.5291,43.4965]},"properties":{}},{"type":"Feature","geometry":{"type":"Point","coordinates":[-3.5291,43.4964]},"properties":{}},{"type":"Feature","geometry":{"type":"Point","coordinates":[-3.5292,43.4964]},"properties":{}},{"type":"Feature","geometry":{"type":"Point","coordinates":[-3.5293,43.4963]},"properties":{}},{"type":"Feature","geometry":{"type":"Point","coordinates":[-3.5293,43.4963]},"properties":{}},{"type":"Feature","geometry":{"type":"Point","coordinates":[-3.5293,43.4962]},"properties":{}},{"type":"Feature","geometry":{"type":"Point","coordinates":[-3.7301,43.47]},"properties":{}},{"type":"Feature","geometry":{"type":"Point","coordinates":[-3.7289,43.4702]},"properties":{}},{"type":"Feature","geometry":{"type":"Point","coordinates":[-3.7282,43.4706]},"properties":{}},{"type":"Feature","geometry":{"type":"Point","coordinates":[-3.7281,43.4708]},"properties":{}},{"type":"Feature","geometry":{"type":"Point","coordinates":[-3.728,43.4708]},"properties":{}},{"type":"Feature","geometry":{"type":"Point","coordinates":[-3.7277,43.4708]},"properties":{}},{"type":"Feature","geometry":{"type":"Point","coordinates":[-3.7275,43.4711]},"properties":{}},{"type":"Feature","geometry":{"type":"Point","coordinates":[-3.7274,43.4713]},"properties":{}},{"type":"Feature","geometry":{"type":"Point","coordinates":[-3.7274,43.4714]},"properties":{}},{"type":"Feature","geometry":{"type":"Point","coordinates":[-3.7275,43.4715]},"properties":{}},{"type":"Feature","geometry":{"type":"Point","coordinates":[-3.7277,43.4714]},"properties":{}},{"type":"Feature","geometry":{"type":"Point","coordinates":[-3.7279,43.4713]},"properties":{}},{"type":"Feature","geometry":{"type":"Point","coordinates":[-3.7281,43.4713]},"properties":{}},{"type":"Feature","geometry":{"type":"Point","coordinates":[-3.7282,43.4713]},"properties":{}},{"type":"Feature","geometry":{"type":"Point","coordinates":[-3.7283,43.4714]},"properties":{}},{"type":"Feature","geometry":{"type":"Point","coordinates":[-3.7285,43.4713]},"properties":{}},{"type":"Feature","geometry":{"type":"Point","coordinates":[-3.7283,43.4715]},"properties":{}},{"type":"Feature","geometry":{"type":"Point","coordinates":[-3.7282,43.4715]},"properties":{}},{"type":"Feature","geometry":{"type":"Point","coordinates":[-3.7284,43.4715]},"properties":{}},{"type":"Feature","geometry":{"type":"Point","coordinates":[-3.7285,43.4715]},"properties":{}},{"type":"Feature","geometry":{"type":"Point","coordinates":[-3.7286,43.4716]},"properties":{}},{"type":"Feature","geometry":{"type":"Point","coordinates":[-3.7286,43.4716]},"properties":{}},{"type":"Feature","geometry":{"type":"Point","coordinates":[-3.7285,43.4717]},"properties":{}},{"type":"Feature","geometry":{"type":"Point","coordinates":[-3.7286,43.4717]},"properties":{}},{"type":"Feature","geometry":{"type":"Point","coordinates":[-3.7287,43.4717]},"properties":{}},{"type":"Feature","geometry":{"type":"Point","coordinates":[-3.7287,43.4717]},"properties":{}},{"type":"Feature","geometry":{"type":"Point","coordinates":[-3.7285,43.4718]},"properties":{}},{"type":"Feature","geometry":{"type":"Point","coordinates":[-3.7285,43.4719]},"properties":{}},{"type":"Feature","geometry":{"type":"Point","coordinates":[-3.7284,43.472]},"properties":{}},{"type":"Feature","geometry":{"type":"Point","coordinates":[-3.7285,43.4721]},"properties":{}},{"type":"Feature","geometry":{"type":"Point","coordinates":[-3.7284,43.4722]},"properties":{}},{"type":"Feature","geometry":{"type":"Point","coordinates":[-3.7286,43.4721]},"properties":{}},{"type":"Feature","geometry":{"type":"Point","coordinates":[-3.7287,43.472]},"properties":{}},{"type":"Feature","geometry":{"type":"Point","coordinates":[-3.7287,43.472]},"properties":{}},{"type":"Feature","geometry":{"type":"Point","coordinates":[-3.7287,43.472]},"properties":{}},{"type":"Feature","geometry":{"type":"Point","coordinates":[-3.7287,43.472]},"properties":{}},{"type":"Feature","geometry":{"type":"Point","coordinates":[-3.7287,43.472]},"properties":{}},{"type":"Feature","geometry":{"type":"Point","coordinates":[-3.7288,43.4722]},"properties":{}},{"type":"Feature","geometry":{"type":"Point","coordinates":[-3.729,43.4722]},"properties":{}},{"type":"Feature","geometry":{"type":"Point","coordinates":[-3.7289,43.4725]},"properties":{}},{"type":"Feature","geometry":{"type":"Point","coordinates":[-3.7286,43.4726]},"properties":{}},{"type":"Feature","geometry":{"type":"Point","coordinates":[-3.7287,43.4727]},"properties":{}},{"type":"Feature","geometry":{"type":"Point","coordinates":[-3.7283,43.4732]},"properties":{}},{"type":"Feature","geometry":{"type":"Point","coordinates":[-3.7279,43.4734]},"properties":{}},{"type":"Feature","geometry":{"type":"Point","coordinates":[-3.7277,43.4736]},"properties":{}},{"type":"Feature","geometry":{"type":"Point","coordinates":[-3.7277,43.4737]},"properties":{}},{"type":"Feature","geometry":{"type":"Point","coordinates":[-3.7277,43.4738]},"properties":{}},{"type":"Feature","geometry":{"type":"Point","coordinates":[-3.7278,43.4741]},"properties":{}},{"type":"Feature","geometry":{"type":"Point","coordinates":[-3.7278,43.4741]},"properties":{}},{"type":"Feature","geometry":{"type":"Point","coordinates":[-3.7279,43.4742]},"properties":{}},{"type":"Feature","geometry":{"type":"Point","coordinates":[-3.7278,43.4743]},"properties":{}},{"type":"Feature","geometry":{"type":"Point","coordinates":[-3.7279,43.4747]},"properties":{}},{"type":"Feature","geometry":{"type":"Point","coordinates":[-3.7281,43.4749]},"properties":{}},{"type":"Feature","geometry":{"type":"Point","coordinates":[-3.7281,43.4751]},"properties":{}},{"type":"Feature","geometry":{"type":"Point","coordinates":[-3.7281,43.4752]},"properties":{}},{"type":"Feature","geometry":{"type":"Point","coordinates":[-3.7281,43.4753]},"properties":{}},{"type":"Feature","geometry":{"type":"Point","coordinates":[-3.7283,43.4753]},"properties":{}},{"type":"Feature","geometry":{"type":"Point","coordinates":[-3.7285,43.4752]},"properties":{}},{"type":"Feature","geometry":{"type":"Point","coordinates":[-3.7285,43.4753]},"properties":{}},{"type":"Feature","geometry":{"type":"Point","coordinates":[-3.7285,43.4753]},"properties":{}},{"type":"Feature","geometry":{"type":"Point","coordinates":[-3.7284,43.4754]},"properties":{}},{"type":"Feature","geometry":{"type":"Point","coordinates":[-3.7284,43.4756]},"properties":{}},{"type":"Feature","geometry":{"type":"Point","coordinates":[-3.7285,43.4757]},"properties":{}},{"type":"Feature","geometry":{"type":"Point","coordinates":[-3.7286,43.4757]},"properties":{}},{"type":"Feature","geometry":{"type":"Point","coordinates":[-3.7284,43.4759]},"properties":{}},{"type":"Feature","geometry":{"type":"Point","coordinates":[-3.7284,43.476]},"properties":{}},{"type":"Feature","geometry":{"type":"Point","coordinates":[-3.7285,43.4761]},"properties":{}},{"type":"Feature","geometry":{"type":"Point","coordinates":[-3.7288,43.4762]},"properties":{}},{"type":"Feature","geometry":{"type":"Point","coordinates":[-3.7288,43.4762]},"properties":{}},{"type":"Feature","geometry":{"type":"Point","coordinates":[-3.7291,43.4763]},"properties":{}},{"type":"Feature","geometry":{"type":"Point","coordinates":[-3.7291,43.4764]},"properties":{}},{"type":"Feature","geometry":{"type":"Point","coordinates":[-3.729,43.4766]},"properties":{}},{"type":"Feature","geometry":{"type":"Point","coordinates":[-3.7291,43.4767]},"properties":{}},{"type":"Feature","geometry":{"type":"Point","coordinates":[-3.7294,43.4766]},"properties":{}},{"type":"Feature","geometry":{"type":"Point","coordinates":[-3.7298,43.4764]},"properties":{}},{"type":"Feature","geometry":{"type":"Point","coordinates":[-3.73,43.4763]},"properties":{}},{"type":"Feature","geometry":{"type":"Point","coordinates":[-3.7303,43.4761]},"properties":{}},{"type":"Feature","geometry":{"type":"Point","coordinates":[-3.7304,43.476]},"properties":{}},{"type":"Feature","geometry":{"type":"Point","coordinates":[-3.7306,43.4759]},"properties":{}},{"type":"Feature","geometry":{"type":"Point","coordinates":[-3.7307,43.4759]},"properties":{}},{"type":"Feature","geometry":{"type":"Point","coordinates":[-3.7307,43.4758]},"properties":{}},{"type":"Feature","geometry":{"type":"Point","coordinates":[-3.7307,43.4756]},"properties":{}},{"type":"Feature","geometry":{"type":"Point","coordinates":[-3.7305,43.4756]},"properties":{}},{"type":"Feature","geometry":{"type":"Point","coordinates":[-3.7305,43.4756]},"properties":{}},{"type":"Feature","geometry":{"type":"Point","coordinates":[-3.7306,43.4755]},"properties":{}},{"type":"Feature","geometry":{"type":"Point","coordinates":[-3.7306,43.4754]},"properties":{}},{"type":"Feature","geometry":{"type":"Point","coordinates":[-3.7308,43.4753]},"properties":{}},{"type":"Feature","geometry":{"type":"Point","coordinates":[-3.731,43.4752]},"properties":{}},{"type":"Feature","geometry":{"type":"Point","coordinates":[-3.731,43.475]},"properties":{}},{"type":"Feature","geometry":{"type":"Point","coordinates":[-3.7309,43.4748]},"properties":{}},{"type":"Feature","geometry":{"type":"Point","coordinates":[-3.7311,43.4747]},"properties":{}},{"type":"Feature","geometry":{"type":"Point","coordinates":[-3.7312,43.4745]},"properties":{}},{"type":"Feature","geometry":{"type":"Point","coordinates":[-3.7312,43.4744]},"properties":{}},{"type":"Feature","geometry":{"type":"Point","coordinates":[-3.7312,43.4743]},"properties":{}},{"type":"Feature","geometry":{"type":"Point","coordinates":[-3.7314,43.4741]},"properties":{}},{"type":"Feature","geometry":{"type":"Point","coordinates":[-3.7315,43.474]},"properties":{}},{"type":"Feature","geometry":{"type":"Point","coordinates":[-3.7315,43.4739]},"properties":{}},{"type":"Feature","geometry":{"type":"Point","coordinates":[-3.7314,43.4738]},"properties":{}},{"type":"Feature","geometry":{"type":"Point","coordinates":[-3.7315,43.4737]},"properties":{}},{"type":"Feature","geometry":{"type":"Point","coordinates":[-3.7316,43.4737]},"properties":{}},{"type":"Feature","geometry":{"type":"Point","coordinates":[-3.7315,43.4737]},"properties":{}},{"type":"Feature","geometry":{"type":"Point","coordinates":[-3.7313,43.4737]},"properties":{}},{"type":"Feature","geometry":{"type":"Point","coordinates":[-3.7312,43.4737]},"properties":{}},{"type":"Feature","geometry":{"type":"Point","coordinates":[-3.7311,43.4736]},"properties":{}},{"type":"Feature","geometry":{"type":"Point","coordinates":[-3.7314,43.4736]},"properties":{}},{"type":"Feature","geometry":{"type":"Point","coordinates":[-3.7316,43.4732]},"properties":{}},{"type":"Feature","geometry":{"type":"Point","coordinates":[-3.7316,43.4732]},"properties":{}},{"type":"Feature","geometry":{"type":"Point","coordinates":[-3.7315,43.4731]},"properties":{}},{"type":"Feature","geometry":{"type":"Point","coordinates":[-3.7317,43.473]},"properties":{}},{"type":"Feature","geometry":{"type":"Point","coordinates":[-3.7318,43.4728]},"properties":{}},{"type":"Feature","geometry":{"type":"Point","coordinates":[-3.7318,43.4727]},"properties":{}},{"type":"Feature","geometry":{"type":"Point","coordinates":[-3.7317,43.4727]},"properties":{}},{"type":"Feature","geometry":{"type":"Point","coordinates":[-3.7317,43.4726]},"properties":{}},{"type":"Feature","geometry":{"type":"Point","coordinates":[-3.7317,43.4724]},"properties":{}},{"type":"Feature","geometry":{"type":"Point","coordinates":[-3.7316,43.4724]},"properties":{}},{"type":"Feature","geometry":{"type":"Point","coordinates":[-3.7317,43.4722]},"properties":{}},{"type":"Feature","geometry":{"type":"Point","coordinates":[-3.7316,43.472]},"properties":{}},{"type":"Feature","geometry":{"type":"Point","coordinates":[-3.7317,43.4719]},"properties":{}},{"type":"Feature","geometry":{"type":"Point","coordinates":[-3.7317,43.4718]},"properties":{}},{"type":"Feature","geometry":{"type":"Point","coordinates":[-3.7315,43.4718]},"properties":{}},{"type":"Feature","geometry":{"type":"Point","coordinates":[-3.7316,43.4717]},"properties":{}},{"type":"Feature","geometry":{"type":"Point","coordinates":[-3.7314,43.4717]},"properties":{}},{"type":"Feature","geometry":{"type":"Point","coordinates":[-3.7315,43.4716]},"properties":{}},{"type":"Feature","geometry":{"type":"Point","coordinates":[-3.7313,43.4716]},"properties":{}},{"type":"Feature","geometry":{"type":"Point","coordinates":[-3.7315,43.4715]},"properties":{}},{"type":"Feature","geometry":{"type":"Point","coordinates":[-3.7315,43.4715]},"properties":{}},{"type":"Feature","geometry":{"type":"Point","coordinates":[-3.7315,43.4714]},"properties":{}},{"type":"Feature","geometry":{"type":"Point","coordinates":[-3.7313,43.4712]},"properties":{}},{"type":"Feature","geometry":{"type":"Point","coordinates":[-3.7313,43.4711]},"properties":{}},{"type":"Feature","geometry":{"type":"Point","coordinates":[-3.7314,43.471]},"properties":{}},{"type":"Feature","geometry":{"type":"Point","coordinates":[-3.7313,43.4709]},"properties":{}},{"type":"Feature","geometry":{"type":"Point","coordinates":[-3.7313,43.471]},"properties":{}},{"type":"Feature","geometry":{"type":"Point","coordinates":[-3.7312,43.4709]},"properties":{}},{"type":"Feature","geometry":{"type":"Point","coordinates":[-3.7312,43.4707]},"properties":{}},{"type":"Feature","geometry":{"type":"Point","coordinates":[-3.7312,43.4705]},"properties":{}},{"type":"Feature","geometry":{"type":"Point","coordinates":[-3.7311,43.4704]},"properties":{}},{"type":"Feature","geometry":{"type":"Point","coordinates":[-3.731,43.4702]},"properties":{}},{"type":"Feature","geometry":{"type":"Point","coordinates":[-3.7308,43.47]},"properties":{}},{"type":"Feature","geometry":{"type":"Point","coordinates":[-3.7302,43.47]},"properties":{}},{"type":"Feature","geometry":{"type":"Point","coordinates":[-3.794,43.4182]},"properties":{}},{"type":"Feature","geometry":{"type":"Point","coordinates":[-3.7944,43.4184]},"properties":{}},{"type":"Feature","geometry":{"type":"Point","coordinates":[-3.7954,43.4183]},"properties":{}},{"type":"Feature","geometry":{"type":"Point","coordinates":[-3.7949,43.4181]},"properties":{}},{"type":"Feature","geometry":{"type":"Point","coordinates":[-3.7942,43.4181]},"properties":{}},{"type":"Feature","geometry":{"type":"Point","coordinates":[-3.7716,43.4649]},"properties":{}},{"type":"Feature","geometry":{"type":"Point","coordinates":[-3.771,43.4651]},"properties":{}},{"type":"Feature","geometry":{"type":"Point","coordinates":[-3.7709,43.4652]},"properties":{}},{"type":"Feature","geometry":{"type":"Point","coordinates":[-3.7704,43.4655]},"properties":{}},{"type":"Feature","geometry":{"type":"Point","coordinates":[-3.7702,43.4658]},"properties":{}},{"type":"Feature","geometry":{"type":"Point","coordinates":[-3.771,43.4657]},"properties":{}},{"type":"Feature","geometry":{"type":"Point","coordinates":[-3.7722,43.4651]},"properties":{}},{"type":"Feature","geometry":{"type":"Point","coordinates":[-3.7717,43.4649]},"properties":{}},{"type":"Feature","geometry":{"type":"Point","coordinates":[-7.0298,43.5294]},"properties":{}},{"type":"Feature","geometry":{"type":"Point","coordinates":[-7.0299,43.5295]},"properties":{}},{"type":"Feature","geometry":{"type":"Point","coordinates":[-7.0308,43.5291]},"properties":{}},{"type":"Feature","geometry":{"type":"Point","coordinates":[-7.0318,43.5276]},"properties":{}},{"type":"Feature","geometry":{"type":"Point","coordinates":[-7.0318,43.5273]},"properties":{}},{"type":"Feature","geometry":{"type":"Point","coordinates":[-7.0332,43.5261]},"properties":{}},{"type":"Feature","geometry":{"type":"Point","coordinates":[-6.7521,43.5664]},"properties":{}},{"type":"Feature","geometry":{"type":"Point","coordinates":[-6.7521,43.5671]},"properties":{}},{"type":"Feature","geometry":{"type":"Point","coordinates":[-6.7529,43.5665]},"properties":{}},{"type":"Feature","geometry":{"type":"Point","coordinates":[-6.7532,43.5655]},"properties":{}},{"type":"Feature","geometry":{"type":"Point","coordinates":[-6.753,43.5649]},"properties":{}},{"type":"Feature","geometry":{"type":"Point","coordinates":[-6.7526,43.5651]},"properties":{}},{"type":"Feature","geometry":{"type":"Point","coordinates":[-6.7522,43.5657]},"properties":{}},{"type":"Feature","geometry":{"type":"Point","coordinates":[-6.7522,43.5662]},"properties":{}},{"type":"Feature","geometry":{"type":"Point","coordinates":[-6.4622,43.5699]},"properties":{}},{"type":"Feature","geometry":{"type":"Point","coordinates":[-6.462,43.5698]},"properties":{}},{"type":"Feature","geometry":{"type":"Point","coordinates":[-6.4615,43.5699]},"properties":{}},{"type":"Feature","geometry":{"type":"Point","coordinates":[-6.4616,43.5702]},"properties":{}},{"type":"Feature","geometry":{"type":"Point","coordinates":[-6.4615,43.5705]},"properties":{}},{"type":"Feature","geometry":{"type":"Point","coordinates":[-6.4617,43.5705]},"properties":{}},{"type":"Feature","geometry":{"type":"Point","coordinates":[-6.4621,43.5704]},"properties":{}},{"type":"Feature","geometry":{"type":"Point","coordinates":[-6.4622,43.57]},"properties":{}},{"type":"Feature","geometry":{"type":"Point","coordinates":[-6.5321,43.5454]},"properties":{}},{"type":"Feature","geometry":{"type":"Point","coordinates":[-6.5333,43.5452]},"properties":{}},{"type":"Feature","geometry":{"type":"Point","coordinates":[-6.5339,43.5465]},"properties":{}},{"type":"Feature","geometry":{"type":"Point","coordinates":[-6.5347,43.5465]},"properties":{}},{"type":"Feature","geometry":{"type":"Point","coordinates":[-6.5348,43.5473]},"properties":{}},{"type":"Feature","geometry":{"type":"Point","coordinates":[-6.5352,43.5464]},"properties":{}},{"type":"Feature","geometry":{"type":"Point","coordinates":[-6.6445,43.5678]},"properties":{}},{"type":"Feature","geometry":{"type":"Point","coordinates":[-6.645,43.5673]},"properties":{}},{"type":"Feature","geometry":{"type":"Point","coordinates":[-6.6452,43.5667]},"properties":{}},{"type":"Feature","geometry":{"type":"Point","coordinates":[-6.8764,43.5642]},"properties":{}},{"type":"Feature","geometry":{"type":"Point","coordinates":[-6.8767,43.564]},"properties":{}},{"type":"Feature","geometry":{"type":"Point","coordinates":[-6.8761,43.5642]},"properties":{}},{"type":"Feature","geometry":{"type":"Point","coordinates":[-6.8764,43.5642]},"properties":{}},{"type":"Feature","geometry":{"type":"Point","coordinates":[-6.1796,43.567]},"properties":{}},{"type":"Feature","geometry":{"type":"Point","coordinates":[-6.1797,43.5664]},"properties":{}},{"type":"Feature","geometry":{"type":"Point","coordinates":[-6.1802,43.5659]},"properties":{}},{"type":"Feature","geometry":{"type":"Point","coordinates":[-6.1808,43.5657]},"properties":{}},{"type":"Feature","geometry":{"type":"Point","coordinates":[-6.1816,43.5647]},"properties":{}},{"type":"Feature","geometry":{"type":"Point","coordinates":[-6.2257,43.5841]},"properties":{}},{"type":"Feature","geometry":{"type":"Point","coordinates":[-6.2248,43.5846]},"properties":{}},{"type":"Feature","geometry":{"type":"Point","coordinates":[-6.5899,43.5534]},"properties":{}},{"type":"Feature","geometry":{"type":"Point","coordinates":[-6.592,43.5538]},"properties":{}},{"type":"Feature","geometry":{"type":"Point","coordinates":[-6.5932,43.5536]},"properties":{}},{"type":"Feature","geometry":{"type":"Point","coordinates":[-6.5948,43.5529]},"properties":{}},{"type":"Feature","geometry":{"type":"Point","coordinates":[-6.5988,43.5537]},"properties":{}},{"type":"Feature","geometry":{"type":"Point","coordinates":[-6.5999,43.5552]},"properties":{}},{"type":"Feature","geometry":{"type":"Point","coordinates":[-6.5996,43.5555]},"properties":{}},{"type":"Feature","geometry":{"type":"Point","coordinates":[-6.6,43.5561]},"properties":{}},{"type":"Feature","geometry":{"type":"Point","coordinates":[-6.6003,43.5562]},"properties":{}},{"type":"Feature","geometry":{"type":"Point","coordinates":[-6.6012,43.5557]},"properties":{}},{"type":"Feature","geometry":{"type":"Point","coordinates":[-6.6025,43.5555]},"properties":{}},{"type":"Feature","geometry":{"type":"Point","coordinates":[-6.6033,43.5584]},"properties":{}},{"type":"Feature","geometry":{"type":"Point","coordinates":[-6.6026,43.5597]},"properties":{}},{"type":"Feature","geometry":{"type":"Point","coordinates":[-6.6024,43.5615]},"properties":{}},{"type":"Feature","geometry":{"type":"Point","coordinates":[-6.6016,43.5626]},"properties":{}},{"type":"Feature","geometry":{"type":"Point","coordinates":[-6.6014,43.5636]},"properties":{}},{"type":"Feature","geometry":{"type":"Point","coordinates":[-6.6022,43.5646]},"properties":{}},{"type":"Feature","geometry":{"type":"Point","coordinates":[-6.6036,43.5654]},"properties":{}},{"type":"Feature","geometry":{"type":"Point","coordinates":[-6.6053,43.5646]},"properties":{}},{"type":"Feature","geometry":{"type":"Point","coordinates":[-6.6052,43.564]},"properties":{}},{"type":"Feature","geometry":{"type":"Point","coordinates":[-6.6054,43.5633]},"properties":{}},{"type":"Feature","geometry":{"type":"Point","coordinates":[-6.6061,43.5627]},"properties":{}},{"type":"Feature","geometry":{"type":"Point","coordinates":[-6.6073,43.5624]},"properties":{}},{"type":"Feature","geometry":{"type":"Point","coordinates":[-6.608,43.5617]},"properties":{}},{"type":"Feature","geometry":{"type":"Point","coordinates":[-6.6091,43.5616]},"properties":{}},{"type":"Feature","geometry":{"type":"Point","coordinates":[-6.6099,43.561]},"properties":{}},{"type":"Feature","geometry":{"type":"Point","coordinates":[-6.6592,43.5687]},"properties":{}},{"type":"Feature","geometry":{"type":"Point","coordinates":[-6.6604,43.5683]},"properties":{}},{"type":"Feature","geometry":{"type":"Point","coordinates":[-6.6596,43.5678]},"properties":{}},{"type":"Feature","geometry":{"type":"Point","coordinates":[-6.1826,43.5636]},"properties":{}},{"type":"Feature","geometry":{"type":"Point","coordinates":[-6.1868,43.5632]},"properties":{}},{"type":"Feature","geometry":{"type":"Point","coordinates":[-6.1899,43.5647]},"properties":{}},{"type":"Feature","geometry":{"type":"Point","coordinates":[-6.1912,43.5664]},"properties":{}},{"type":"Feature","geometry":{"type":"Point","coordinates":[-6.192,43.5691]},"properties":{}},{"type":"Feature","geometry":{"type":"Point","coordinates":[-6.1921,43.5699]},"properties":{}},{"type":"Feature","geometry":{"type":"Point","coordinates":[-6.6736,43.5598]},"properties":{}},{"type":"Feature","geometry":{"type":"Point","coordinates":[-6.6821,43.5589]},"properties":{}},{"type":"Feature","geometry":{"type":"Point","coordinates":[-7.0367,43.5445]},"properties":{}},{"type":"Feature","geometry":{"type":"Point","coordinates":[-6.2429,43.596]},"properties":{}},{"type":"Feature","geometry":{"type":"Point","coordinates":[-6.244,43.5963]},"properties":{}},{"type":"Feature","geometry":{"type":"Point","coordinates":[-6.2445,43.5961]},"properties":{}},{"type":"Feature","geometry":{"type":"Point","coordinates":[-6.2441,43.5954]},"properties":{}},{"type":"Feature","geometry":{"type":"Point","coordinates":[-6.243,43.5952]},"properties":{}},{"type":"Feature","geometry":{"type":"Point","coordinates":[-6.1478,43.5655]},"properties":{}},{"type":"Feature","geometry":{"type":"Point","coordinates":[-6.1465,43.5661]},"properties":{}},{"type":"Feature","geometry":{"type":"Point","coordinates":[-7.0452,43.5272]},"properties":{}},{"type":"Feature","geometry":{"type":"Point","coordinates":[-7.046,43.5276]},"properties":{}},{"type":"Feature","geometry":{"type":"Point","coordinates":[-7.0478,43.5284]},"properties":{}},{"type":"Feature","geometry":{"type":"Point","coordinates":[-7.046,43.5289]},"properties":{}},{"type":"Feature","geometry":{"type":"Point","coordinates":[-7.0442,43.5288]},"properties":{}},{"type":"Feature","geometry":{"type":"Point","coordinates":[-7.0427,43.529]},"properties":{}},{"type":"Feature","geometry":{"type":"Point","coordinates":[-7.0442,43.5292]},"properties":{}},{"type":"Feature","geometry":{"type":"Point","coordinates":[-7.0437,43.5298]},"properties":{}},{"type":"Feature","geometry":{"type":"Point","coordinates":[-7.0417,43.5304]},"properties":{}},{"type":"Feature","geometry":{"type":"Point","coordinates":[-7.0373,43.5331]},"properties":{}},{"type":"Feature","geometry":{"type":"Point","coordinates":[-7.0368,43.5341]},"properties":{}},{"type":"Feature","geometry":{"type":"Point","coordinates":[-7.0373,43.5346]},"properties":{}},{"type":"Feature","geometry":{"type":"Point","coordinates":[-7.0361,43.5359]},"properties":{}},{"type":"Feature","geometry":{"type":"Point","coordinates":[-7.036,43.5349]},"properties":{}},{"type":"Feature","geometry":{"type":"Point","coordinates":[-7.0353,43.5362]},"properties":{}},{"type":"Feature","geometry":{"type":"Point","coordinates":[-7.0355,43.5395]},"properties":{}},{"type":"Feature","geometry":{"type":"Point","coordinates":[-7.0356,43.5394]},"properties":{}},{"type":"Feature","geometry":{"type":"Point","coordinates":[-7.0354,43.5381]},"properties":{}},{"type":"Feature","geometry":{"type":"Point","coordinates":[-7.0374,43.539]},"properties":{}},{"type":"Feature","geometry":{"type":"Point","coordinates":[-7.0369,43.539]},"properties":{}},{"type":"Feature","geometry":{"type":"Point","coordinates":[-7.0372,43.5402]},"properties":{}},{"type":"Feature","geometry":{"type":"Point","coordinates":[-7.0373,43.5404]},"properties":{}},{"type":"Feature","geometry":{"type":"Point","coordinates":[-7.0375,43.5412]},"properties":{}},{"type":"Feature","geometry":{"type":"Point","coordinates":[-7.0371,43.542]},"properties":{}},{"type":"Feature","geometry":{"type":"Point","coordinates":[-7.0367,43.5421]},"properties":{}},{"type":"Feature","geometry":{"type":"Point","coordinates":[-7.0364,43.5423]},"properties":{}},{"type":"Feature","geometry":{"type":"Point","coordinates":[-7.0371,43.5425]},"properties":{}},{"type":"Feature","geometry":{"type":"Point","coordinates":[-7.0369,43.5433]},"properties":{}},{"type":"Feature","geometry":{"type":"Point","coordinates":[-7.0373,43.5437]},"properties":{}},{"type":"Feature","geometry":{"type":"Point","coordinates":[-6.76,43.5625]},"properties":{}},{"type":"Feature","geometry":{"type":"Point","coordinates":[-6.7608,43.5627]},"properties":{}},{"type":"Feature","geometry":{"type":"Point","coordinates":[-6.7614,43.563]},"properties":{}},{"type":"Feature","geometry":{"type":"Point","coordinates":[-6.7631,43.5631]},"properties":{}},{"type":"Feature","geometry":{"type":"Point","coordinates":[-6.7635,43.5644]},"properties":{}},{"type":"Feature","geometry":{"type":"Point","coordinates":[-6.7645,43.565]},"properties":{}},{"type":"Feature","geometry":{"type":"Point","coordinates":[-6.7637,43.5666]},"properties":{}},{"type":"Feature","geometry":{"type":"Point","coordinates":[-6.7629,43.5677]},"properties":{}},{"type":"Feature","geometry":{"type":"Point","coordinates":[-6.7633,43.5679]},"properties":{}},{"type":"Feature","geometry":{"type":"Point","coordinates":[-6.7635,43.5684]},"properties":{}},{"type":"Feature","geometry":{"type":"Point","coordinates":[-6.7647,43.5676]},"properties":{}},{"type":"Feature","geometry":{"type":"Point","coordinates":[-6.7667,43.5684]},"properties":{}},{"type":"Feature","geometry":{"type":"Point","coordinates":[-6.7672,43.5685]},"properties":{}},{"type":"Feature","geometry":{"type":"Point","coordinates":[-6.7683,43.5681]},"properties":{}},{"type":"Feature","geometry":{"type":"Point","coordinates":[-6.77,43.5667]},"properties":{}},{"type":"Feature","geometry":{"type":"Point","coordinates":[-6.7709,43.566]},"properties":{}},{"type":"Feature","geometry":{"type":"Point","coordinates":[-6.7717,43.5668]},"properties":{}},{"type":"Feature","geometry":{"type":"Point","coordinates":[-6.7728,43.5674]},"properties":{}},{"type":"Feature","geometry":{"type":"Point","coordinates":[-6.774,43.5673]},"properties":{}},{"type":"Feature","geometry":{"type":"Point","coordinates":[-6.7737,43.5678]},"properties":{}},{"type":"Feature","geometry":{"type":"Point","coordinates":[-6.7744,43.568]},"properties":{}},{"type":"Feature","geometry":{"type":"Point","coordinates":[-6.7749,43.5674]},"properties":{}},{"type":"Feature","geometry":{"type":"Point","coordinates":[-6.7757,43.5666]},"properties":{}},{"type":"Feature","geometry":{"type":"Point","coordinates":[-6.7763,43.5658]},"properties":{}},{"type":"Feature","geometry":{"type":"Point","coordinates":[-6.7782,43.5644]},"properties":{}},{"type":"Feature","geometry":{"type":"Point","coordinates":[-6.7806,43.5644]},"properties":{}},{"type":"Feature","geometry":{"type":"Point","coordinates":[-6.7812,43.5652]},"properties":{}},{"type":"Feature","geometry":{"type":"Point","coordinates":[-6.7825,43.565]},"properties":{}},{"type":"Feature","geometry":{"type":"Point","coordinates":[-6.7827,43.5645]},"properties":{}},{"type":"Feature","geometry":{"type":"Point","coordinates":[-6.7828,43.5637]},"properties":{}},{"type":"Feature","geometry":{"type":"Point","coordinates":[-6.7822,43.5623]},"properties":{}},{"type":"Feature","geometry":{"type":"Point","coordinates":[-6.7811,43.5603]},"properties":{}},{"type":"Feature","geometry":{"type":"Point","coordinates":[-6.7816,43.5582]},"properties":{}},{"type":"Feature","geometry":{"type":"Point","coordinates":[-7.0214,43.5514]},"properties":{}},{"type":"Feature","geometry":{"type":"Point","coordinates":[-7.0216,43.5507]},"properties":{}},{"type":"Feature","geometry":{"type":"Point","coordinates":[-7.0214,43.5501]},"properties":{}},{"type":"Feature","geometry":{"type":"Point","coordinates":[-7.0215,43.5496]},"properties":{}},{"type":"Feature","geometry":{"type":"Point","coordinates":[-7.0215,43.5492]},"properties":{}},{"type":"Feature","geometry":{"type":"Point","coordinates":[-7.022,43.5479]},"properties":{}},{"type":"Feature","geometry":{"type":"Point","coordinates":[-7.0234,43.5475]},"properties":{}},{"type":"Feature","geometry":{"type":"Point","coordinates":[-7.0242,43.547]},"properties":{}},{"type":"Feature","geometry":{"type":"Point","coordinates":[-7.0258,43.5469]},"properties":{}},{"type":"Feature","geometry":{"type":"Point","coordinates":[-7.0251,43.5464]},"properties":{}},{"type":"Feature","geometry":{"type":"Point","coordinates":[-7.0259,43.5457]},"properties":{}},{"type":"Feature","geometry":{"type":"Point","coordinates":[-7.0274,43.5455]},"properties":{}},{"type":"Feature","geometry":{"type":"Point","coordinates":[-7.0283,43.5452]},"properties":{}},{"type":"Feature","geometry":{"type":"Point","coordinates":[-7.0289,43.5445]},"properties":{}},{"type":"Feature","geometry":{"type":"Point","coordinates":[-7.0301,43.5447]},"properties":{}},{"type":"Feature","geometry":{"type":"Point","coordinates":[-6.8704,43.5691]},"properties":{}},{"type":"Feature","geometry":{"type":"Point","coordinates":[-6.8712,43.5686]},"properties":{}},{"type":"Feature","geometry":{"type":"Point","coordinates":[-6.8707,43.5684]},"properties":{}},{"type":"Feature","geometry":{"type":"Point","coordinates":[-6.8706,43.5687]},"properties":{}},{"type":"Feature","geometry":{"type":"Point","coordinates":[-6.7828,43.5569]},"properties":{}},{"type":"Feature","geometry":{"type":"Point","coordinates":[-6.7859,43.5557]},"properties":{}},{"type":"Feature","geometry":{"type":"Point","coordinates":[-6.788,43.5557]},"properties":{}},{"type":"Feature","geometry":{"type":"Point","coordinates":[-6.7899,43.5566]},"properties":{}},{"type":"Feature","geometry":{"type":"Point","coordinates":[-6.7927,43.5572]},"properties":{}},{"type":"Feature","geometry":{"type":"Point","coordinates":[-6.7946,43.5574]},"properties":{}},{"type":"Feature","geometry":{"type":"Point","coordinates":[-6.7953,43.5569]},"properties":{}},{"type":"Feature","geometry":{"type":"Point","coordinates":[-6.7979,43.5553]},"properties":{}},{"type":"Feature","geometry":{"type":"Point","coordinates":[-6.8006,43.5557]},"properties":{}},{"type":"Feature","geometry":{"type":"Point","coordinates":[-6.8022,43.5564]},"properties":{}},{"type":"Feature","geometry":{"type":"Point","coordinates":[-6.3605,43.5518]},"properties":{}},{"type":"Feature","geometry":{"type":"Point","coordinates":[-6.3628,43.5533]},"properties":{}},{"type":"Feature","geometry":{"type":"Point","coordinates":[-6.3658,43.5516]},"properties":{}},{"type":"Feature","geometry":{"type":"Point","coordinates":[-6.3682,43.5517]},"properties":{}},{"type":"Feature","geometry":{"type":"Point","coordinates":[-6.3684,43.5514]},"properties":{}},{"type":"Feature","geometry":{"type":"Point","coordinates":[-6.8745,43.5659]},"properties":{}},{"type":"Feature","geometry":{"type":"Point","coordinates":[-6.8743,43.5673]},"properties":{}},{"type":"Feature","geometry":{"type":"Point","coordinates":[-6.8741,43.5667]},"properties":{}},{"type":"Feature","geometry":{"type":"Point","coordinates":[-6.7339,43.5645]},"properties":{}},{"type":"Feature","geometry":{"type":"Point","coordinates":[-6.735,43.564]},"properties":{}},{"type":"Feature","geometry":{"type":"Point","coordinates":[-6.7362,43.5639]},"properties":{}},{"type":"Feature","geometry":{"type":"Point","coordinates":[-6.7374,43.5624]},"properties":{}},{"type":"Feature","geometry":{"type":"Point","coordinates":[-6.7402,43.5613]},"properties":{}},{"type":"Feature","geometry":{"type":"Point","coordinates":[-6.7405,43.5612]},"properties":{}},{"type":"Feature","geometry":{"type":"Point","coordinates":[-6.7412,43.5606]},"properties":{}},{"type":"Feature","geometry":{"type":"Point","coordinates":[-6.7413,43.5611]},"properties":{}},{"type":"Feature","geometry":{"type":"Point","coordinates":[-6.7405,43.5621]},"properties":{}},{"type":"Feature","geometry":{"type":"Point","coordinates":[-6.7421,43.5635]},"properties":{}},{"type":"Feature","geometry":{"type":"Point","coordinates":[-6.7423,43.5644]},"properties":{}},{"type":"Feature","geometry":{"type":"Point","coordinates":[-6.7433,43.5643]},"properties":{}},{"type":"Feature","geometry":{"type":"Point","coordinates":[-6.7447,43.5649]},"properties":{}},{"type":"Feature","geometry":{"type":"Point","coordinates":[-6.7461,43.5657]},"properties":{}},{"type":"Feature","geometry":{"type":"Point","coordinates":[-6.7478,43.5662]},"properties":{}},{"type":"Feature","geometry":{"type":"Point","coordinates":[-6.749,43.5655]},"properties":{}},{"type":"Feature","geometry":{"type":"Point","coordinates":[-6.7502,43.5644]},"properties":{}},{"type":"Feature","geometry":{"type":"Point","coordinates":[-6.7525,43.5645]},"properties":{}},{"type":"Feature","geometry":{"type":"Point","coordinates":[-6.7535,43.5631]},"properties":{}},{"type":"Feature","geometry":{"type":"Point","coordinates":[-6.7559,43.5633]},"properties":{}},{"type":"Feature","geometry":{"type":"Point","coordinates":[-6.757,43.5617]},"properties":{}},{"type":"Feature","geometry":{"type":"Point","coordinates":[-6.7585,43.5611]},"properties":{}},{"type":"Feature","geometry":{"type":"Point","coordinates":[-6.8903,43.5714]},"properties":{}},{"type":"Feature","geometry":{"type":"Point","coordinates":[-6.8909,43.5705]},"properties":{}},{"type":"Feature","geometry":{"type":"Point","coordinates":[-6.8899,43.5714]},"properties":{}},{"type":"Feature","geometry":{"type":"Point","coordinates":[-6.2968,43.5694]},"properties":{}},{"type":"Feature","geometry":{"type":"Point","coordinates":[-6.2963,43.5705]},"properties":{}},{"type":"Feature","geometry":{"type":"Point","coordinates":[-6.2988,43.5693]},"properties":{}},{"type":"Feature","geometry":{"type":"Point","coordinates":[-6.2976,43.5694]},"properties":{}},{"type":"Feature","geometry":{"type":"Point","coordinates":[-6.2974,43.5694]},"properties":{}},{"type":"Feature","geometry":{"type":"Point","coordinates":[-6.536,43.5487]},"properties":{}},{"type":"Feature","geometry":{"type":"Point","coordinates":[-6.4654,43.5687]},"properties":{}},{"type":"Feature","geometry":{"type":"Point","coordinates":[-6.4669,43.5694]},"properties":{}},{"type":"Feature","geometry":{"type":"Point","coordinates":[-6.4676,43.5697]},"properties":{}},{"type":"Feature","geometry":{"type":"Point","coordinates":[-6.4689,43.5702]},"properties":{}},{"type":"Feature","geometry":{"type":"Point","coordinates":[-6.4698,43.5711]},"properties":{}},{"type":"Feature","geometry":{"type":"Point","coordinates":[-6.4708,43.5706]},"properties":{}},{"type":"Feature","geometry":{"type":"Point","coordinates":[-6.4709,43.5703]},"properties":{}},{"type":"Feature","geometry":{"type":"Point","coordinates":[-6.4714,43.5683]},"properties":{}},{"type":"Feature","geometry":{"type":"Point","coordinates":[-6.4728,43.5679]},"properties":{}},{"type":"Feature","geometry":{"type":"Point","coordinates":[-6.473,43.5679]},"properties":{}},{"type":"Feature","geometry":{"type":"Point","coordinates":[-6.473,43.5669]},"properties":{}},{"type":"Feature","geometry":{"type":"Point","coordinates":[-6.4727,43.5663]},"properties":{}},{"type":"Feature","geometry":{"type":"Point","coordinates":[-6.4726,43.5659]},"properties":{}},{"type":"Feature","geometry":{"type":"Point","coordinates":[-6.4723,43.5648]},"properties":{}},{"type":"Feature","geometry":{"type":"Point","coordinates":[-6.474,43.5634]},"properties":{}},{"type":"Feature","geometry":{"type":"Point","coordinates":[-6.4755,43.5634]},"properties":{}},{"type":"Feature","geometry":{"type":"Point","coordinates":[-6.4744,43.5629]},"properties":{}},{"type":"Feature","geometry":{"type":"Point","coordinates":[-6.4738,43.5615]},"properties":{}},{"type":"Feature","geometry":{"type":"Point","coordinates":[-6.4746,43.5606]},"properties":{}},{"type":"Feature","geometry":{"type":"Point","coordinates":[-6.4736,43.5582]},"properties":{}},{"type":"Feature","geometry":{"type":"Point","coordinates":[-6.4736,43.5572]},"properties":{}},{"type":"Feature","geometry":{"type":"Point","coordinates":[-6.4745,43.5556]},"properties":{}},{"type":"Feature","geometry":{"type":"Point","coordinates":[-6.4739,43.5549]},"properties":{}},{"type":"Feature","geometry":{"type":"Point","coordinates":[-6.4727,43.5542]},"properties":{}},{"type":"Feature","geometry":{"type":"Point","coordinates":[-6.4725,43.5536]},"properties":{}},{"type":"Feature","geometry":{"type":"Point","coordinates":[-6.2783,43.5726]},"properties":{}},{"type":"Feature","geometry":{"type":"Point","coordinates":[-6.2792,43.5725]},"properties":{}},{"type":"Feature","geometry":{"type":"Point","coordinates":[-6.2798,43.5725]},"properties":{}},{"type":"Feature","geometry":{"type":"Point","coordinates":[-6.2804,43.5726]},"properties":{}},{"type":"Feature","geometry":{"type":"Point","coordinates":[-6.2808,43.5726]},"properties":{}},{"type":"Feature","geometry":{"type":"Point","coordinates":[-6.2812,43.5716]},"properties":{}},{"type":"Feature","geometry":{"type":"Point","coordinates":[-6.2835,43.5705]},"properties":{}},{"type":"Feature","geometry":{"type":"Point","coordinates":[-6.2859,43.5697]},"properties":{}},{"type":"Feature","geometry":{"type":"Point","coordinates":[-6.2877,43.5699]},"properties":{}},{"type":"Feature","geometry":{"type":"Point","coordinates":[-6.2888,43.5705]},"properties":{}},{"type":"Feature","geometry":{"type":"Point","coordinates":[-6.2898,43.5705]},"properties":{}},{"type":"Feature","geometry":{"type":"Point","coordinates":[-6.2899,43.5709]},"properties":{}},{"type":"Feature","geometry":{"type":"Point","coordinates":[-6.2913,43.5703]},"properties":{}},{"type":"Feature","geometry":{"type":"Point","coordinates":[-6.2938,43.5694]},"properties":{}},{"type":"Feature","geometry":{"type":"Point","coordinates":[-6.2943,43.5703]},"properties":{}},{"type":"Feature","geometry":{"type":"Point","coordinates":[-6.2949,43.5701]},"properties":{}},{"type":"Feature","geometry":{"type":"Point","coordinates":[-6.2947,43.5696]},"properties":{}},{"type":"Feature","geometry":{"type":"Point","coordinates":[-6.2956,43.5701]},"properties":{}},{"type":"Feature","geometry":{"type":"Point","coordinates":[-6.2966,43.5694]},"properties":{}},{"type":"Feature","geometry":{"type":"Point","coordinates":[-6.297,43.5686]},"properties":{}},{"type":"Feature","geometry":{"type":"Point","coordinates":[-6.2967,43.5684]},"properties":{}},{"type":"Feature","geometry":{"type":"Point","coordinates":[-6.2951,43.5678]},"properties":{}},{"type":"Feature","geometry":{"type":"Point","coordinates":[-6.2963,43.5659]},"properties":{}},{"type":"Feature","geometry":{"type":"Point","coordinates":[-6.2995,43.5656]},"properties":{}},{"type":"Feature","geometry":{"type":"Point","coordinates":[-6.3012,43.5647]},"properties":{}},{"type":"Feature","geometry":{"type":"Point","coordinates":[-6.1922,43.5805]},"properties":{}},{"type":"Feature","geometry":{"type":"Point","coordinates":[-6.1916,43.581]},"properties":{}},{"type":"Feature","geometry":{"type":"Point","coordinates":[-6.1918,43.582]},"properties":{}},{"type":"Feature","geometry":{"type":"Point","coordinates":[-6.1924,43.5819]},"properties":{}},{"type":"Feature","geometry":{"type":"Point","coordinates":[-6.1934,43.5814]},"properties":{}},{"type":"Feature","geometry":{"type":"Point","coordinates":[-6.1935,43.5811]},"properties":{}},{"type":"Feature","geometry":{"type":"Point","coordinates":[-6.1929,43.5808]},"properties":{}},{"type":"Feature","geometry":{"type":"Point","coordinates":[-5.8636,43.6619]},"properties":{}},{"type":"Feature","geometry":{"type":"Point","coordinates":[-5.8634,43.6623]},"properties":{}},{"type":"Feature","geometry":{"type":"Point","coordinates":[-5.8632,43.6628]},"properties":{}},{"type":"Feature","geometry":{"type":"Point","coordinates":[-5.8636,43.6645]},"properties":{}},{"type":"Feature","geometry":{"type":"Point","coordinates":[-5.8637,43.6639]},"properties":{}},{"type":"Feature","geometry":{"type":"Point","coordinates":[-5.8641,43.6638]},"properties":{}},{"type":"Feature","geometry":{"type":"Point","coordinates":[-5.8646,43.6635]},"properties":{}},{"type":"Feature","geometry":{"type":"Point","coordinates":[-5.8652,43.6631]},"properties":{}},{"type":"Feature","geometry":{"type":"Point","coordinates":[-5.8646,43.6629]},"properties":{}},{"type":"Feature","geometry":{"type":"Point","coordinates":[-5.8644,43.6629]},"properties":{}},{"type":"Feature","geometry":{"type":"Point","coordinates":[-5.8643,43.6624]},"properties":{}},{"type":"Feature","geometry":{"type":"Point","coordinates":[-5.8641,43.6622]},"properties":{}},{"type":"Feature","geometry":{"type":"Point","coordinates":[-5.8646,43.6621]},"properties":{}},{"type":"Feature","geometry":{"type":"Point","coordinates":[-5.8643,43.662]},"properties":{}},{"type":"Feature","geometry":{"type":"Point","coordinates":[-5.864,43.6618]},"properties":{}},{"type":"Feature","geometry":{"type":"Point","coordinates":[-6.2055,43.5757]},"properties":{}},{"type":"Feature","geometry":{"type":"Point","coordinates":[-6.2067,43.5782]},"properties":{}},{"type":"Feature","geometry":{"type":"Point","coordinates":[-6.2067,43.58]},"properties":{}},{"type":"Feature","geometry":{"type":"Point","coordinates":[-6.2082,43.5811]},"properties":{}},{"type":"Feature","geometry":{"type":"Point","coordinates":[-6.2087,43.5817]},"properties":{}},{"type":"Feature","geometry":{"type":"Point","coordinates":[-6.2082,43.5829]},"properties":{}},{"type":"Feature","geometry":{"type":"Point","coordinates":[-6.2083,43.5839]},"properties":{}},{"type":"Feature","geometry":{"type":"Point","coordinates":[-6.2089,43.5849]},"properties":{}},{"type":"Feature","geometry":{"type":"Point","coordinates":[-6.2095,43.5845]},"properties":{}},{"type":"Feature","geometry":{"type":"Point","coordinates":[-6.2099,43.5838]},"properties":{}},{"type":"Feature","geometry":{"type":"Point","coordinates":[-6.2101,43.5849]},"properties":{}},{"type":"Feature","geometry":{"type":"Point","coordinates":[-6.2103,43.5832]},"properties":{}},{"type":"Feature","geometry":{"type":"Point","coordinates":[-6.2104,43.5817]},"properties":{}},{"type":"Feature","geometry":{"type":"Point","coordinates":[-6.2125,43.5812]},"properties":{}},{"type":"Feature","geometry":{"type":"Point","coordinates":[-6.2149,43.5794]},"properties":{}},{"type":"Feature","geometry":{"type":"Point","coordinates":[-6.2171,43.5787]},"properties":{}},{"type":"Feature","geometry":{"type":"Point","coordinates":[-6.2191,43.5779]},"properties":{}},{"type":"Feature","geometry":{"type":"Point","coordinates":[-6.8726,43.5662]},"properties":{}},{"type":"Feature","geometry":{"type":"Point","coordinates":[-6.8738,43.5655]},"properties":{}},{"type":"Feature","geometry":{"type":"Point","coordinates":[-6.811,43.5543]},"properties":{}},{"type":"Feature","geometry":{"type":"Point","coordinates":[-6.8131,43.5556]},"properties":{}},{"type":"Feature","geometry":{"type":"Point","coordinates":[-6.8143,43.5563]},"properties":{}},{"type":"Feature","geometry":{"type":"Point","coordinates":[-6.8155,43.5558]},"properties":{}},{"type":"Feature","geometry":{"type":"Point","coordinates":[-6.8174,43.556]},"properties":{}},{"type":"Feature","geometry":{"type":"Point","coordinates":[-6.8177,43.5575]},"properties":{}},{"type":"Feature","geometry":{"type":"Point","coordinates":[-6.8176,43.5582]},"properties":{}},{"type":"Feature","geometry":{"type":"Point","coordinates":[-6.8174,43.5584]},"properties":{}},{"type":"Feature","geometry":{"type":"Point","coordinates":[-6.8181,43.5588]},"properties":{}},{"type":"Feature","geometry":{"type":"Point","coordinates":[-6.8187,43.5588]},"properties":{}},{"type":"Feature","geometry":{"type":"Point","coordinates":[-6.8191,43.5591]},"properties":{}},{"type":"Feature","geometry":{"type":"Point","coordinates":[-6.8201,43.5598]},"properties":{}},{"type":"Feature","geometry":{"type":"Point","coordinates":[-6.8201,43.5613]},"properties":{}},{"type":"Feature","geometry":{"type":"Point","coordinates":[-6.8202,43.5617]},"properties":{}},{"type":"Feature","geometry":{"type":"Point","coordinates":[-6.8214,43.562]},"properties":{}},{"type":"Feature","geometry":{"type":"Point","coordinates":[-6.8214,43.5627]},"properties":{}},{"type":"Feature","geometry":{"type":"Point","coordinates":[-6.8215,43.5631]},"properties":{}},{"type":"Feature","geometry":{"type":"Point","coordinates":[-6.8218,43.5628]},"properties":{}},{"type":"Feature","geometry":{"type":"Point","coordinates":[-6.823,43.5625]},"properties":{}},{"type":"Feature","geometry":{"type":"Point","coordinates":[-6.8234,43.5632]},"properties":{}},{"type":"Feature","geometry":{"type":"Point","coordinates":[-6.8239,43.5639]},"properties":{}},{"type":"Feature","geometry":{"type":"Point","coordinates":[-6.8248,43.5634]},"properties":{}},{"type":"Feature","geometry":{"type":"Point","coordinates":[-6.8247,43.5642]},"properties":{}},{"type":"Feature","geometry":{"type":"Point","coordinates":[-6.8249,43.5648]},"properties":{}},{"type":"Feature","geometry":{"type":"Point","coordinates":[-6.8258,43.564]},"properties":{}},{"type":"Feature","geometry":{"type":"Point","coordinates":[-6.8274,43.5638]},"properties":{}},{"type":"Feature","geometry":{"type":"Point","coordinates":[-6.8285,43.5644]},"properties":{}},{"type":"Feature","geometry":{"type":"Point","coordinates":[-6.8298,43.5653]},"properties":{}},{"type":"Feature","geometry":{"type":"Point","coordinates":[-6.8302,43.5653]},"properties":{}},{"type":"Feature","geometry":{"type":"Point","coordinates":[-6.8313,43.566]},"properties":{}},{"type":"Feature","geometry":{"type":"Point","coordinates":[-6.8322,43.5657]},"properties":{}},{"type":"Feature","geometry":{"type":"Point","coordinates":[-6.8334,43.5666]},"properties":{}},{"type":"Feature","geometry":{"type":"Point","coordinates":[-6.834,43.5667]},"properties":{}},{"type":"Feature","geometry":{"type":"Point","coordinates":[-6.8356,43.5654]},"properties":{}},{"type":"Feature","geometry":{"type":"Point","coordinates":[-6.8353,43.5669]},"properties":{}},{"type":"Feature","geometry":{"type":"Point","coordinates":[-6.8362,43.5668]},"properties":{}},{"type":"Feature","geometry":{"type":"Point","coordinates":[-6.838,43.567]},"properties":{}},{"type":"Feature","geometry":{"type":"Point","coordinates":[-6.8399,43.5661]},"properties":{}},{"type":"Feature","geometry":{"type":"Point","coordinates":[-6.8407,43.5658]},"properties":{}},{"type":"Feature","geometry":{"type":"Point","coordinates":[-6.8394,43.5651]},"properties":{}},{"type":"Feature","geometry":{"type":"Point","coordinates":[-6.8396,43.5649]},"properties":{}},{"type":"Feature","geometry":{"type":"Point","coordinates":[-6.8384,43.5644]},"properties":{}},{"type":"Feature","geometry":{"type":"Point","coordinates":[-6.5535,43.5522]},"properties":{}},{"type":"Feature","geometry":{"type":"Point","coordinates":[-6.5554,43.5511]},"properties":{}},{"type":"Feature","geometry":{"type":"Point","coordinates":[-6.5572,43.5504]},"properties":{}},{"type":"Feature","geometry":{"type":"Point","coordinates":[-6.1037,43.5599]},"properties":{}},{"type":"Feature","geometry":{"type":"Point","coordinates":[-6.1053,43.558]},"properties":{}},{"type":"Feature","geometry":{"type":"Point","coordinates":[-6.1073,43.5564]},"properties":{}},{"type":"Feature","geometry":{"type":"Point","coordinates":[-6.109,43.556]},"properties":{}},{"type":"Feature","geometry":{"type":"Point","coordinates":[-6.1097,43.5569]},"properties":{}},{"type":"Feature","geometry":{"type":"Point","coordinates":[-6.1098,43.5568]},"properties":{}},{"type":"Feature","geometry":{"type":"Point","coordinates":[-6.1105,43.5573]},"properties":{}},{"type":"Feature","geometry":{"type":"Point","coordinates":[-6.1111,43.5573]},"properties":{}},{"type":"Feature","geometry":{"type":"Point","coordinates":[-6.1115,43.5572]},"properties":{}},{"type":"Feature","geometry":{"type":"Point","coordinates":[-6.0324,43.5889]},"properties":{}},{"type":"Feature","geometry":{"type":"Point","coordinates":[-6.0312,43.5906]},"properties":{}},{"type":"Feature","geometry":{"type":"Point","coordinates":[-6.0306,43.5919]},"properties":{}},{"type":"Feature","geometry":{"type":"Point","coordinates":[-6.0313,43.5919]},"properties":{}},{"type":"Feature","geometry":{"type":"Point","coordinates":[-6.0319,43.5914]},"properties":{}},{"type":"Feature","geometry":{"type":"Point","coordinates":[-6.0329,43.5908]},"properties":{}},{"type":"Feature","geometry":{"type":"Point","coordinates":[-6.0335,43.5912]},"properties":{}},{"type":"Feature","geometry":{"type":"Point","coordinates":[-6.0339,43.5904]},"properties":{}},{"type":"Feature","geometry":{"type":"Point","coordinates":[-6.0345,43.59]},"properties":{}},{"type":"Feature","geometry":{"type":"Point","coordinates":[-6.0347,43.5896]},"properties":{}},{"type":"Feature","geometry":{"type":"Point","coordinates":[-6.0343,43.5891]},"properties":{}},{"type":"Feature","geometry":{"type":"Point","coordinates":[-6.0327,43.5888]},"properties":{}},{"type":"Feature","geometry":{"type":"Point","coordinates":[-6.893,43.568]},"properties":{}},{"type":"Feature","geometry":{"type":"Point","coordinates":[-6.8939,43.5684]},"properties":{}},{"type":"Feature","geometry":{"type":"Point","coordinates":[-6.8941,43.5688]},"properties":{}},{"type":"Feature","geometry":{"type":"Point","coordinates":[-6.8945,43.569]},"properties":{}},{"type":"Feature","geometry":{"type":"Point","coordinates":[-6.8953,43.5685]},"properties":{}},{"type":"Feature","geometry":{"type":"Point","coordinates":[-6.8963,43.5688]},"properties":{}},{"type":"Feature","geometry":{"type":"Point","coordinates":[-6.896,43.5691]},"properties":{}},{"type":"Feature","geometry":{"type":"Point","coordinates":[-6.8964,43.57]},"properties":{}},{"type":"Feature","geometry":{"type":"Point","coordinates":[-6.8972,43.5701]},"properties":{}},{"type":"Feature","geometry":{"type":"Point","coordinates":[-6.8984,43.5701]},"properties":{}},{"type":"Feature","geometry":{"type":"Point","coordinates":[-6.8997,43.5703]},"properties":{}},{"type":"Feature","geometry":{"type":"Point","coordinates":[-6.8998,43.5709]},"properties":{}},{"type":"Feature","geometry":{"type":"Point","coordinates":[-6.9007,43.5706]},"properties":{}},{"type":"Feature","geometry":{"type":"Point","coordinates":[-6.901,43.5702]},"properties":{}},{"type":"Feature","geometry":{"type":"Point","coordinates":[-6.9014,43.5697]},"properties":{}},{"type":"Feature","geometry":{"type":"Point","coordinates":[-6.9027,43.5696]},"properties":{}},{"type":"Feature","geometry":{"type":"Point","coordinates":[-6.9029,43.5689]},"properties":{}},{"type":"Feature","geometry":{"type":"Point","coordinates":[-6.9037,43.568]},"properties":{}},{"type":"Feature","geometry":{"type":"Point","coordinates":[-6.9043,43.5677]},"properties":{}},{"type":"Feature","geometry":{"type":"Point","coordinates":[-6.9056,43.5683]},"properties":{}},{"type":"Feature","geometry":{"type":"Point","coordinates":[-6.9067,43.5682]},"properties":{}},{"type":"Feature","geometry":{"type":"Point","coordinates":[-6.9068,43.5676]},"properties":{}},{"type":"Feature","geometry":{"type":"Point","coordinates":[-6.9072,43.5671]},"properties":{}},{"type":"Feature","geometry":{"type":"Point","coordinates":[-6.9082,43.5665]},"properties":{}},{"type":"Feature","geometry":{"type":"Point","coordinates":[-6.909,43.5665]},"properties":{}},{"type":"Feature","geometry":{"type":"Point","coordinates":[-6.9098,43.5662]},"properties":{}},{"type":"Feature","geometry":{"type":"Point","coordinates":[-6.9108,43.5666]},"properties":{}},{"type":"Feature","geometry":{"type":"Point","coordinates":[-6.9112,43.5675]},"properties":{}},{"type":"Feature","geometry":{"type":"Point","coordinates":[-6.9101,43.5682]},"properties":{}},{"type":"Feature","geometry":{"type":"Point","coordinates":[-6.9102,43.5685]},"properties":{}},{"type":"Feature","geometry":{"type":"Point","coordinates":[-6.9114,43.5685]},"properties":{}},{"type":"Feature","geometry":{"type":"Point","coordinates":[-6.9119,43.569]},"properties":{}},{"type":"Feature","geometry":{"type":"Point","coordinates":[-6.9109,43.5697]},"properties":{}},{"type":"Feature","geometry":{"type":"Point","coordinates":[-6.912,43.5692]},"properties":{}},{"type":"Feature","geometry":{"type":"Point","coordinates":[-6.9129,43.5695]},"properties":{}},{"type":"Feature","geometry":{"type":"Point","coordinates":[-6.913,43.57]},"properties":{}},{"type":"Feature","geometry":{"type":"Point","coordinates":[-7.0228,43.5342]},"properties":{}},{"type":"Feature","geometry":{"type":"Point","coordinates":[-7.0189,43.5334]},"properties":{}},{"type":"Feature","geometry":{"type":"Point","coordinates":[-7.0184,43.533]},"properties":{}},{"type":"Feature","geometry":{"type":"Point","coordinates":[-7.0169,43.5331]},"properties":{}},{"type":"Feature","geometry":{"type":"Point","coordinates":[-7.0157,43.5342]},"properties":{}},{"type":"Feature","geometry":{"type":"Point","coordinates":[-7.0138,43.5351]},"properties":{}},{"type":"Feature","geometry":{"type":"Point","coordinates":[-7.0144,43.5342]},"properties":{}},{"type":"Feature","geometry":{"type":"Point","coordinates":[-7.0158,43.5331]},"properties":{}},{"type":"Feature","geometry":{"type":"Point","coordinates":[-7.0145,43.5331]},"properties":{}},{"type":"Feature","geometry":{"type":"Point","coordinates":[-7.0136,43.5313]},"properties":{}},{"type":"Feature","geometry":{"type":"Point","coordinates":[-7.0079,43.5318]},"properties":{}},{"type":"Feature","geometry":{"type":"Point","coordinates":[-7.0065,43.5302]},"properties":{}},{"type":"Feature","geometry":{"type":"Point","coordinates":[-7.0082,43.5283]},"properties":{}},{"type":"Feature","geometry":{"type":"Point","coordinates":[-7.006,43.5271]},"properties":{}},{"type":"Feature","geometry":{"type":"Point","coordinates":[-7.0079,43.5273]},"properties":{}},{"type":"Feature","geometry":{"type":"Point","coordinates":[-7.01,43.5266]},"properties":{}},{"type":"Feature","geometry":{"type":"Point","coordinates":[-7.0129,43.525]},"properties":{}},{"type":"Feature","geometry":{"type":"Point","coordinates":[-7.0152,43.5246]},"properties":{}},{"type":"Feature","geometry":{"type":"Point","coordinates":[-7.0173,43.526]},"properties":{}},{"type":"Feature","geometry":{"type":"Point","coordinates":[-7.0211,43.5249]},"properties":{}},{"type":"Feature","geometry":{"type":"Point","coordinates":[-7.0236,43.5252]},"properties":{}},{"type":"Feature","geometry":{"type":"Point","coordinates":[-7.0259,43.525]},"properties":{}},{"type":"Feature","geometry":{"type":"Point","coordinates":[-6.5037,43.5494]},"properties":{}},{"type":"Feature","geometry":{"type":"Point","coordinates":[-6.5048,43.5492]},"properties":{}},{"type":"Feature","geometry":{"type":"Point","coordinates":[-6.5062,43.5494]},"properties":{}},{"type":"Feature","geometry":{"type":"Point","coordinates":[-6.5069,43.5504]},"properties":{}},{"type":"Feature","geometry":{"type":"Point","coordinates":[-6.5077,43.5502]},"properties":{}},{"type":"Feature","geometry":{"type":"Point","coordinates":[-6.508,43.5491]},"properties":{}},{"type":"Feature","geometry":{"type":"Point","coordinates":[-6.5083,43.5496]},"properties":{}},{"type":"Feature","geometry":{"type":"Point","coordinates":[-6.5102,43.5489]},"properties":{}},{"type":"Feature","geometry":{"type":"Point","coordinates":[-6.5116,43.5475]},"properties":{}},{"type":"Feature","geometry":{"type":"Point","coordinates":[-6.5134,43.5472]},"properties":{}},{"type":"Feature","geometry":{"type":"Point","coordinates":[-6.5151,43.548]},"properties":{}},{"type":"Feature","geometry":{"type":"Point","coordinates":[-6.8664,43.5691]},"properties":{}},{"type":"Feature","geometry":{"type":"Point","coordinates":[-6.8662,43.5705]},"properties":{}},{"type":"Feature","geometry":{"type":"Point","coordinates":[-6.8678,43.5691]},"properties":{}},{"type":"Feature","geometry":{"type":"Point","coordinates":[-6.8689,43.5683]},"properties":{}},{"type":"Feature","geometry":{"type":"Point","coordinates":[-6.8705,43.5669]},"properties":{}},{"type":"Feature","geometry":{"type":"Point","coordinates":[-6.872,43.5654]},"properties":{}},{"type":"Feature","geometry":{"type":"Point","coordinates":[-6.8732,43.5637]},"properties":{}},{"type":"Feature","geometry":{"type":"Point","coordinates":[-6.8755,43.5623]},"properties":{}},{"type":"Feature","geometry":{"type":"Point","coordinates":[-7.0233,43.5596]},"properties":{}},{"type":"Feature","geometry":{"type":"Point","coordinates":[-7.0226,43.5572]},"properties":{}},{"type":"Feature","geometry":{"type":"Point","coordinates":[-7.0224,43.5563]},"properties":{}},{"type":"Feature","geometry":{"type":"Point","coordinates":[-7.0247,43.5566]},"properties":{}},{"type":"Feature","geometry":{"type":"Point","coordinates":[-7.026,43.5575]},"properties":{}},{"type":"Feature","geometry":{"type":"Point","coordinates":[-7.0279,43.5575]},"properties":{}},{"type":"Feature","geometry":{"type":"Point","coordinates":[-6.1303,43.5592]},"properties":{}},{"type":"Feature","geometry":{"type":"Point","coordinates":[-6.133,43.5584]},"properties":{}},{"type":"Feature","geometry":{"type":"Point","coordinates":[-6.1335,43.5599]},"properties":{}},{"type":"Feature","geometry":{"type":"Point","coordinates":[-6.1357,43.5605]},"properties":{}},{"type":"Feature","geometry":{"type":"Point","coordinates":[-6.1358,43.5637]},"properties":{}},{"type":"Feature","geometry":{"type":"Point","coordinates":[-6.1362,43.5642]},"properties":{}},{"type":"Feature","geometry":{"type":"Point","coordinates":[-6.137,43.5645]},"properties":{}},{"type":"Feature","geometry":{"type":"Point","coordinates":[-6.1381,43.5646]},"properties":{}},{"type":"Feature","geometry":{"type":"Point","coordinates":[-6.1394,43.5648]},"properties":{}},{"type":"Feature","geometry":{"type":"Point","coordinates":[-6.1411,43.5648]},"properties":{}},{"type":"Feature","geometry":{"type":"Point","coordinates":[-6.1425,43.565]},"properties":{}},{"type":"Feature","geometry":{"type":"Point","coordinates":[-6.144,43.5649]},"properties":{}},{"type":"Feature","geometry":{"type":"Point","coordinates":[-6.5343,43.5476]},"properties":{}},{"type":"Feature","geometry":{"type":"Point","coordinates":[-6.5337,43.547]},"properties":{}},{"type":"Feature","geometry":{"type":"Point","coordinates":[-6.5324,43.5469]},"properties":{}},{"type":"Feature","geometry":{"type":"Point","coordinates":[-6.532,43.546]},"properties":{}},{"type":"Feature","geometry":{"type":"Point","coordinates":[-6.4727,43.5533]},"properties":{}},{"type":"Feature","geometry":{"type":"Point","coordinates":[-6.472,43.5521]},"properties":{}},{"type":"Feature","geometry":{"type":"Point","coordinates":[-6.4723,43.551]},"properties":{}},{"type":"Feature","geometry":{"type":"Point","coordinates":[-6.4767,43.5502]},"properties":{}},{"type":"Feature","geometry":{"type":"Point","coordinates":[-6.4781,43.5503]},"properties":{}},{"type":"Feature","geometry":{"type":"Point","coordinates":[-6.4789,43.5512]},"properties":{}},{"type":"Feature","geometry":{"type":"Point","coordinates":[-6.4803,43.5519]},"properties":{}},{"type":"Feature","geometry":{"type":"Point","coordinates":[-6.4807,43.552]},"properties":{}},{"type":"Feature","geometry":{"type":"Point","coordinates":[-6.481,43.5527]},"properties":{}},{"type":"Feature","geometry":{"type":"Point","coordinates":[-6.4816,43.5528]},"properties":{}},{"type":"Feature","geometry":{"type":"Point","coordinates":[-6.4818,43.5531]},"properties":{}},{"type":"Feature","geometry":{"type":"Point","coordinates":[-6.4833,43.5525]},"properties":{}},{"type":"Feature","geometry":{"type":"Point","coordinates":[-6.4849,43.5508]},"properties":{}},{"type":"Feature","geometry":{"type":"Point","coordinates":[-6.4865,43.5502]},"properties":{}},{"type":"Feature","geometry":{"type":"Point","coordinates":[-6.4881,43.5491]},"properties":{}},{"type":"Feature","geometry":{"type":"Point","coordinates":[-7.0495,43.5563]},"properties":{}},{"type":"Feature","geometry":{"type":"Point","coordinates":[-7.0485,43.5562]},"properties":{}},{"type":"Feature","geometry":{"type":"Point","coordinates":[-7.0487,43.557]},"properties":{}},{"type":"Feature","geometry":{"type":"Point","coordinates":[-7.0498,43.5573]},"properties":{}},{"type":"Feature","geometry":{"type":"Point","coordinates":[-7.0506,43.4761]},"properties":{}},{"type":"Feature","geometry":{"type":"Point","coordinates":[-7.0482,43.4778]},"properties":{}},{"type":"Feature","geometry":{"type":"Point","coordinates":[-7.0494,43.4806]},"properties":{}},{"type":"Feature","geometry":{"type":"Point","coordinates":[-7.0516,43.4821]},"properties":{}},{"type":"Feature","geometry":{"type":"Point","coordinates":[-7.051,43.4831]},"properties":{}},{"type":"Feature","geometry":{"type":"Point","coordinates":[-7.0535,43.4844]},"properties":{}},{"type":"Feature","geometry":{"type":"Point","coordinates":[-7.0507,43.4841]},"properties":{}},{"type":"Feature","geometry":{"type":"Point","coordinates":[-7.0531,43.4851]},"properties":{}},{"type":"Feature","geometry":{"type":"Point","coordinates":[-7.0544,43.4875]},"properties":{}},{"type":"Feature","geometry":{"type":"Point","coordinates":[-7.0545,43.491]},"properties":{}},{"type":"Feature","geometry":{"type":"Point","coordinates":[-7.0543,43.4928]},"properties":{}},{"type":"Feature","geometry":{"type":"Point","coordinates":[-7.0581,43.4943]},"properties":{}},{"type":"Feature","geometry":{"type":"Point","coordinates":[-7.0598,43.4948]},"properties":{}},{"type":"Feature","geometry":{"type":"Point","coordinates":[-7.061,43.4949]},"properties":{}},{"type":"Feature","geometry":{"type":"Point","coordinates":[-7.0634,43.4943]},"properties":{}},{"type":"Feature","geometry":{"type":"Point","coordinates":[-7.0615,43.4954]},"properties":{}},{"type":"Feature","geometry":{"type":"Point","coordinates":[-7.0599,43.4949]},"properties":{}},{"type":"Feature","geometry":{"type":"Point","coordinates":[-7.0593,43.4956]},"properties":{}},{"type":"Feature","geometry":{"type":"Point","coordinates":[-7.0581,43.4944]},"properties":{}},{"type":"Feature","geometry":{"type":"Point","coordinates":[-7.0568,43.4948]},"properties":{}},{"type":"Feature","geometry":{"type":"Point","coordinates":[-7.0565,43.4948]},"properties":{}},{"type":"Feature","geometry":{"type":"Point","coordinates":[-7.055,43.4967]},"properties":{}},{"type":"Feature","geometry":{"type":"Point","coordinates":[-7.0545,43.5018]},"properties":{}},{"type":"Feature","geometry":{"type":"Point","coordinates":[-7.0531,43.5052]},"properties":{}},{"type":"Feature","geometry":{"type":"Point","coordinates":[-7.0515,43.5072]},"properties":{}},{"type":"Feature","geometry":{"type":"Point","coordinates":[-7.0522,43.5095]},"properties":{}},{"type":"Feature","geometry":{"type":"Point","coordinates":[-7.0514,43.5117]},"properties":{}},{"type":"Feature","geometry":{"type":"Point","coordinates":[-7.0517,43.5147]},"properties":{}},{"type":"Feature","geometry":{"type":"Point","coordinates":[-7.0505,43.5169]},"properties":{}},{"type":"Feature","geometry":{"type":"Point","coordinates":[-7.0493,43.5188]},"properties":{}},{"type":"Feature","geometry":{"type":"Point","coordinates":[-7.0516,43.5185]},"properties":{}},{"type":"Feature","geometry":{"type":"Point","coordinates":[-7.0512,43.5202]},"properties":{}},{"type":"Feature","geometry":{"type":"Point","coordinates":[-7.0479,43.5211]},"properties":{}},{"type":"Feature","geometry":{"type":"Point","coordinates":[-7.0456,43.5233]},"properties":{}},{"type":"Feature","geometry":{"type":"Point","coordinates":[-7.0454,43.5261]},"properties":{}},{"type":"Feature","geometry":{"type":"Point","coordinates":[-6.8405,43.5632]},"properties":{}},{"type":"Feature","geometry":{"type":"Point","coordinates":[-6.8408,43.5633]},"properties":{}},{"type":"Feature","geometry":{"type":"Point","coordinates":[-6.8408,43.5638]},"properties":{}},{"type":"Feature","geometry":{"type":"Point","coordinates":[-6.8407,43.5641]},"properties":{}},{"type":"Feature","geometry":{"type":"Point","coordinates":[-6.84,43.5641]},"properties":{}},{"type":"Feature","geometry":{"type":"Point","coordinates":[-6.8394,43.5643]},"properties":{}},{"type":"Feature","geometry":{"type":"Point","coordinates":[-6.84,43.5647]},"properties":{}},{"type":"Feature","geometry":{"type":"Point","coordinates":[-6.8401,43.5651]},"properties":{}},{"type":"Feature","geometry":{"type":"Point","coordinates":[-6.8403,43.5649]},"properties":{}},{"type":"Feature","geometry":{"type":"Point","coordinates":[-6.8407,43.5646]},"properties":{}},{"type":"Feature","geometry":{"type":"Point","coordinates":[-6.841,43.5651]},"properties":{}},{"type":"Feature","geometry":{"type":"Point","coordinates":[-6.8419,43.5649]},"properties":{}},{"type":"Feature","geometry":{"type":"Point","coordinates":[-6.8429,43.5647]},"properties":{}},{"type":"Feature","geometry":{"type":"Point","coordinates":[-6.8438,43.5656]},"properties":{}},{"type":"Feature","geometry":{"type":"Point","coordinates":[-6.8457,43.5646]},"properties":{}},{"type":"Feature","geometry":{"type":"Point","coordinates":[-6.8466,43.5647]},"properties":{}},{"type":"Feature","geometry":{"type":"Point","coordinates":[-6.8474,43.5649]},"properties":{}},{"type":"Feature","geometry":{"type":"Point","coordinates":[-6.8485,43.5643]},"properties":{}},{"type":"Feature","geometry":{"type":"Point","coordinates":[-6.8496,43.5639]},"properties":{}},{"type":"Feature","geometry":{"type":"Point","coordinates":[-6.8498,43.5634]},"properties":{}},{"type":"Feature","geometry":{"type":"Point","coordinates":[-6.8514,43.5625]},"properties":{}},{"type":"Feature","geometry":{"type":"Point","coordinates":[-6.8518,43.563]},"properties":{}},{"type":"Feature","geometry":{"type":"Point","coordinates":[-6.8501,43.5649]},"properties":{}},{"type":"Feature","geometry":{"type":"Point","coordinates":[-6.8505,43.565]},"properties":{}},{"type":"Feature","geometry":{"type":"Point","coordinates":[-6.851,43.5648]},"properties":{}},{"type":"Feature","geometry":{"type":"Point","coordinates":[-6.8521,43.5639]},"properties":{}},{"type":"Feature","geometry":{"type":"Point","coordinates":[-6.8523,43.5644]},"properties":{}},{"type":"Feature","geometry":{"type":"Point","coordinates":[-6.8529,43.5646]},"properties":{}},{"type":"Feature","geometry":{"type":"Point","coordinates":[-6.8532,43.5652]},"properties":{}},{"type":"Feature","geometry":{"type":"Point","coordinates":[-6.8531,43.5658]},"properties":{}},{"type":"Feature","geometry":{"type":"Point","coordinates":[-6.8543,43.5656]},"properties":{}},{"type":"Feature","geometry":{"type":"Point","coordinates":[-6.8538,43.5664]},"properties":{}},{"type":"Feature","geometry":{"type":"Point","coordinates":[-6.8533,43.567]},"properties":{}},{"type":"Feature","geometry":{"type":"Point","coordinates":[-6.8539,43.5676]},"properties":{}},{"type":"Feature","geometry":{"type":"Point","coordinates":[-6.855,43.5679]},"properties":{}},{"type":"Feature","geometry":{"type":"Point","coordinates":[-6.855,43.5682]},"properties":{}},{"type":"Feature","geometry":{"type":"Point","coordinates":[-6.8546,43.5689]},"properties":{}},{"type":"Feature","geometry":{"type":"Point","coordinates":[-6.8543,43.5691]},"properties":{}},{"type":"Feature","geometry":{"type":"Point","coordinates":[-6.8543,43.5699]},"properties":{}},{"type":"Feature","geometry":{"type":"Point","coordinates":[-6.854,43.5704]},"properties":{}},{"type":"Feature","geometry":{"type":"Point","coordinates":[-6.8547,43.5703]},"properties":{}},{"type":"Feature","geometry":{"type":"Point","coordinates":[-6.8562,43.5691]},"properties":{}},{"type":"Feature","geometry":{"type":"Point","coordinates":[-6.8555,43.5692]},"properties":{}},{"type":"Feature","geometry":{"type":"Point","coordinates":[-6.8566,43.5684]},"properties":{}},{"type":"Feature","geometry":{"type":"Point","coordinates":[-6.858,43.5683]},"properties":{}},{"type":"Feature","geometry":{"type":"Point","coordinates":[-6.8592,43.5679]},"properties":{}},{"type":"Feature","geometry":{"type":"Point","coordinates":[-6.8598,43.5679]},"properties":{}},{"type":"Feature","geometry":{"type":"Point","coordinates":[-6.8616,43.5673]},"properties":{}},{"type":"Feature","geometry":{"type":"Point","coordinates":[-6.8618,43.5677]},"properties":{}},{"type":"Feature","geometry":{"type":"Point","coordinates":[-6.8627,43.5675]},"properties":{}},{"type":"Feature","geometry":{"type":"Point","coordinates":[-6.863,43.5677]},"properties":{}},{"type":"Feature","geometry":{"type":"Point","coordinates":[-6.8637,43.5673]},"properties":{}},{"type":"Feature","geometry":{"type":"Point","coordinates":[-6.8644,43.5671]},"properties":{}},{"type":"Feature","geometry":{"type":"Point","coordinates":[-6.8649,43.5672]},"properties":{}},{"type":"Feature","geometry":{"type":"Point","coordinates":[-6.8656,43.5672]},"properties":{}},{"type":"Feature","geometry":{"type":"Point","coordinates":[-6.8665,43.5673]},"properties":{}},{"type":"Feature","geometry":{"type":"Point","coordinates":[-6.8667,43.5682]},"properties":{}},{"type":"Feature","geometry":{"type":"Point","coordinates":[-4.1534,43.4105]},"properties":{}},{"type":"Feature","geometry":{"type":"Point","coordinates":[-4.1562,43.4084]},"properties":{}},{"type":"Feature","geometry":{"type":"Point","coordinates":[-4.1587,43.4092]},"properties":{}},{"type":"Feature","geometry":{"type":"Point","coordinates":[-4.2529,43.3969]},"properties":{}},{"type":"Feature","geometry":{"type":"Point","coordinates":[-4.2549,43.397]},"properties":{}},{"type":"Feature","geometry":{"type":"Point","coordinates":[-4.2563,43.3967]},"properties":{}},{"type":"Feature","geometry":{"type":"Point","coordinates":[-4.2579,43.3961]},"properties":{}},{"type":"Feature","geometry":{"type":"Point","coordinates":[-4.2586,43.3957]},"properties":{}},{"type":"Feature","geometry":{"type":"Point","coordinates":[-4.26,43.3959]},"properties":{}},{"type":"Feature","geometry":{"type":"Point","coordinates":[-4.2623,43.3953]},"properties":{}},{"type":"Feature","geometry":{"type":"Point","coordinates":[-4.2632,43.3943]},"properties":{}},{"type":"Feature","geometry":{"type":"Point","coordinates":[-4.2646,43.394]},"properties":{}},{"type":"Feature","geometry":{"type":"Point","coordinates":[-4.2645,43.3917]},"properties":{}},{"type":"Feature","geometry":{"type":"Point","coordinates":[-4.2656,43.3918]},"properties":{}},{"type":"Feature","geometry":{"type":"Point","coordinates":[-4.2682,43.3933]},"properties":{}},{"type":"Feature","geometry":{"type":"Point","coordinates":[-4.2712,43.3934]},"properties":{}},{"type":"Feature","geometry":{"type":"Point","coordinates":[-4.2722,43.3917]},"properties":{}},{"type":"Feature","geometry":{"type":"Point","coordinates":[-4.2736,43.3894]},"properties":{}},{"type":"Feature","geometry":{"type":"Point","coordinates":[-4.2786,43.3887]},"properties":{}},{"type":"Feature","geometry":{"type":"Point","coordinates":[-4.2806,43.3873]},"properties":{}},{"type":"Feature","geometry":{"type":"Point","coordinates":[-4.3389,43.4057]},"properties":{}},{"type":"Feature","geometry":{"type":"Point","coordinates":[-4.3392,43.4057]},"properties":{}},{"type":"Feature","geometry":{"type":"Point","coordinates":[-4.3394,43.4057]},"properties":{}},{"type":"Feature","geometry":{"type":"Point","coordinates":[-4.3396,43.4059]},"properties":{}},{"type":"Feature","geometry":{"type":"Point","coordinates":[-4.34,43.4059]},"properties":{}},{"type":"Feature","geometry":{"type":"Point","coordinates":[-4.3402,43.4057]},"properties":{}},{"type":"Feature","geometry":{"type":"Point","coordinates":[-4.3404,43.4057]},"properties":{}},{"type":"Feature","geometry":{"type":"Point","coordinates":[-4.3405,43.4058]},"properties":{}},{"type":"Feature","geometry":{"type":"Point","coordinates":[-4.3407,43.4059]},"properties":{}},{"type":"Feature","geometry":{"type":"Point","coordinates":[-4.3409,43.4059]},"properties":{}},{"type":"Feature","geometry":{"type":"Point","coordinates":[-4.3409,43.4057]},"properties":{}},{"type":"Feature","geometry":{"type":"Point","coordinates":[-4.3409,43.4056]},"properties":{}},{"type":"Feature","geometry":{"type":"Point","coordinates":[-4.3411,43.4056]},"properties":{}},{"type":"Feature","geometry":{"type":"Point","coordinates":[-4.3413,43.4054]},"properties":{}},{"type":"Feature","geometry":{"type":"Point","coordinates":[-4.3415,43.4053]},"properties":{}},{"type":"Feature","geometry":{"type":"Point","coordinates":[-4.3417,43.4054]},"properties":{}},{"type":"Feature","geometry":{"type":"Point","coordinates":[-4.342,43.4054]},"properties":{}},{"type":"Feature","geometry":{"type":"Point","coordinates":[-4.3421,43.4054]},"properties":{}},{"type":"Feature","geometry":{"type":"Point","coordinates":[-4.3423,43.4056]},"properties":{}},{"type":"Feature","geometry":{"type":"Point","coordinates":[-4.3424,43.4055]},"properties":{}},{"type":"Feature","geometry":{"type":"Point","coordinates":[-4.3425,43.4055]},"properties":{}},{"type":"Feature","geometry":{"type":"Point","coordinates":[-4.3427,43.4056]},"properties":{}},{"type":"Feature","geometry":{"type":"Point","coordinates":[-4.3428,43.4057]},"properties":{}},{"type":"Feature","geometry":{"type":"Point","coordinates":[-4.3432,43.4056]},"properties":{}},{"type":"Feature","geometry":{"type":"Point","coordinates":[-4.3436,43.4055]},"properties":{}},{"type":"Feature","geometry":{"type":"Point","coordinates":[-4.3438,43.4054]},"properties":{}},{"type":"Feature","geometry":{"type":"Point","coordinates":[-4.344,43.4053]},"properties":{}},{"type":"Feature","geometry":{"type":"Point","coordinates":[-4.3441,43.4053]},"properties":{}},{"type":"Feature","geometry":{"type":"Point","coordinates":[-4.3443,43.4052]},"properties":{}},{"type":"Feature","geometry":{"type":"Point","coordinates":[-4.3447,43.4051]},"properties":{}},{"type":"Feature","geometry":{"type":"Point","coordinates":[-4.345,43.4051]},"properties":{}},{"type":"Feature","geometry":{"type":"Point","coordinates":[-4.3453,43.4052]},"properties":{}},{"type":"Feature","geometry":{"type":"Point","coordinates":[-4.3454,43.4052]},"properties":{}},{"type":"Feature","geometry":{"type":"Point","coordinates":[-4.3456,43.4053]},"properties":{}},{"type":"Feature","geometry":{"type":"Point","coordinates":[-4.3457,43.4054]},"properties":{}},{"type":"Feature","geometry":{"type":"Point","coordinates":[-4.3459,43.4053]},"properties":{}},{"type":"Feature","geometry":{"type":"Point","coordinates":[-4.3463,43.4053]},"properties":{}},{"type":"Feature","geometry":{"type":"Point","coordinates":[-4.3464,43.4054]},"properties":{}},{"type":"Feature","geometry":{"type":"Point","coordinates":[-4.3465,43.4054]},"properties":{}},{"type":"Feature","geometry":{"type":"Point","coordinates":[-4.3467,43.4054]},"properties":{}},{"type":"Feature","geometry":{"type":"Point","coordinates":[-4.347,43.4053]},"properties":{}},{"type":"Feature","geometry":{"type":"Point","coordinates":[-4.3472,43.4052]},"properties":{}},{"type":"Feature","geometry":{"type":"Point","coordinates":[-4.3474,43.4051]},"properties":{}},{"type":"Feature","geometry":{"type":"Point","coordinates":[-4.3478,43.4049]},"properties":{}},{"type":"Feature","geometry":{"type":"Point","coordinates":[-4.348,43.4049]},"properties":{}},{"type":"Feature","geometry":{"type":"Point","coordinates":[-4.3482,43.4048]},"properties":{}},{"type":"Feature","geometry":{"type":"Point","coordinates":[-4.3484,43.4047]},"properties":{}},{"type":"Feature","geometry":{"type":"Point","coordinates":[-4.3486,43.4045]},"properties":{}},{"type":"Feature","geometry":{"type":"Point","coordinates":[-4.3487,43.4042]},"properties":{}},{"type":"Feature","geometry":{"type":"Point","coordinates":[-4.3488,43.4041]},"properties":{}},{"type":"Feature","geometry":{"type":"Point","coordinates":[-4.3489,43.404]},"properties":{}},{"type":"Feature","geometry":{"type":"Point","coordinates":[-4.349,43.4042]},"properties":{}},{"type":"Feature","geometry":{"type":"Point","coordinates":[-4.3493,43.4041]},"properties":{}},{"type":"Feature","geometry":{"type":"Point","coordinates":[-4.3495,43.4041]},"properties":{}},{"type":"Feature","geometry":{"type":"Point","coordinates":[-4.3496,43.4039]},"properties":{}},{"type":"Feature","geometry":{"type":"Point","coordinates":[-4.3497,43.4037]},"properties":{}},{"type":"Feature","geometry":{"type":"Point","coordinates":[-4.3498,43.4036]},"properties":{}},{"type":"Feature","geometry":{"type":"Point","coordinates":[-4.3501,43.4036]},"properties":{}},{"type":"Feature","geometry":{"type":"Point","coordinates":[-4.3503,43.4034]},"properties":{}},{"type":"Feature","geometry":{"type":"Point","coordinates":[-4.3506,43.4035]},"properties":{}},{"type":"Feature","geometry":{"type":"Point","coordinates":[-4.3507,43.4035]},"properties":{}},{"type":"Feature","geometry":{"type":"Point","coordinates":[-4.3511,43.4035]},"properties":{}},{"type":"Feature","geometry":{"type":"Point","coordinates":[-4.3513,43.4036]},"properties":{}},{"type":"Feature","geometry":{"type":"Point","coordinates":[-4.3518,43.4036]},"properties":{}},{"type":"Feature","geometry":{"type":"Point","coordinates":[-4.3522,43.4036]},"properties":{}},{"type":"Feature","geometry":{"type":"Point","coordinates":[-4.3525,43.4035]},"properties":{}},{"type":"Feature","geometry":{"type":"Point","coordinates":[-4.353,43.4035]},"properties":{}},{"type":"Feature","geometry":{"type":"Point","coordinates":[-4.3532,43.4036]},"properties":{}},{"type":"Feature","geometry":{"type":"Point","coordinates":[-4.3536,43.4035]},"properties":{}},{"type":"Feature","geometry":{"type":"Point","coordinates":[-4.3537,43.4035]},"properties":{}},{"type":"Feature","geometry":{"type":"Point","coordinates":[-4.3541,43.4035]},"properties":{}},{"type":"Feature","geometry":{"type":"Point","coordinates":[-4.3543,43.4035]},"properties":{}},{"type":"Feature","geometry":{"type":"Point","coordinates":[-4.3545,43.4033]},"properties":{}},{"type":"Feature","geometry":{"type":"Point","coordinates":[-4.3548,43.4033]},"properties":{}},{"type":"Feature","geometry":{"type":"Point","coordinates":[-4.3549,43.4031]},"properties":{}},{"type":"Feature","geometry":{"type":"Point","coordinates":[-4.355,43.403]},"properties":{}},{"type":"Feature","geometry":{"type":"Point","coordinates":[-4.3551,43.4029]},"properties":{}},{"type":"Feature","geometry":{"type":"Point","coordinates":[-4.3553,43.4028]},"properties":{}},{"type":"Feature","geometry":{"type":"Point","coordinates":[-4.3556,43.4029]},"properties":{}},{"type":"Feature","geometry":{"type":"Point","coordinates":[-4.3558,43.4028]},"properties":{}},{"type":"Feature","geometry":{"type":"Point","coordinates":[-4.356,43.4028]},"properties":{}},{"type":"Feature","geometry":{"type":"Point","coordinates":[-4.3561,43.403]},"properties":{}},{"type":"Feature","geometry":{"type":"Point","coordinates":[-4.3564,43.4029]},"properties":{}},{"type":"Feature","geometry":{"type":"Point","coordinates":[-4.3565,43.4027]},"properties":{}},{"type":"Feature","geometry":{"type":"Point","coordinates":[-4.3564,43.4025]},"properties":{}},{"type":"Feature","geometry":{"type":"Point","coordinates":[-4.3562,43.4024]},"properties":{}},{"type":"Feature","geometry":{"type":"Point","coordinates":[-4.3559,43.4023]},"properties":{}},{"type":"Feature","geometry":{"type":"Point","coordinates":[-4.3556,43.4023]},"properties":{}},{"type":"Feature","geometry":{"type":"Point","coordinates":[-3.9319,43.4733]},"properties":{}},{"type":"Feature","geometry":{"type":"Point","coordinates":[-3.9322,43.4729]},"properties":{}},{"type":"Feature","geometry":{"type":"Point","coordinates":[-4.2355,43.3993]},"properties":{}},{"type":"Feature","geometry":{"type":"Point","coordinates":[-4.2375,43.3989]},"properties":{}},{"type":"Feature","geometry":{"type":"Point","coordinates":[-4.241,43.3984]},"properties":{}},{"type":"Feature","geometry":{"type":"Point","coordinates":[-4.2024,43.3995]},"properties":{}},{"type":"Feature","geometry":{"type":"Point","coordinates":[-4.2029,43.3996]},"properties":{}},{"type":"Feature","geometry":{"type":"Point","coordinates":[-4.2034,43.3997]},"properties":{}},{"type":"Feature","geometry":{"type":"Point","coordinates":[-4.2041,43.3998]},"properties":{}},{"type":"Feature","geometry":{"type":"Point","coordinates":[-4.2046,43.3999]},"properties":{}},{"type":"Feature","geometry":{"type":"Point","coordinates":[-4.2054,43.4001]},"properties":{}},{"type":"Feature","geometry":{"type":"Point","coordinates":[-4.2067,43.4008]},"properties":{}},{"type":"Feature","geometry":{"type":"Point","coordinates":[-4.2084,43.4011]},"properties":{}},{"type":"Feature","geometry":{"type":"Point","coordinates":[-4.21,43.4004]},"properties":{}},{"type":"Feature","geometry":{"type":"Point","coordinates":[-4.2108,43.4004]},"properties":{}},{"type":"Feature","geometry":{"type":"Point","coordinates":[-4.2111,43.4002]},"properties":{}},{"type":"Feature","geometry":{"type":"Point","coordinates":[-4.2117,43.3996]},"properties":{}},{"type":"Feature","geometry":{"type":"Point","coordinates":[-4.2127,43.399]},"properties":{}},{"type":"Feature","geometry":{"type":"Point","coordinates":[-4.2145,43.398]},"properties":{}},{"type":"Feature","geometry":{"type":"Point","coordinates":[-4.2173,43.3962]},"properties":{}},{"type":"Feature","geometry":{"type":"Point","coordinates":[-4.2195,43.3952]},"properties":{}},{"type":"Feature","geometry":{"type":"Point","coordinates":[-4.2218,43.3952]},"properties":{}},{"type":"Feature","geometry":{"type":"Point","coordinates":[-3.9324,43.4682]},"properties":{}},{"type":"Feature","geometry":{"type":"Point","coordinates":[-3.9329,43.468]},"properties":{}},{"type":"Feature","geometry":{"type":"Point","coordinates":[-3.9332,43.4679]},"properties":{}},{"type":"Feature","geometry":{"type":"Point","coordinates":[-3.9333,43.4679]},"properties":{}},{"type":"Feature","geometry":{"type":"Point","coordinates":[-3.9333,43.4679]},"properties":{}},{"type":"Feature","geometry":{"type":"Point","coordinates":[-3.9334,43.4679]},"properties":{}},{"type":"Feature","geometry":{"type":"Point","coordinates":[-3.9334,43.4679]},"properties":{}},{"type":"Feature","geometry":{"type":"Point","coordinates":[-3.9333,43.468]},"properties":{}},{"type":"Feature","geometry":{"type":"Point","coordinates":[-3.9334,43.468]},"properties":{}},{"type":"Feature","geometry":{"type":"Point","coordinates":[-3.9335,43.468]},"properties":{}},{"type":"Feature","geometry":{"type":"Point","coordinates":[-3.9335,43.468]},"properties":{}},{"type":"Feature","geometry":{"type":"Point","coordinates":[-3.9335,43.4681]},"properties":{}},{"type":"Feature","geometry":{"type":"Point","coordinates":[-3.9335,43.4681]},"properties":{}},{"type":"Feature","geometry":{"type":"Point","coordinates":[-3.9334,43.4682]},"properties":{}},{"type":"Feature","geometry":{"type":"Point","coordinates":[-3.9335,43.4682]},"properties":{}},{"type":"Feature","geometry":{"type":"Point","coordinates":[-3.9335,43.4682]},"properties":{}},{"type":"Feature","geometry":{"type":"Point","coordinates":[-3.9336,43.4682]},"properties":{}},{"type":"Feature","geometry":{"type":"Point","coordinates":[-3.9336,43.4683]},"properties":{}},{"type":"Feature","geometry":{"type":"Point","coordinates":[-3.9336,43.4683]},"properties":{}},{"type":"Feature","geometry":{"type":"Point","coordinates":[-3.9337,43.4683]},"properties":{}},{"type":"Feature","geometry":{"type":"Point","coordinates":[-3.9339,43.4683]},"properties":{}},{"type":"Feature","geometry":{"type":"Point","coordinates":[-3.9343,43.4681]},"properties":{}},{"type":"Feature","geometry":{"type":"Point","coordinates":[-3.9344,43.4681]},"properties":{}},{"type":"Feature","geometry":{"type":"Point","coordinates":[-3.9345,43.4681]},"properties":{}},{"type":"Feature","geometry":{"type":"Point","coordinates":[-3.9346,43.4681]},"properties":{}},{"type":"Feature","geometry":{"type":"Point","coordinates":[-3.9348,43.4681]},"properties":{}},{"type":"Feature","geometry":{"type":"Point","coordinates":[-3.935,43.4681]},"properties":{}},{"type":"Feature","geometry":{"type":"Point","coordinates":[-3.9352,43.4681]},"properties":{}},{"type":"Feature","geometry":{"type":"Point","coordinates":[-3.9352,43.4681]},"properties":{}},{"type":"Feature","geometry":{"type":"Point","coordinates":[-3.9351,43.4682]},"properties":{}},{"type":"Feature","geometry":{"type":"Point","coordinates":[-3.935,43.4683]},"properties":{}},{"type":"Feature","geometry":{"type":"Point","coordinates":[-3.9351,43.4683]},"properties":{}},{"type":"Feature","geometry":{"type":"Point","coordinates":[-3.9352,43.4683]},"properties":{}},{"type":"Feature","geometry":{"type":"Point","coordinates":[-3.9353,43.4683]},"properties":{}},{"type":"Feature","geometry":{"type":"Point","coordinates":[-3.9355,43.4682]},"properties":{}},{"type":"Feature","geometry":{"type":"Point","coordinates":[-3.9355,43.4683]},"properties":{}},{"type":"Feature","geometry":{"type":"Point","coordinates":[-3.9355,43.4683]},"properties":{}},{"type":"Feature","geometry":{"type":"Point","coordinates":[-3.9354,43.4684]},"properties":{}},{"type":"Feature","geometry":{"type":"Point","coordinates":[-3.9354,43.4684]},"properties":{}},{"type":"Feature","geometry":{"type":"Point","coordinates":[-3.9354,43.4685]},"properties":{}},{"type":"Feature","geometry":{"type":"Point","coordinates":[-3.9354,43.4685]},"properties":{}},{"type":"Feature","geometry":{"type":"Point","coordinates":[-3.9355,43.4686]},"properties":{}},{"type":"Feature","geometry":{"type":"Point","coordinates":[-3.9355,43.4686]},"properties":{}},{"type":"Feature","geometry":{"type":"Point","coordinates":[-3.9356,43.4686]},"properties":{}},{"type":"Feature","geometry":{"type":"Point","coordinates":[-3.9358,43.4686]},"properties":{}},{"type":"Feature","geometry":{"type":"Point","coordinates":[-3.9359,43.4686]},"properties":{}},{"type":"Feature","geometry":{"type":"Point","coordinates":[-3.936,43.4686]},"properties":{}},{"type":"Feature","geometry":{"type":"Point","coordinates":[-3.9361,43.4689]},"properties":{}},{"type":"Feature","geometry":{"type":"Point","coordinates":[-3.9363,43.4691]},"properties":{}},{"type":"Feature","geometry":{"type":"Point","coordinates":[-3.9363,43.4694]},"properties":{}},{"type":"Feature","geometry":{"type":"Point","coordinates":[-3.9363,43.4696]},"properties":{}},{"type":"Feature","geometry":{"type":"Point","coordinates":[-3.9362,43.4697]},"properties":{}},{"type":"Feature","geometry":{"type":"Point","coordinates":[-4.1802,43.4048]},"properties":{}},{"type":"Feature","geometry":{"type":"Point","coordinates":[-4.1818,43.4043]},"properties":{}},{"type":"Feature","geometry":{"type":"Point","coordinates":[-4.183,43.4035]},"properties":{}},{"type":"Feature","geometry":{"type":"Point","coordinates":[-4.1862,43.4035]},"properties":{}},{"type":"Feature","geometry":{"type":"Point","coordinates":[-4.1875,43.4032]},"properties":{}},{"type":"Feature","geometry":{"type":"Point","coordinates":[-4.1906,43.4026]},"properties":{}},{"type":"Feature","geometry":{"type":"Point","coordinates":[-4.195,43.402]},"properties":{}},{"type":"Feature","geometry":{"type":"Point","coordinates":[-4.1984,43.4007]},"properties":{}},{"type":"Feature","geometry":{"type":"Point","coordinates":[-4.199,43.4]},"properties":{}},{"type":"Feature","geometry":{"type":"Point","coordinates":[-4.1994,43.3995]},"properties":{}},{"type":"Feature","geometry":{"type":"Point","coordinates":[-4.2002,43.3991]},"properties":{}},{"type":"Feature","geometry":{"type":"Point","coordinates":[-4.2008,43.399]},"properties":{}},{"type":"Feature","geometry":{"type":"Point","coordinates":[-4.2016,43.3992]},"properties":{}},{"type":"Feature","geometry":{"type":"Point","coordinates":[-4.4601,43.3913]},"properties":{}},{"type":"Feature","geometry":{"type":"Point","coordinates":[-4.4609,43.3915]},"properties":{}},{"type":"Feature","geometry":{"type":"Point","coordinates":[-4.4616,43.3921]},"properties":{}},{"type":"Feature","geometry":{"type":"Point","coordinates":[-4.4629,43.3926]},"properties":{}},{"type":"Feature","geometry":{"type":"Point","coordinates":[-4.4631,43.3921]},"properties":{}},{"type":"Feature","geometry":{"type":"Point","coordinates":[-4.4633,43.3924]},"properties":{}},{"type":"Feature","geometry":{"type":"Point","coordinates":[-4.4633,43.3926]},"properties":{}},{"type":"Feature","geometry":{"type":"Point","coordinates":[-4.4639,43.3924]},"properties":{}},{"type":"Feature","geometry":{"type":"Point","coordinates":[-4.4641,43.3924]},"properties":{}},{"type":"Feature","geometry":{"type":"Point","coordinates":[-4.4646,43.3925]},"properties":{}},{"type":"Feature","geometry":{"type":"Point","coordinates":[-4.4649,43.3925]},"properties":{}},{"type":"Feature","geometry":{"type":"Point","coordinates":[-4.4654,43.3922]},"properties":{}},{"type":"Feature","geometry":{"type":"Point","coordinates":[-4.4663,43.3918]},"properties":{}},{"type":"Feature","geometry":{"type":"Point","coordinates":[-4.4675,43.3917]},"properties":{}},{"type":"Feature","geometry":{"type":"Point","coordinates":[-4.4685,43.3914]},"properties":{}},{"type":"Feature","geometry":{"type":"Point","coordinates":[-4.4692,43.3914]},"properties":{}},{"type":"Feature","geometry":{"type":"Point","coordinates":[-4.4698,43.3911]},"properties":{}},{"type":"Feature","geometry":{"type":"Point","coordinates":[-4.4699,43.3908]},"properties":{}},{"type":"Feature","geometry":{"type":"Point","coordinates":[-4.47,43.3906]},"properties":{}},{"type":"Feature","geometry":{"type":"Point","coordinates":[-4.4703,43.3906]},"properties":{}},{"type":"Feature","geometry":{"type":"Point","coordinates":[-4.4704,43.3904]},"properties":{}},{"type":"Feature","geometry":{"type":"Point","coordinates":[-4.4706,43.3904]},"properties":{}},{"type":"Feature","geometry":{"type":"Point","coordinates":[-4.4706,43.3901]},"properties":{}},{"type":"Feature","geometry":{"type":"Point","coordinates":[-4.4705,43.3897]},"properties":{}},{"type":"Feature","geometry":{"type":"Point","coordinates":[-4.4706,43.3896]},"properties":{}},{"type":"Feature","geometry":{"type":"Point","coordinates":[-4.4707,43.3896]},"properties":{}},{"type":"Feature","geometry":{"type":"Point","coordinates":[-4.4707,43.3895]},"properties":{}},{"type":"Feature","geometry":{"type":"Point","coordinates":[-4.4711,43.3894]},"properties":{}},{"type":"Feature","geometry":{"type":"Point","coordinates":[-4.4713,43.3893]},"properties":{}},{"type":"Feature","geometry":{"type":"Point","coordinates":[-4.4714,43.3892]},"properties":{}},{"type":"Feature","geometry":{"type":"Point","coordinates":[-4.4716,43.3892]},"properties":{}},{"type":"Feature","geometry":{"type":"Point","coordinates":[-4.4719,43.3891]},"properties":{}},{"type":"Feature","geometry":{"type":"Point","coordinates":[-4.4721,43.3892]},"properties":{}},{"type":"Feature","geometry":{"type":"Point","coordinates":[-4.4725,43.3891]},"properties":{}},{"type":"Feature","geometry":{"type":"Point","coordinates":[-4.248,43.3959]},"properties":{}},{"type":"Feature","geometry":{"type":"Point","coordinates":[-4.2508,43.3957]},"properties":{}},{"type":"Feature","geometry":{"type":"Point","coordinates":[-4.2528,43.396]},"properties":{}},{"type":"Feature","geometry":{"type":"Point","coordinates":[-4.2521,43.3968]},"properties":{}},{"type":"Feature","geometry":{"type":"Point","coordinates":[-4.2529,43.3969]},"properties":{}},{"type":"Feature","geometry":{"type":"Point","coordinates":[-4.2443,43.3974]},"properties":{}},{"type":"Feature","geometry":{"type":"Point","coordinates":[-4.2467,43.3972]},"properties":{}},{"type":"Feature","geometry":{"type":"Point","coordinates":[-4.2469,43.3965]},"properties":{}},{"type":"Feature","geometry":{"type":"Point","coordinates":[-4.248,43.3959]},"properties":{}},{"type":"Feature","geometry":{"type":"Point","coordinates":[-3.9336,43.4734]},"properties":{}},{"type":"Feature","geometry":{"type":"Point","coordinates":[-3.9329,43.4728]},"properties":{}},{"type":"Feature","geometry":{"type":"Point","coordinates":[-4.2883,43.3932]},"properties":{}},{"type":"Feature","geometry":{"type":"Point","coordinates":[-4.2891,43.3935]},"properties":{}},{"type":"Feature","geometry":{"type":"Point","coordinates":[-4.2908,43.3934]},"properties":{}},{"type":"Feature","geometry":{"type":"Point","coordinates":[-4.2921,43.3938]},"properties":{}},{"type":"Feature","geometry":{"type":"Point","coordinates":[-4.2932,43.3937]},"properties":{}},{"type":"Feature","geometry":{"type":"Point","coordinates":[-4.2934,43.3923]},"properties":{}},{"type":"Feature","geometry":{"type":"Point","coordinates":[-4.2944,43.391]},"properties":{}},{"type":"Feature","geometry":{"type":"Point","coordinates":[-4.2957,43.3914]},"properties":{}},{"type":"Feature","geometry":{"type":"Point","coordinates":[-4.2963,43.3906]},"properties":{}},{"type":"Feature","geometry":{"type":"Point","coordinates":[-4.2975,43.3909]},"properties":{}},{"type":"Feature","geometry":{"type":"Point","coordinates":[-4.2986,43.3909]},"properties":{}},{"type":"Feature","geometry":{"type":"Point","coordinates":[-4.3015,43.3907]},"properties":{}},{"type":"Feature","geometry":{"type":"Point","coordinates":[-4.3027,43.3912]},"properties":{}},{"type":"Feature","geometry":{"type":"Point","coordinates":[-4.241,43.3984]},"properties":{}},{"type":"Feature","geometry":{"type":"Point","coordinates":[-3.9196,43.4735]},"properties":{}},{"type":"Feature","geometry":{"type":"Point","coordinates":[-3.9197,43.4735]},"properties":{}},{"type":"Feature","geometry":{"type":"Point","coordinates":[-3.9199,43.4734]},"properties":{}},{"type":"Feature","geometry":{"type":"Point","coordinates":[-3.9202,43.4733]},"properties":{}},{"type":"Feature","geometry":{"type":"Point","coordinates":[-3.9209,43.4733]},"properties":{}},{"type":"Feature","geometry":{"type":"Point","coordinates":[-3.9205,43.4735]},"properties":{}},{"type":"Feature","geometry":{"type":"Point","coordinates":[-3.9208,43.4737]},"properties":{}},{"type":"Feature","geometry":{"type":"Point","coordinates":[-3.9213,43.4736]},"properties":{}},{"type":"Feature","geometry":{"type":"Point","coordinates":[-3.9217,43.4734]},"properties":{}},{"type":"Feature","geometry":{"type":"Point","coordinates":[-3.9221,43.4736]},"properties":{}},{"type":"Feature","geometry":{"type":"Point","coordinates":[-3.9224,43.4735]},"properties":{}},{"type":"Feature","geometry":{"type":"Point","coordinates":[-3.9225,43.4733]},"properties":{}},{"type":"Feature","geometry":{"type":"Point","coordinates":[-3.9227,43.4734]},"properties":{}},{"type":"Feature","geometry":{"type":"Point","coordinates":[-3.9227,43.4733]},"properties":{}},{"type":"Feature","geometry":{"type":"Point","coordinates":[-3.9229,43.4734]},"properties":{}},{"type":"Feature","geometry":{"type":"Point","coordinates":[-3.9233,43.4732]},"properties":{}},{"type":"Feature","geometry":{"type":"Point","coordinates":[-3.9235,43.473]},"properties":{}},{"type":"Feature","geometry":{"type":"Point","coordinates":[-3.9237,43.4731]},"properties":{}},{"type":"Feature","geometry":{"type":"Point","coordinates":[-3.9241,43.473]},"properties":{}},{"type":"Feature","geometry":{"type":"Point","coordinates":[-3.9243,43.4728]},"properties":{}},{"type":"Feature","geometry":{"type":"Point","coordinates":[-3.9248,43.4727]},"properties":{}},{"type":"Feature","geometry":{"type":"Point","coordinates":[-3.9252,43.4727]},"properties":{}},{"type":"Feature","geometry":{"type":"Point","coordinates":[-3.9256,43.4725]},"properties":{}},{"type":"Feature","geometry":{"type":"Point","coordinates":[-3.9262,43.4723]},"properties":{}},{"type":"Feature","geometry":{"type":"Point","coordinates":[-3.9264,43.4721]},"properties":{}},{"type":"Feature","geometry":{"type":"Point","coordinates":[-3.9264,43.4718]},"properties":{}},{"type":"Feature","geometry":{"type":"Point","coordinates":[-3.9266,43.4719]},"properties":{}},{"type":"Feature","geometry":{"type":"Point","coordinates":[-3.9267,43.4721]},"properties":{}},{"type":"Feature","geometry":{"type":"Point","coordinates":[-3.927,43.4719]},"properties":{}},{"type":"Feature","geometry":{"type":"Point","coordinates":[-3.9271,43.4719]},"properties":{}},{"type":"Feature","geometry":{"type":"Point","coordinates":[-3.9273,43.472]},"properties":{}},{"type":"Feature","geometry":{"type":"Point","coordinates":[-3.9275,43.4719]},"properties":{}},{"type":"Feature","geometry":{"type":"Point","coordinates":[-3.9276,43.4719]},"properties":{}},{"type":"Feature","geometry":{"type":"Point","coordinates":[-3.9277,43.4719]},"properties":{}},{"type":"Feature","geometry":{"type":"Point","coordinates":[-3.9277,43.4718]},"properties":{}},{"type":"Feature","geometry":{"type":"Point","coordinates":[-3.9277,43.4718]},"properties":{}},{"type":"Feature","geometry":{"type":"Point","coordinates":[-3.9277,43.4718]},"properties":{}},{"type":"Feature","geometry":{"type":"Point","coordinates":[-3.9278,43.4718]},"properties":{}},{"type":"Feature","geometry":{"type":"Point","coordinates":[-3.9279,43.4719]},"properties":{}},{"type":"Feature","geometry":{"type":"Point","coordinates":[-3.928,43.4718]},"properties":{}},{"type":"Feature","geometry":{"type":"Point","coordinates":[-3.928,43.4718]},"properties":{}},{"type":"Feature","geometry":{"type":"Point","coordinates":[-3.9279,43.4717]},"properties":{}},{"type":"Feature","geometry":{"type":"Point","coordinates":[-3.9279,43.4716]},"properties":{}},{"type":"Feature","geometry":{"type":"Point","coordinates":[-3.9279,43.4715]},"properties":{}},{"type":"Feature","geometry":{"type":"Point","coordinates":[-3.9279,43.4715]},"properties":{}},{"type":"Feature","geometry":{"type":"Point","coordinates":[-3.928,43.4715]},"properties":{}},{"type":"Feature","geometry":{"type":"Point","coordinates":[-3.9282,43.4714]},"properties":{}},{"type":"Feature","geometry":{"type":"Point","coordinates":[-3.9285,43.4714]},"properties":{}},{"type":"Feature","geometry":{"type":"Point","coordinates":[-3.9286,43.4714]},"properties":{}},{"type":"Feature","geometry":{"type":"Point","coordinates":[-3.9288,43.4713]},"properties":{}},{"type":"Feature","geometry":{"type":"Point","coordinates":[-3.9288,43.4713]},"properties":{}},{"type":"Feature","geometry":{"type":"Point","coordinates":[-3.9289,43.4713]},"properties":{}},{"type":"Feature","geometry":{"type":"Point","coordinates":[-3.929,43.4712]},"properties":{}},{"type":"Feature","geometry":{"type":"Point","coordinates":[-3.9291,43.4711]},"properties":{}},{"type":"Feature","geometry":{"type":"Point","coordinates":[-3.929,43.4711]},"properties":{}},{"type":"Feature","geometry":{"type":"Point","coordinates":[-3.929,43.4711]},"properties":{}},{"type":"Feature","geometry":{"type":"Point","coordinates":[-3.9287,43.4711]},"properties":{}},{"type":"Feature","geometry":{"type":"Point","coordinates":[-3.9286,43.4711]},"properties":{}},{"type":"Feature","geometry":{"type":"Point","coordinates":[-3.9286,43.4711]},"properties":{}},{"type":"Feature","geometry":{"type":"Point","coordinates":[-3.9287,43.4711]},"properties":{}},{"type":"Feature","geometry":{"type":"Point","coordinates":[-3.9289,43.4711]},"properties":{}},{"type":"Feature","geometry":{"type":"Point","coordinates":[-3.929,43.4711]},"properties":{}},{"type":"Feature","geometry":{"type":"Point","coordinates":[-3.9292,43.4711]},"properties":{}},{"type":"Feature","geometry":{"type":"Point","coordinates":[-3.9293,43.471]},"properties":{}},{"type":"Feature","geometry":{"type":"Point","coordinates":[-3.9294,43.471]},"properties":{}},{"type":"Feature","geometry":{"type":"Point","coordinates":[-3.9296,43.471]},"properties":{}},{"type":"Feature","geometry":{"type":"Point","coordinates":[-3.9297,43.471]},"properties":{}},{"type":"Feature","geometry":{"type":"Point","coordinates":[-3.9297,43.471]},"properties":{}},{"type":"Feature","geometry":{"type":"Point","coordinates":[-3.9296,43.4711]},"properties":{}},{"type":"Feature","geometry":{"type":"Point","coordinates":[-3.9295,43.4711]},"properties":{}},{"type":"Feature","geometry":{"type":"Point","coordinates":[-3.9295,43.4711]},"properties":{}},{"type":"Feature","geometry":{"type":"Point","coordinates":[-3.9295,43.4711]},"properties":{}},{"type":"Feature","geometry":{"type":"Point","coordinates":[-3.9296,43.4712]},"properties":{}},{"type":"Feature","geometry":{"type":"Point","coordinates":[-3.9298,43.4712]},"properties":{}},{"type":"Feature","geometry":{"type":"Point","coordinates":[-3.9296,43.4712]},"properties":{}},{"type":"Feature","geometry":{"type":"Point","coordinates":[-3.9296,43.4713]},"properties":{}},{"type":"Feature","geometry":{"type":"Point","coordinates":[-3.9298,43.4712]},"properties":{}},{"type":"Feature","geometry":{"type":"Point","coordinates":[-3.93,43.4712]},"properties":{}},{"type":"Feature","geometry":{"type":"Point","coordinates":[-3.9301,43.4713]},"properties":{}},{"type":"Feature","geometry":{"type":"Point","coordinates":[-3.9304,43.4712]},"properties":{}},{"type":"Feature","geometry":{"type":"Point","coordinates":[-3.9305,43.4712]},"properties":{}},{"type":"Feature","geometry":{"type":"Point","coordinates":[-3.9306,43.4713]},"properties":{}},{"type":"Feature","geometry":{"type":"Point","coordinates":[-3.9306,43.4714]},"properties":{}},{"type":"Feature","geometry":{"type":"Point","coordinates":[-3.9306,43.4714]},"properties":{}},{"type":"Feature","geometry":{"type":"Point","coordinates":[-3.9308,43.4715]},"properties":{}},{"type":"Feature","geometry":{"type":"Point","coordinates":[-3.9309,43.4715]},"properties":{}},{"type":"Feature","geometry":{"type":"Point","coordinates":[-3.9309,43.4714]},"properties":{}},{"type":"Feature","geometry":{"type":"Point","coordinates":[-3.9309,43.4714]},"properties":{}},{"type":"Feature","geometry":{"type":"Point","coordinates":[-3.9309,43.4713]},"properties":{}},{"type":"Feature","geometry":{"type":"Point","coordinates":[-3.9309,43.4713]},"properties":{}},{"type":"Feature","geometry":{"type":"Point","coordinates":[-3.9309,43.4713]},"properties":{}},{"type":"Feature","geometry":{"type":"Point","coordinates":[-3.931,43.4714]},"properties":{}},{"type":"Feature","geometry":{"type":"Point","coordinates":[-3.931,43.4714]},"properties":{}},{"type":"Feature","geometry":{"type":"Point","coordinates":[-3.931,43.4714]},"properties":{}},{"type":"Feature","geometry":{"type":"Point","coordinates":[-3.9311,43.4714]},"properties":{}},{"type":"Feature","geometry":{"type":"Point","coordinates":[-3.9311,43.4713]},"properties":{}},{"type":"Feature","geometry":{"type":"Point","coordinates":[-3.9311,43.4713]},"properties":{}},{"type":"Feature","geometry":{"type":"Point","coordinates":[-3.9312,43.4713]},"properties":{}},{"type":"Feature","geometry":{"type":"Point","coordinates":[-3.9312,43.4714]},"properties":{}},{"type":"Feature","geometry":{"type":"Point","coordinates":[-3.9313,43.4714]},"properties":{}},{"type":"Feature","geometry":{"type":"Point","coordinates":[-3.9314,43.4714]},"properties":{}},{"type":"Feature","geometry":{"type":"Point","coordinates":[-3.9315,43.4713]},"properties":{}},{"type":"Feature","geometry":{"type":"Point","coordinates":[-3.9315,43.4712]},"properties":{}},{"type":"Feature","geometry":{"type":"Point","coordinates":[-3.9315,43.4712]},"properties":{}},{"type":"Feature","geometry":{"type":"Point","coordinates":[-3.9316,43.4712]},"properties":{}},{"type":"Feature","geometry":{"type":"Point","coordinates":[-3.9317,43.4712]},"properties":{}},{"type":"Feature","geometry":{"type":"Point","coordinates":[-3.9317,43.4712]},"properties":{}},{"type":"Feature","geometry":{"type":"Point","coordinates":[-3.9317,43.4713]},"properties":{}},{"type":"Feature","geometry":{"type":"Point","coordinates":[-3.9318,43.4713]},"properties":{}},{"type":"Feature","geometry":{"type":"Point","coordinates":[-3.9318,43.4713]},"properties":{}},{"type":"Feature","geometry":{"type":"Point","coordinates":[-3.9319,43.4713]},"properties":{}},{"type":"Feature","geometry":{"type":"Point","coordinates":[-3.9321,43.4713]},"properties":{}},{"type":"Feature","geometry":{"type":"Point","coordinates":[-3.9322,43.4712]},"properties":{}},{"type":"Feature","geometry":{"type":"Point","coordinates":[-3.9322,43.4712]},"properties":{}},{"type":"Feature","geometry":{"type":"Point","coordinates":[-3.9323,43.4712]},"properties":{}},{"type":"Feature","geometry":{"type":"Point","coordinates":[-3.9323,43.4712]},"properties":{}},{"type":"Feature","geometry":{"type":"Point","coordinates":[-3.9324,43.4712]},"properties":{}},{"type":"Feature","geometry":{"type":"Point","coordinates":[-3.9324,43.4711]},"properties":{}},{"type":"Feature","geometry":{"type":"Point","coordinates":[-3.9324,43.4711]},"properties":{}},{"type":"Feature","geometry":{"type":"Point","coordinates":[-3.9323,43.4711]},"properties":{}},{"type":"Feature","geometry":{"type":"Point","coordinates":[-3.9323,43.471]},"properties":{}},{"type":"Feature","geometry":{"type":"Point","coordinates":[-3.9324,43.471]},"properties":{}},{"type":"Feature","geometry":{"type":"Point","coordinates":[-3.9325,43.471]},"properties":{}},{"type":"Feature","geometry":{"type":"Point","coordinates":[-3.9326,43.471]},"properties":{}},{"type":"Feature","geometry":{"type":"Point","coordinates":[-3.9326,43.471]},"properties":{}},{"type":"Feature","geometry":{"type":"Point","coordinates":[-3.9326,43.4709]},"properties":{}},{"type":"Feature","geometry":{"type":"Point","coordinates":[-3.9326,43.4708]},"properties":{}},{"type":"Feature","geometry":{"type":"Point","coordinates":[-3.9325,43.4709]},"properties":{}},{"type":"Feature","geometry":{"type":"Point","coordinates":[-3.9324,43.4708]},"properties":{}},{"type":"Feature","geometry":{"type":"Point","coordinates":[-3.9324,43.4708]},"properties":{}},{"type":"Feature","geometry":{"type":"Point","coordinates":[-3.9323,43.4707]},"properties":{}},{"type":"Feature","geometry":{"type":"Point","coordinates":[-3.9321,43.4707]},"properties":{}},{"type":"Feature","geometry":{"type":"Point","coordinates":[-3.9318,43.4708]},"properties":{}},{"type":"Feature","geometry":{"type":"Point","coordinates":[-3.9315,43.4708]},"properties":{}},{"type":"Feature","geometry":{"type":"Point","coordinates":[-3.9311,43.4707]},"properties":{}},{"type":"Feature","geometry":{"type":"Point","coordinates":[-3.9307,43.4704]},"properties":{}},{"type":"Feature","geometry":{"type":"Point","coordinates":[-3.9305,43.4701]},"properties":{}},{"type":"Feature","geometry":{"type":"Point","coordinates":[-3.9304,43.4698]},"properties":{}},{"type":"Feature","geometry":{"type":"Point","coordinates":[-3.9304,43.4695]},"properties":{}},{"type":"Feature","geometry":{"type":"Point","coordinates":[-3.9305,43.4694]},"properties":{}},{"type":"Feature","geometry":{"type":"Point","coordinates":[-3.9306,43.4693]},"properties":{}},{"type":"Feature","geometry":{"type":"Point","coordinates":[-3.9259,43.474]},"properties":{}},{"type":"Feature","geometry":{"type":"Point","coordinates":[-3.9259,43.474]},"properties":{}},{"type":"Feature","geometry":{"type":"Point","coordinates":[-4.4533,43.3926]},"properties":{}},{"type":"Feature","geometry":{"type":"Point","coordinates":[-4.4537,43.3922]},"properties":{}},{"type":"Feature","geometry":{"type":"Point","coordinates":[-4.4542,43.3926]},"properties":{}},{"type":"Feature","geometry":{"type":"Point","coordinates":[-4.4548,43.3927]},"properties":{}},{"type":"Feature","geometry":{"type":"Point","coordinates":[-4.4552,43.3931]},"properties":{}},{"type":"Feature","geometry":{"type":"Point","coordinates":[-4.4553,43.3935]},"properties":{}},{"type":"Feature","geometry":{"type":"Point","coordinates":[-4.4557,43.3936]},"properties":{}},{"type":"Feature","geometry":{"type":"Point","coordinates":[-4.4562,43.3934]},"properties":{}},{"type":"Feature","geometry":{"type":"Point","coordinates":[-4.4566,43.3936]},"properties":{}},{"type":"Feature","geometry":{"type":"Point","coordinates":[-4.457,43.3938]},"properties":{}},{"type":"Feature","geometry":{"type":"Point","coordinates":[-4.4572,43.3935]},"properties":{}},{"type":"Feature","geometry":{"type":"Point","coordinates":[-4.4578,43.3933]},"properties":{}},{"type":"Feature","geometry":{"type":"Point","coordinates":[-4.458,43.3933]},"properties":{}},{"type":"Feature","geometry":{"type":"Point","coordinates":[-4.4582,43.3935]},"properties":{}},{"type":"Feature","geometry":{"type":"Point","coordinates":[-4.4585,43.3938]},"properties":{}},{"type":"Feature","geometry":{"type":"Point","coordinates":[-4.4593,43.3939]},"properties":{}},{"type":"Feature","geometry":{"type":"Point","coordinates":[-4.4591,43.3936]},"properties":{}},{"type":"Feature","geometry":{"type":"Point","coordinates":[-4.4591,43.3932]},"properties":{}},{"type":"Feature","geometry":{"type":"Point","coordinates":[-4.4589,43.3928]},"properties":{}},{"type":"Feature","geometry":{"type":"Point","coordinates":[-4.4586,43.3923]},"properties":{}},{"type":"Feature","geometry":{"type":"Point","coordinates":[-4.4588,43.3917]},"properties":{}},{"type":"Feature","geometry":{"type":"Point","coordinates":[-4.4593,43.3912]},"properties":{}},{"type":"Feature","geometry":{"type":"Point","coordinates":[-4.4599,43.3912]},"properties":{}},{"type":"Feature","geometry":{"type":"Point","coordinates":[-3.9088,43.4755]},"properties":{}},{"type":"Feature","geometry":{"type":"Point","coordinates":[-3.9086,43.4757]},"properties":{}},{"type":"Feature","geometry":{"type":"Point","coordinates":[-3.9086,43.4758]},"properties":{}},{"type":"Feature","geometry":{"type":"Point","coordinates":[-3.9085,43.476]},"properties":{}},{"type":"Feature","geometry":{"type":"Point","coordinates":[-3.9082,43.4761]},"properties":{}},{"type":"Feature","geometry":{"type":"Point","coordinates":[-3.9079,43.4763]},"properties":{}},{"type":"Feature","geometry":{"type":"Point","coordinates":[-3.9079,43.4765]},"properties":{}},{"type":"Feature","geometry":{"type":"Point","coordinates":[-3.9078,43.4765]},"properties":{}},{"type":"Feature","geometry":{"type":"Point","coordinates":[-3.9076,43.4767]},"properties":{}},{"type":"Feature","geometry":{"type":"Point","coordinates":[-3.9076,43.4768]},"properties":{}},{"type":"Feature","geometry":{"type":"Point","coordinates":[-3.9072,43.4768]},"properties":{}},{"type":"Feature","geometry":{"type":"Point","coordinates":[-3.907,43.477]},"properties":{}},{"type":"Feature","geometry":{"type":"Point","coordinates":[-3.9068,43.4772]},"properties":{}},{"type":"Feature","geometry":{"type":"Point","coordinates":[-3.9066,43.4774]},"properties":{}},{"type":"Feature","geometry":{"type":"Point","coordinates":[-3.9063,43.4777]},"properties":{}},{"type":"Feature","geometry":{"type":"Point","coordinates":[-3.9067,43.4777]},"properties":{}},{"type":"Feature","geometry":{"type":"Point","coordinates":[-3.9071,43.4775]},"properties":{}},{"type":"Feature","geometry":{"type":"Point","coordinates":[-3.9075,43.4775]},"properties":{}},{"type":"Feature","geometry":{"type":"Point","coordinates":[-3.9081,43.4771]},"properties":{}},{"type":"Feature","geometry":{"type":"Point","coordinates":[-3.9085,43.477]},"properties":{}},{"type":"Feature","geometry":{"type":"Point","coordinates":[-3.9083,43.4773]},"properties":{}},{"type":"Feature","geometry":{"type":"Point","coordinates":[-3.9085,43.4773]},"properties":{}},{"type":"Feature","geometry":{"type":"Point","coordinates":[-3.9087,43.4773]},"properties":{}},{"type":"Feature","geometry":{"type":"Point","coordinates":[-3.909,43.4772]},"properties":{}},{"type":"Feature","geometry":{"type":"Point","coordinates":[-3.9091,43.4771]},"properties":{}},{"type":"Feature","geometry":{"type":"Point","coordinates":[-3.9093,43.4768]},"properties":{}},{"type":"Feature","geometry":{"type":"Point","coordinates":[-3.9095,43.4768]},"properties":{}},{"type":"Feature","geometry":{"type":"Point","coordinates":[-3.9098,43.4764]},"properties":{}},{"type":"Feature","geometry":{"type":"Point","coordinates":[-3.9095,43.4763]},"properties":{}},{"type":"Feature","geometry":{"type":"Point","coordinates":[-3.9098,43.476]},"properties":{}},{"type":"Feature","geometry":{"type":"Point","coordinates":[-3.9103,43.4757]},"properties":{}},{"type":"Feature","geometry":{"type":"Point","coordinates":[-3.91,43.4755]},"properties":{}},{"type":"Feature","geometry":{"type":"Point","coordinates":[-3.9097,43.4753]},"properties":{}},{"type":"Feature","geometry":{"type":"Point","coordinates":[-3.909,43.4755]},"properties":{}},{"type":"Feature","geometry":{"type":"Point","coordinates":[-4.1594,43.4089]},"properties":{}},{"type":"Feature","geometry":{"type":"Point","coordinates":[-4.1612,43.4076]},"properties":{}},{"type":"Feature","geometry":{"type":"Point","coordinates":[-4.1634,43.4071]},"properties":{}},{"type":"Feature","geometry":{"type":"Point","coordinates":[-4.1655,43.4059]},"properties":{}},{"type":"Feature","geometry":{"type":"Point","coordinates":[-4.1671,43.405]},"properties":{}},{"type":"Feature","geometry":{"type":"Point","coordinates":[-4.1687,43.4041]},"properties":{}},{"type":"Feature","geometry":{"type":"Point","coordinates":[-4.1719,43.4034]},"properties":{}},{"type":"Feature","geometry":{"type":"Point","coordinates":[-4.1734,43.4024]},"properties":{}},{"type":"Feature","geometry":{"type":"Point","coordinates":[-4.176,43.401]},"properties":{}},{"type":"Feature","geometry":{"type":"Point","coordinates":[-4.1789,43.4038]},"properties":{}},{"type":"Feature","geometry":{"type":"Point","coordinates":[-6.0757,43.5648]},"properties":{}},{"type":"Feature","geometry":{"type":"Point","coordinates":[-6.0759,43.5667]},"properties":{}},{"type":"Feature","geometry":{"type":"Point","coordinates":[-6.0783,43.5648]},"properties":{}},{"type":"Feature","geometry":{"type":"Point","coordinates":[-6.079,43.5647]},"properties":{}},{"type":"Feature","geometry":{"type":"Point","coordinates":[-6.1543,43.5696]},"properties":{}},{"type":"Feature","geometry":{"type":"Point","coordinates":[-6.1546,43.5698]},"properties":{}},{"type":"Feature","geometry":{"type":"Point","coordinates":[-6.155,43.5695]},"properties":{}},{"type":"Feature","geometry":{"type":"Point","coordinates":[-6.1548,43.5693]},"properties":{}},{"type":"Feature","geometry":{"type":"Point","coordinates":[-3.4101,43.418]},"properties":{}},{"type":"Feature","geometry":{"type":"Point","coordinates":[-3.4103,43.4182]},"properties":{}},{"type":"Feature","geometry":{"type":"Point","coordinates":[-3.4102,43.4185]},"properties":{}},{"type":"Feature","geometry":{"type":"Point","coordinates":[-3.4104,43.4184]},"properties":{}},{"type":"Feature","geometry":{"type":"Point","coordinates":[-3.4103,43.4181]},"properties":{}},{"type":"Feature","geometry":{"type":"Point","coordinates":[-3.4091,43.4173]},"properties":{}},{"type":"Feature","geometry":{"type":"Point","coordinates":[-3.4086,43.4169]},"properties":{}},{"type":"Feature","geometry":{"type":"Point","coordinates":[-3.409,43.4174]},"properties":{}},{"type":"Feature","geometry":{"type":"Point","coordinates":[-5.743,43.5816]},"properties":{}},{"type":"Feature","geometry":{"type":"Point","coordinates":[-5.7436,43.5816]},"properties":{}},{"type":"Feature","geometry":{"type":"Point","coordinates":[-5.7437,43.581]},"properties":{}},{"type":"Feature","geometry":{"type":"Point","coordinates":[-5.743,43.5812]},"properties":{}},{"type":"Feature","geometry":{"type":"Point","coordinates":[-5.743,43.5816]},"properties":{}},{"type":"Feature","geometry":{"type":"Point","coordinates":[-5.0651,43.4672]},"properties":{}},{"type":"Feature","geometry":{"type":"Point","coordinates":[-4.7522,43.4232]},"properties":{}},{"type":"Feature","geometry":{"type":"Point","coordinates":[-4.7513,43.4231]},"properties":{}},{"type":"Feature","geometry":{"type":"Point","coordinates":[-4.7503,43.4229]},"properties":{}},{"type":"Feature","geometry":{"type":"Point","coordinates":[-4.7511,43.4232]},"properties":{}},{"type":"Feature","geometry":{"type":"Point","coordinates":[-4.7514,43.4233]},"properties":{}},{"type":"Feature","geometry":{"type":"Point","coordinates":[-4.7545,43.4243]},"properties":{}},{"type":"Feature","geometry":{"type":"Point","coordinates":[-4.7568,43.425]},"properties":{}},{"type":"Feature","geometry":{"type":"Point","coordinates":[-4.7579,43.4252]},"properties":{}},{"type":"Feature","geometry":{"type":"Point","coordinates":[-4.7582,43.4257]},"properties":{}},{"type":"Feature","geometry":{"type":"Point","coordinates":[-4.7595,43.4258]},"properties":{}},{"type":"Feature","geometry":{"type":"Point","coordinates":[-4.7604,43.4255]},"properties":{}},{"type":"Feature","geometry":{"type":"Point","coordinates":[-4.761,43.4256]},"properties":{}},{"type":"Feature","geometry":{"type":"Point","coordinates":[-4.7616,43.4252]},"properties":{}},{"type":"Feature","geometry":{"type":"Point","coordinates":[-4.7621,43.4254]},"properties":{}},{"type":"Feature","geometry":{"type":"Point","coordinates":[-4.7631,43.4257]},"properties":{}},{"type":"Feature","geometry":{"type":"Point","coordinates":[-4.7648,43.4261]},"properties":{}},{"type":"Feature","geometry":{"type":"Point","coordinates":[-4.7652,43.4266]},"properties":{}},{"type":"Feature","geometry":{"type":"Point","coordinates":[-4.766,43.4276]},"properties":{}},{"type":"Feature","geometry":{"type":"Point","coordinates":[-4.7657,43.4284]},"properties":{}},{"type":"Feature","geometry":{"type":"Point","coordinates":[-4.7661,43.4292]},"properties":{}},{"type":"Feature","geometry":{"type":"Point","coordinates":[-4.7666,43.429]},"properties":{}},{"type":"Feature","geometry":{"type":"Point","coordinates":[-4.7676,43.4287]},"properties":{}},{"type":"Feature","geometry":{"type":"Point","coordinates":[-4.769,43.4289]},"properties":{}},{"type":"Feature","geometry":{"type":"Point","coordinates":[-4.7696,43.4295]},"properties":{}},{"type":"Feature","geometry":{"type":"Point","coordinates":[-4.7701,43.43]},"properties":{}},{"type":"Feature","geometry":{"type":"Point","coordinates":[-4.7708,43.43]},"properties":{}},{"type":"Feature","geometry":{"type":"Point","coordinates":[-4.7716,43.43]},"properties":{}},{"type":"Feature","geometry":{"type":"Point","coordinates":[-4.7723,43.43]},"properties":{}},{"type":"Feature","geometry":{"type":"Point","coordinates":[-4.7728,43.43]},"properties":{}},{"type":"Feature","geometry":{"type":"Point","coordinates":[-4.7737,43.4304]},"properties":{}},{"type":"Feature","geometry":{"type":"Point","coordinates":[-4.7525,43.4224]},"properties":{}},{"type":"Feature","geometry":{"type":"Point","coordinates":[-4.7527,43.4228]},"properties":{}},{"type":"Feature","geometry":{"type":"Point","coordinates":[-4.7526,43.4232]},"properties":{}},{"type":"Feature","geometry":{"type":"Point","coordinates":[-5.6986,43.5719]},"properties":{}},{"type":"Feature","geometry":{"type":"Point","coordinates":[-5.6977,43.5726]},"properties":{}},{"type":"Feature","geometry":{"type":"Point","coordinates":[-5.6968,43.5731]},"properties":{}},{"type":"Feature","geometry":{"type":"Point","coordinates":[-5.6976,43.5732]},"properties":{}},{"type":"Feature","geometry":{"type":"Point","coordinates":[-5.6985,43.5727]},"properties":{}},{"type":"Feature","geometry":{"type":"Point","coordinates":[-5.6994,43.5724]},"properties":{}},{"type":"Feature","geometry":{"type":"Point","coordinates":[-5.6989,43.5731]},"properties":{}},{"type":"Feature","geometry":{"type":"Point","coordinates":[-5.6983,43.5734]},"properties":{}},{"type":"Feature","geometry":{"type":"Point","coordinates":[-5.6981,43.5739]},"properties":{}},{"type":"Feature","geometry":{"type":"Point","coordinates":[-5.6978,43.5744]},"properties":{}},{"type":"Feature","geometry":{"type":"Point","coordinates":[-5.6979,43.5751]},"properties":{}},{"type":"Feature","geometry":{"type":"Point","coordinates":[-5.6989,43.5746]},"properties":{}},{"type":"Feature","geometry":{"type":"Point","coordinates":[-5.6995,43.574]},"properties":{}},{"type":"Feature","geometry":{"type":"Point","coordinates":[-5.6994,43.5736]},"properties":{}},{"type":"Feature","geometry":{"type":"Point","coordinates":[-5.7002,43.5738]},"properties":{}},{"type":"Feature","geometry":{"type":"Point","coordinates":[-5.7009,43.5731]},"properties":{}},{"type":"Feature","geometry":{"type":"Point","coordinates":[-5.7005,43.5723]},"properties":{}},{"type":"Feature","geometry":{"type":"Point","coordinates":[-5.7002,43.5717]},"properties":{}},{"type":"Feature","geometry":{"type":"Point","coordinates":[-5.7012,43.5716]},"properties":{}},{"type":"Feature","geometry":{"type":"Point","coordinates":[-5.7028,43.5716]},"properties":{}},{"type":"Feature","geometry":{"type":"Point","coordinates":[-5.7038,43.5721]},"properties":{}},{"type":"Feature","geometry":{"type":"Point","coordinates":[-5.7038,43.5723]},"properties":{}},{"type":"Feature","geometry":{"type":"Point","coordinates":[-5.7037,43.5725]},"properties":{}},{"type":"Feature","geometry":{"type":"Point","coordinates":[-5.7094,43.5726]},"properties":{}},{"type":"Feature","geometry":{"type":"Point","coordinates":[-5.7113,43.569]},"properties":{}},{"type":"Feature","geometry":{"type":"Point","coordinates":[-3.594,43.4822]},"properties":{}},{"type":"Feature","geometry":{"type":"Point","coordinates":[-3.5947,43.4834]},"properties":{}},{"type":"Feature","geometry":{"type":"Point","coordinates":[-3.5945,43.4848]},"properties":{}},{"type":"Feature","geometry":{"type":"Point","coordinates":[-3.5933,43.486]},"properties":{}},{"type":"Feature","geometry":{"type":"Point","coordinates":[-3.5923,43.4868]},"properties":{}},{"type":"Feature","geometry":{"type":"Point","coordinates":[-3.5919,43.4875]},"properties":{}},{"type":"Feature","geometry":{"type":"Point","coordinates":[-3.5918,43.4887]},"properties":{}},{"type":"Feature","geometry":{"type":"Point","coordinates":[-3.5909,43.4896]},"properties":{}},{"type":"Feature","geometry":{"type":"Point","coordinates":[-3.59,43.4907]},"properties":{}},{"type":"Feature","geometry":{"type":"Point","coordinates":[-3.5898,43.4916]},"properties":{}},{"type":"Feature","geometry":{"type":"Point","coordinates":[-3.5884,43.4927]},"properties":{}},{"type":"Feature","geometry":{"type":"Point","coordinates":[-3.5871,43.494]},"properties":{}},{"type":"Feature","geometry":{"type":"Point","coordinates":[-3.5868,43.4954]},"properties":{}},{"type":"Feature","geometry":{"type":"Point","coordinates":[-3.5868,43.4965]},"properties":{}},{"type":"Feature","geometry":{"type":"Point","coordinates":[-3.5868,43.4975]},"properties":{}},{"type":"Feature","geometry":{"type":"Point","coordinates":[-3.5861,43.4982]},"properties":{}},{"type":"Feature","geometry":{"type":"Point","coordinates":[-3.5854,43.4988]},"properties":{}},{"type":"Feature","geometry":{"type":"Point","coordinates":[-3.5856,43.4994]},"properties":{}},{"type":"Feature","geometry":{"type":"Point","coordinates":[-3.5865,43.5]},"properties":{}},{"type":"Feature","geometry":{"type":"Point","coordinates":[-3.5865,43.5016]},"properties":{}},{"type":"Feature","geometry":{"type":"Point","coordinates":[-3.5864,43.5024]},"properties":{}},{"type":"Feature","geometry":{"type":"Point","coordinates":[-3.5849,43.5031]},"properties":{}},{"type":"Feature","geometry":{"type":"Point","coordinates":[-3.5829,43.5046]},"properties":{}},{"type":"Feature","geometry":{"type":"Point","coordinates":[-3.5816,43.5047]},"properties":{}},{"type":"Feature","geometry":{"type":"Point","coordinates":[-3.5869,43.4715]},"properties":{}},{"type":"Feature","geometry":{"type":"Point","coordinates":[-3.5874,43.4722]},"properties":{}},{"type":"Feature","geometry":{"type":"Point","coordinates":[-3.5875,43.4729]},"properties":{}},{"type":"Feature","geometry":{"type":"Point","coordinates":[-3.5871,43.4738]},"properties":{}},{"type":"Feature","geometry":{"type":"Point","coordinates":[-3.5876,43.4747]},"properties":{}},{"type":"Feature","geometry":{"type":"Point","coordinates":[-3.5877,43.4755]},"properties":{}},{"type":"Feature","geometry":{"type":"Point","coordinates":[-3.5874,43.4759]},"properties":{}},{"type":"Feature","geometry":{"type":"Point","coordinates":[-4.5768,43.3957]},"properties":{}},{"type":"Feature","geometry":{"type":"Point","coordinates":[-4.5782,43.3965]},"properties":{}},{"type":"Feature","geometry":{"type":"Point","coordinates":[-4.5781,43.3972]},"properties":{}},{"type":"Feature","geometry":{"type":"Point","coordinates":[-4.5779,43.3979]},"properties":{}},{"type":"Feature","geometry":{"type":"Point","coordinates":[-4.5784,43.398]},"properties":{}},{"type":"Feature","geometry":{"type":"Point","coordinates":[-4.5795,43.3983]},"properties":{}},{"type":"Feature","geometry":{"type":"Point","coordinates":[-4.5811,43.3991]},"properties":{}},{"type":"Feature","geometry":{"type":"Point","coordinates":[-4.5828,43.3984]},"properties":{}},{"type":"Feature","geometry":{"type":"Point","coordinates":[-4.5852,43.398]},"properties":{}},{"type":"Feature","geometry":{"type":"Point","coordinates":[-4.5863,43.3982]},"properties":{}},{"type":"Feature","geometry":{"type":"Point","coordinates":[-4.5869,43.3981]},"properties":{}},{"type":"Feature","geometry":{"type":"Point","coordinates":[-4.5879,43.3982]},"properties":{}},{"type":"Feature","geometry":{"type":"Point","coordinates":[-4.5883,43.398]},"properties":{}},{"type":"Feature","geometry":{"type":"Point","coordinates":[-4.5889,43.3978]},"properties":{}},{"type":"Feature","geometry":{"type":"Point","coordinates":[-4.5893,43.3977]},"properties":{}},{"type":"Feature","geometry":{"type":"Point","coordinates":[-4.59,43.3979]},"properties":{}},{"type":"Feature","geometry":{"type":"Point","coordinates":[-4.5907,43.3971]},"properties":{}},{"type":"Feature","geometry":{"type":"Point","coordinates":[-4.5915,43.397]},"properties":{}},{"type":"Feature","geometry":{"type":"Point","coordinates":[-4.593,43.3969]},"properties":{}},{"type":"Feature","geometry":{"type":"Point","coordinates":[-4.595,43.3972]},"properties":{}},{"type":"Feature","geometry":{"type":"Point","coordinates":[-4.5968,43.3972]},"properties":{}},{"type":"Feature","geometry":{"type":"Point","coordinates":[-4.5971,43.397]},"properties":{}},{"type":"Feature","geometry":{"type":"Point","coordinates":[-4.5975,43.397]},"properties":{}},{"type":"Feature","geometry":{"type":"Point","coordinates":[-4.5985,43.3969]},"properties":{}},{"type":"Feature","geometry":{"type":"Point","coordinates":[-4.5993,43.3965]},"properties":{}},{"type":"Feature","geometry":{"type":"Point","coordinates":[-4.5998,43.3967]},"properties":{}},{"type":"Feature","geometry":{"type":"Point","coordinates":[-4.6004,43.3966]},"properties":{}},{"type":"Feature","geometry":{"type":"Point","coordinates":[-4.6016,43.3968]},"properties":{}},{"type":"Feature","geometry":{"type":"Point","coordinates":[-4.6024,43.397]},"properties":{}},{"type":"Feature","geometry":{"type":"Point","coordinates":[-4.603,43.3969]},"properties":{}},{"type":"Feature","geometry":{"type":"Point","coordinates":[-4.6038,43.3975]},"properties":{}},{"type":"Feature","geometry":{"type":"Point","coordinates":[-4.6044,43.3975]},"properties":{}},{"type":"Feature","geometry":{"type":"Point","coordinates":[-4.6053,43.397]},"properties":{}},{"type":"Feature","geometry":{"type":"Point","coordinates":[-4.6055,43.3963]},"properties":{}},{"type":"Feature","geometry":{"type":"Point","coordinates":[-4.6063,43.3967]},"properties":{}},{"type":"Feature","geometry":{"type":"Point","coordinates":[-4.6064,43.3973]},"properties":{}},{"type":"Feature","geometry":{"type":"Point","coordinates":[-4.6074,43.397]},"properties":{}},{"type":"Feature","geometry":{"type":"Point","coordinates":[-4.6087,43.3972]},"properties":{}},{"type":"Feature","geometry":{"type":"Point","coordinates":[-4.6101,43.397]},"properties":{}},{"type":"Feature","geometry":{"type":"Point","coordinates":[-4.6117,43.3974]},"properties":{}},{"type":"Feature","geometry":{"type":"Point","coordinates":[-4.6141,43.3971]},"properties":{}},{"type":"Feature","geometry":{"type":"Point","coordinates":[-4.6153,43.3969]},"properties":{}},{"type":"Feature","geometry":{"type":"Point","coordinates":[-4.6143,43.3969]},"properties":{}},{"type":"Feature","geometry":{"type":"Point","coordinates":[-4.6128,43.3968]},"properties":{}},{"type":"Feature","geometry":{"type":"Point","coordinates":[-4.6142,43.3965]},"properties":{}},{"type":"Feature","geometry":{"type":"Point","coordinates":[-4.6173,43.3963]},"properties":{}},{"type":"Feature","geometry":{"type":"Point","coordinates":[-4.7299,43.4173]},"properties":{}},{"type":"Feature","geometry":{"type":"Point","coordinates":[-4.7288,43.4175]},"properties":{}},{"type":"Feature","geometry":{"type":"Point","coordinates":[-4.7292,43.4178]},"properties":{}},{"type":"Feature","geometry":{"type":"Point","coordinates":[-4.7298,43.4176]},"properties":{}},{"type":"Feature","geometry":{"type":"Point","coordinates":[-4.7302,43.4175]},"properties":{}},{"type":"Feature","geometry":{"type":"Point","coordinates":[-4.7299,43.4173]},"properties":{}},{"type":"Feature","geometry":{"type":"Point","coordinates":[-4.7477,43.4188]},"properties":{}},{"type":"Feature","geometry":{"type":"Point","coordinates":[-4.7478,43.4189]},"properties":{}},{"type":"Feature","geometry":{"type":"Point","coordinates":[-4.748,43.4196]},"properties":{}},{"type":"Feature","geometry":{"type":"Point","coordinates":[-4.7481,43.4195]},"properties":{}},{"type":"Feature","geometry":{"type":"Point","coordinates":[-4.7478,43.4195]},"properties":{}},{"type":"Feature","geometry":{"type":"Point","coordinates":[-4.7477,43.4196]},"properties":{}},{"type":"Feature","geometry":{"type":"Point","coordinates":[-4.7479,43.4196]},"properties":{}},{"type":"Feature","geometry":{"type":"Point","coordinates":[-6.9235,43.5709]},"properties":{}},{"type":"Feature","geometry":{"type":"Point","coordinates":[-6.9247,43.571]},"properties":{}},{"type":"Feature","geometry":{"type":"Point","coordinates":[-6.9247,43.5721]},"properties":{}},{"type":"Feature","geometry":{"type":"Point","coordinates":[-6.9245,43.573]},"properties":{}},{"type":"Feature","geometry":{"type":"Point","coordinates":[-6.9238,43.5737]},"properties":{}},{"type":"Feature","geometry":{"type":"Point","coordinates":[-6.925,43.574]},"properties":{}},{"type":"Feature","geometry":{"type":"Point","coordinates":[-6.9248,43.5749]},"properties":{}},{"type":"Feature","geometry":{"type":"Point","coordinates":[-6.9258,43.5745]},"properties":{}},{"type":"Feature","geometry":{"type":"Point","coordinates":[-6.9258,43.5737]},"properties":{}},{"type":"Feature","geometry":{"type":"Point","coordinates":[-6.9265,43.5735]},"properties":{}},{"type":"Feature","geometry":{"type":"Point","coordinates":[-6.9272,43.5738]},"properties":{}},{"type":"Feature","geometry":{"type":"Point","coordinates":[-6.9288,43.5726]},"properties":{}},{"type":"Feature","geometry":{"type":"Point","coordinates":[-6.9293,43.5713]},"properties":{}},{"type":"Feature","geometry":{"type":"Point","coordinates":[-6.9298,43.5707]},"properties":{}},{"type":"Feature","geometry":{"type":"Point","coordinates":[-6.9301,43.5701]},"properties":{}},{"type":"Feature","geometry":{"type":"Point","coordinates":[-6.9305,43.5709]},"properties":{}},{"type":"Feature","geometry":{"type":"Point","coordinates":[-6.9315,43.5702]},"properties":{}},{"type":"Feature","geometry":{"type":"Point","coordinates":[-6.932,43.5699]},"properties":{}},{"type":"Feature","geometry":{"type":"Point","coordinates":[-6.9325,43.5695]},"properties":{}},{"type":"Feature","geometry":{"type":"Point","coordinates":[-6.9334,43.5701]},"properties":{}},{"type":"Feature","geometry":{"type":"Point","coordinates":[-6.9342,43.5699]},"properties":{}},{"type":"Feature","geometry":{"type":"Point","coordinates":[-6.9348,43.5705]},"properties":{}},{"type":"Feature","geometry":{"type":"Point","coordinates":[-6.9373,43.5698]},"properties":{}},{"type":"Feature","geometry":{"type":"Point","coordinates":[-6.9392,43.5714]},"properties":{}},{"type":"Feature","geometry":{"type":"Point","coordinates":[-6.94,43.571]},"properties":{}},{"type":"Feature","geometry":{"type":"Point","coordinates":[-6.94,43.5715]},"properties":{}},{"type":"Feature","geometry":{"type":"Point","coordinates":[-6.9408,43.5714]},"properties":{}},{"type":"Feature","geometry":{"type":"Point","coordinates":[-6.9403,43.5725]},"properties":{}},{"type":"Feature","geometry":{"type":"Point","coordinates":[-6.9407,43.5726]},"properties":{}},{"type":"Feature","geometry":{"type":"Point","coordinates":[-6.941,43.5723]},"properties":{}},{"type":"Feature","geometry":{"type":"Point","coordinates":[-6.9423,43.5722]},"properties":{}},{"type":"Feature","geometry":{"type":"Point","coordinates":[-6.9428,43.5728]},"properties":{}},{"type":"Feature","geometry":{"type":"Point","coordinates":[-6.9428,43.5732]},"properties":{}},{"type":"Feature","geometry":{"type":"Point","coordinates":[-6.9433,43.5741]},"properties":{}},{"type":"Feature","geometry":{"type":"Point","coordinates":[-6.9437,43.5744]},"properties":{}},{"type":"Feature","geometry":{"type":"Point","coordinates":[-6.9447,43.5739]},"properties":{}},{"type":"Feature","geometry":{"type":"Point","coordinates":[-6.9451,43.5737]},"properties":{}},{"type":"Feature","geometry":{"type":"Point","coordinates":[-3.7888,43.3986]},"properties":{}},{"type":"Feature","geometry":{"type":"Point","coordinates":[-3.7932,43.3985]},"properties":{}},{"type":"Feature","geometry":{"type":"Point","coordinates":[-3.7981,43.3986]},"properties":{}},{"type":"Feature","geometry":{"type":"Point","coordinates":[-3.8003,43.3982]},"properties":{}},{"type":"Feature","geometry":{"type":"Point","coordinates":[-3.8026,43.3975]},"properties":{}},{"type":"Feature","geometry":{"type":"Point","coordinates":[-3.8049,43.3952]},"properties":{}},{"type":"Feature","geometry":{"type":"Point","coordinates":[-3.8072,43.3947]},"properties":{}},{"type":"Feature","geometry":{"type":"Point","coordinates":[-3.7549,43.4484]},"properties":{}},{"type":"Feature","geometry":{"type":"Point","coordinates":[-3.7573,43.448]},"properties":{}},{"type":"Feature","geometry":{"type":"Point","coordinates":[-3.7595,43.4483]},"properties":{}},{"type":"Feature","geometry":{"type":"Point","coordinates":[-3.7609,43.448]},"properties":{}},{"type":"Feature","geometry":{"type":"Point","coordinates":[-3.7646,43.4472]},"properties":{}},{"type":"Feature","geometry":{"type":"Point","coordinates":[-3.7659,43.4472]},"properties":{}},{"type":"Feature","geometry":{"type":"Point","coordinates":[-3.7639,43.4469]},"properties":{}},{"type":"Feature","geometry":{"type":"Point","coordinates":[-3.7649,43.4464]},"properties":{}},{"type":"Feature","geometry":{"type":"Point","coordinates":[-3.7663,43.4467]},"properties":{}},{"type":"Feature","geometry":{"type":"Point","coordinates":[-3.7669,43.4474]},"properties":{}},{"type":"Feature","geometry":{"type":"Point","coordinates":[-3.7677,43.4477]},"properties":{}},{"type":"Feature","geometry":{"type":"Point","coordinates":[-3.7688,43.4488]},"properties":{}},{"type":"Feature","geometry":{"type":"Point","coordinates":[-3.7693,43.4491]},"properties":{}},{"type":"Feature","geometry":{"type":"Point","coordinates":[-3.7696,43.4489]},"properties":{}},{"type":"Feature","geometry":{"type":"Point","coordinates":[-3.7711,43.4487]},"properties":{}},{"type":"Feature","geometry":{"type":"Point","coordinates":[-3.7712,43.4489]},"properties":{}},{"type":"Feature","geometry":{"type":"Point","coordinates":[-3.7722,43.4486]},"properties":{}},{"type":"Feature","geometry":{"type":"Point","coordinates":[-3.7724,43.4489]},"properties":{}},{"type":"Feature","geometry":{"type":"Point","coordinates":[-3.7729,43.4487]},"properties":{}},{"type":"Feature","geometry":{"type":"Point","coordinates":[-3.774,43.4484]},"properties":{}},{"type":"Feature","geometry":{"type":"Point","coordinates":[-3.7757,43.449]},"properties":{}},{"type":"Feature","geometry":{"type":"Point","coordinates":[-3.7761,43.4493]},"properties":{}},{"type":"Feature","geometry":{"type":"Point","coordinates":[-3.7747,43.4484]},"properties":{}},{"type":"Feature","geometry":{"type":"Point","coordinates":[-3.541,43.494]},"properties":{}},{"type":"Feature","geometry":{"type":"Point","coordinates":[-3.5411,43.4947]},"properties":{}},{"type":"Feature","geometry":{"type":"Point","coordinates":[-3.3367,43.4125]},"properties":{}},{"type":"Feature","geometry":{"type":"Point","coordinates":[-3.3397,43.4147]},"properties":{}},{"type":"Feature","geometry":{"type":"Point","coordinates":[-3.3453,43.4152]},"properties":{}},{"type":"Feature","geometry":{"type":"Point","coordinates":[-3.3491,43.4137]},"properties":{}},{"type":"Feature","geometry":{"type":"Point","coordinates":[-3.3521,43.4138]},"properties":{}},{"type":"Feature","geometry":{"type":"Point","coordinates":[-3.3567,43.4125]},"properties":{}},{"type":"Feature","geometry":{"type":"Point","coordinates":[-3.3619,43.4122]},"properties":{}},{"type":"Feature","geometry":{"type":"Point","coordinates":[-3.3646,43.412]},"properties":{}},{"type":"Feature","geometry":{"type":"Point","coordinates":[-3.3692,43.4129]},"properties":{}},{"type":"Feature","geometry":{"type":"Point","coordinates":[-3.3707,43.4135]},"properties":{}},{"type":"Feature","geometry":{"type":"Point","coordinates":[-3.3717,43.4169]},"properties":{}},{"type":"Feature","geometry":{"type":"Point","coordinates":[-3.3764,43.416]},"properties":{}},{"type":"Feature","geometry":{"type":"Point","coordinates":[-3.3818,43.4151]},"properties":{}},{"type":"Feature","geometry":{"type":"Point","coordinates":[-3.1967,43.3713]},"properties":{}},{"type":"Feature","geometry":{"type":"Point","coordinates":[-3.1967,43.3714]},"properties":{}},{"type":"Feature","geometry":{"type":"Point","coordinates":[-3.1968,43.3715]},"properties":{}},{"type":"Feature","geometry":{"type":"Point","coordinates":[-3.1969,43.3716]},"properties":{}},{"type":"Feature","geometry":{"type":"Point","coordinates":[-3.1969,43.3716]},"properties":{}},{"type":"Feature","geometry":{"type":"Point","coordinates":[-3.1971,43.3719]},"properties":{}},{"type":"Feature","geometry":{"type":"Point","coordinates":[-3.1973,43.3721]},"properties":{}},{"type":"Feature","geometry":{"type":"Point","coordinates":[-3.1974,43.3722]},"properties":{}},{"type":"Feature","geometry":{"type":"Point","coordinates":[-3.1975,43.3722]},"properties":{}},{"type":"Feature","geometry":{"type":"Point","coordinates":[-3.1974,43.372]},"properties":{}},{"type":"Feature","geometry":{"type":"Point","coordinates":[-3.1977,43.3725]},"properties":{}},{"type":"Feature","geometry":{"type":"Point","coordinates":[-3.1978,43.3725]},"properties":{}},{"type":"Feature","geometry":{"type":"Point","coordinates":[-3.1978,43.3726]},"properties":{}},{"type":"Feature","geometry":{"type":"Point","coordinates":[-3.1979,43.3727]},"properties":{}},{"type":"Feature","geometry":{"type":"Point","coordinates":[-3.198,43.3727]},"properties":{}},{"type":"Feature","geometry":{"type":"Point","coordinates":[-3.198,43.3727]},"properties":{}},{"type":"Feature","geometry":{"type":"Point","coordinates":[-3.1981,43.3727]},"properties":{}},{"type":"Feature","geometry":{"type":"Point","coordinates":[-3.198,43.3728]},"properties":{}},{"type":"Feature","geometry":{"type":"Point","coordinates":[-3.1981,43.3728]},"properties":{}},{"type":"Feature","geometry":{"type":"Point","coordinates":[-3.1981,43.3729]},"properties":{}},{"type":"Feature","geometry":{"type":"Point","coordinates":[-3.1981,43.373]},"properties":{}},{"type":"Feature","geometry":{"type":"Point","coordinates":[-3.1981,43.3731]},"properties":{}},{"type":"Feature","geometry":{"type":"Point","coordinates":[-3.1982,43.3731]},"properties":{}},{"type":"Feature","geometry":{"type":"Point","coordinates":[-3.1983,43.3731]},"properties":{}},{"type":"Feature","geometry":{"type":"Point","coordinates":[-3.1984,43.3732]},"properties":{}},{"type":"Feature","geometry":{"type":"Point","coordinates":[-3.1985,43.3731]},"properties":{}},{"type":"Feature","geometry":{"type":"Point","coordinates":[-3.1989,43.3735]},"properties":{}},{"type":"Feature","geometry":{"type":"Point","coordinates":[-3.1992,43.3736]},"properties":{}},{"type":"Feature","geometry":{"type":"Point","coordinates":[-3.1995,43.3737]},"properties":{}},{"type":"Feature","geometry":{"type":"Point","coordinates":[-3.2002,43.374]},"properties":{}},{"type":"Feature","geometry":{"type":"Point","coordinates":[-3.201,43.3741]},"properties":{}},{"type":"Feature","geometry":{"type":"Point","coordinates":[-3.2016,43.374]},"properties":{}},{"type":"Feature","geometry":{"type":"Point","coordinates":[-3.2019,43.3737]},"properties":{}},{"type":"Feature","geometry":{"type":"Point","coordinates":[-3.2025,43.374]},"properties":{}},{"type":"Feature","geometry":{"type":"Point","coordinates":[-3.2029,43.3738]},"properties":{}},{"type":"Feature","geometry":{"type":"Point","coordinates":[-3.2032,43.3739]},"properties":{}},{"type":"Feature","geometry":{"type":"Point","coordinates":[-3.2036,43.3739]},"properties":{}},{"type":"Feature","geometry":{"type":"Point","coordinates":[-3.2039,43.3739]},"properties":{}},{"type":"Feature","geometry":{"type":"Point","coordinates":[-3.2042,43.3733]},"properties":{}},{"type":"Feature","geometry":{"type":"Point","coordinates":[-3.205,43.3735]},"properties":{}},{"type":"Feature","geometry":{"type":"Point","coordinates":[-3.2053,43.3738]},"properties":{}},{"type":"Feature","geometry":{"type":"Point","coordinates":[-3.2054,43.3738]},"properties":{}},{"type":"Feature","geometry":{"type":"Point","coordinates":[-3.2055,43.3738]},"properties":{}},{"type":"Feature","geometry":{"type":"Point","coordinates":[-3.2057,43.3743]},"properties":{}},{"type":"Feature","geometry":{"type":"Point","coordinates":[-3.2058,43.3744]},"properties":{}},{"type":"Feature","geometry":{"type":"Point","coordinates":[-3.206,43.3746]},"properties":{}},{"type":"Feature","geometry":{"type":"Point","coordinates":[-3.2062,43.3751]},"properties":{}},{"type":"Feature","geometry":{"type":"Point","coordinates":[-3.2062,43.3757]},"properties":{}},{"type":"Feature","geometry":{"type":"Point","coordinates":[-3.2069,43.376]},"properties":{}},{"type":"Feature","geometry":{"type":"Point","coordinates":[-3.2073,43.376]},"properties":{}},{"type":"Feature","geometry":{"type":"Point","coordinates":[-3.2073,43.3763]},"properties":{}},{"type":"Feature","geometry":{"type":"Point","coordinates":[-3.2075,43.3764]},"properties":{}},{"type":"Feature","geometry":{"type":"Point","coordinates":[-3.2077,43.3763]},"properties":{}},{"type":"Feature","geometry":{"type":"Point","coordinates":[-3.2079,43.3763]},"properties":{}},{"type":"Feature","geometry":{"type":"Point","coordinates":[-3.208,43.3761]},"properties":{}},{"type":"Feature","geometry":{"type":"Point","coordinates":[-3.2079,43.3756]},"properties":{}},{"type":"Feature","geometry":{"type":"Point","coordinates":[-3.2081,43.3753]},"properties":{}},{"type":"Feature","geometry":{"type":"Point","coordinates":[-3.208,43.3749]},"properties":{}},{"type":"Feature","geometry":{"type":"Point","coordinates":[-3.2084,43.374]},"properties":{}},{"type":"Feature","geometry":{"type":"Point","coordinates":[-3.2093,43.3738]},"properties":{}},{"type":"Feature","geometry":{"type":"Point","coordinates":[-3.2093,43.3746]},"properties":{}},{"type":"Feature","geometry":{"type":"Point","coordinates":[-3.2095,43.3744]},"properties":{}},{"type":"Feature","geometry":{"type":"Point","coordinates":[-3.2111,43.3741]},"properties":{}},{"type":"Feature","geometry":{"type":"Point","coordinates":[-3.213,43.3758]},"properties":{}},{"type":"Feature","geometry":{"type":"Point","coordinates":[-3.2134,43.3769]},"properties":{}},{"type":"Feature","geometry":{"type":"Point","coordinates":[-3.2138,43.3771]},"properties":{}},{"type":"Feature","geometry":{"type":"Point","coordinates":[-3.2164,43.3802]},"properties":{}},{"type":"Feature","geometry":{"type":"Point","coordinates":[-3.2158,43.3802]},"properties":{}},{"type":"Feature","geometry":{"type":"Point","coordinates":[-3.2154,43.3801]},"properties":{}},{"type":"Feature","geometry":{"type":"Point","coordinates":[-3.2159,43.3802]},"properties":{}},{"type":"Feature","geometry":{"type":"Point","coordinates":[-3.2167,43.3814]},"properties":{}},{"type":"Feature","geometry":{"type":"Point","coordinates":[-3.2171,43.3829]},"properties":{}},{"type":"Feature","geometry":{"type":"Point","coordinates":[-3.2169,43.3832]},"properties":{}},{"type":"Feature","geometry":{"type":"Point","coordinates":[-3.2178,43.3832]},"properties":{}},{"type":"Feature","geometry":{"type":"Point","coordinates":[-3.2171,43.3838]},"properties":{}},{"type":"Feature","geometry":{"type":"Point","coordinates":[-3.2165,43.3834]},"properties":{}},{"type":"Feature","geometry":{"type":"Point","coordinates":[-3.2166,43.383]},"properties":{}},{"type":"Feature","geometry":{"type":"Point","coordinates":[-3.2157,43.3837]},"properties":{}},{"type":"Feature","geometry":{"type":"Point","coordinates":[-3.2145,43.3837]},"properties":{}},{"type":"Feature","geometry":{"type":"Point","coordinates":[-3.209,43.381]},"properties":{}},{"type":"Feature","geometry":{"type":"Point","coordinates":[-3.2089,43.3811]},"properties":{}},{"type":"Feature","geometry":{"type":"Point","coordinates":[-3.2143,43.3843]},"properties":{}},{"type":"Feature","geometry":{"type":"Point","coordinates":[-3.2147,43.3844]},"properties":{}},{"type":"Feature","geometry":{"type":"Point","coordinates":[-3.2144,43.3847]},"properties":{}},{"type":"Feature","geometry":{"type":"Point","coordinates":[-3.2158,43.3849]},"properties":{}},{"type":"Feature","geometry":{"type":"Point","coordinates":[-3.2163,43.3848]},"properties":{}},{"type":"Feature","geometry":{"type":"Point","coordinates":[-3.2151,43.3854]},"properties":{}},{"type":"Feature","geometry":{"type":"Point","coordinates":[-3.2156,43.3857]},"properties":{}},{"type":"Feature","geometry":{"type":"Point","coordinates":[-3.2162,43.3857]},"properties":{}},{"type":"Feature","geometry":{"type":"Point","coordinates":[-3.2168,43.3857]},"properties":{}},{"type":"Feature","geometry":{"type":"Point","coordinates":[-3.2173,43.3858]},"properties":{}},{"type":"Feature","geometry":{"type":"Point","coordinates":[-3.2175,43.3863]},"properties":{}},{"type":"Feature","geometry":{"type":"Point","coordinates":[-3.2178,43.3864]},"properties":{}},{"type":"Feature","geometry":{"type":"Point","coordinates":[-3.2184,43.3864]},"properties":{}},{"type":"Feature","geometry":{"type":"Point","coordinates":[-3.2193,43.3862]},"properties":{}},{"type":"Feature","geometry":{"type":"Point","coordinates":[-3.2204,43.3862]},"properties":{}},{"type":"Feature","geometry":{"type":"Point","coordinates":[-3.2215,43.3855]},"properties":{}},{"type":"Feature","geometry":{"type":"Point","coordinates":[-6.5359,43.5486]},"properties":{}},{"type":"Feature","geometry":{"type":"Point","coordinates":[-6.5341,43.548]},"properties":{}},{"type":"Feature","geometry":{"type":"Point","coordinates":[-4.1026,43.4245]},"properties":{}},{"type":"Feature","geometry":{"type":"Point","coordinates":[-4.1039,43.4237]},"properties":{}},{"type":"Feature","geometry":{"type":"Point","coordinates":[-4.1062,43.4224]},"properties":{}},{"type":"Feature","geometry":{"type":"Point","coordinates":[-4.1091,43.4207]},"properties":{}},{"type":"Feature","geometry":{"type":"Point","coordinates":[-4.1125,43.4196]},"properties":{}},{"type":"Feature","geometry":{"type":"Point","coordinates":[-4.1114,43.4189]},"properties":{}},{"type":"Feature","geometry":{"type":"Point","coordinates":[-4.1137,43.4184]},"properties":{}},{"type":"Feature","geometry":{"type":"Point","coordinates":[-4.1154,43.418]},"properties":{}},{"type":"Feature","geometry":{"type":"Point","coordinates":[-4.1158,43.4178]},"properties":{}},{"type":"Feature","geometry":{"type":"Point","coordinates":[-4.1158,43.4174]},"properties":{}},{"type":"Feature","geometry":{"type":"Point","coordinates":[-4.1164,43.4174]},"properties":{}},{"type":"Feature","geometry":{"type":"Point","coordinates":[-4.1163,43.4179]},"properties":{}},{"type":"Feature","geometry":{"type":"Point","coordinates":[-4.1174,43.4173]},"properties":{}},{"type":"Feature","geometry":{"type":"Point","coordinates":[-4.1177,43.4169]},"properties":{}},{"type":"Feature","geometry":{"type":"Point","coordinates":[-4.1239,43.4163]},"properties":{}},{"type":"Feature","geometry":{"type":"Point","coordinates":[-4.129,43.4149]},"properties":{}},{"type":"Feature","geometry":{"type":"Point","coordinates":[-4.1318,43.4141]},"properties":{}},{"type":"Feature","geometry":{"type":"Point","coordinates":[-4.1331,43.4145]},"properties":{}},{"type":"Feature","geometry":{"type":"Point","coordinates":[-4.0252,43.4532]},"properties":{}},{"type":"Feature","geometry":{"type":"Point","coordinates":[-4.0255,43.4531]},"properties":{}},{"type":"Feature","geometry":{"type":"Point","coordinates":[-4.026,43.4531]},"properties":{}},{"type":"Feature","geometry":{"type":"Point","coordinates":[-4.0264,43.4531]},"properties":{}},{"type":"Feature","geometry":{"type":"Point","coordinates":[-4.0263,43.4529]},"properties":{}},{"type":"Feature","geometry":{"type":"Point","coordinates":[-4.0262,43.4527]},"properties":{}},{"type":"Feature","geometry":{"type":"Point","coordinates":[-4.0258,43.4527]},"properties":{}},{"type":"Feature","geometry":{"type":"Point","coordinates":[-4.0254,43.4527]},"properties":{}},{"type":"Feature","geometry":{"type":"Point","coordinates":[-4.0251,43.4526]},"properties":{}},{"type":"Feature","geometry":{"type":"Point","coordinates":[-4.0247,43.4526]},"properties":{}},{"type":"Feature","geometry":{"type":"Point","coordinates":[-4.0243,43.4526]},"properties":{}},{"type":"Feature","geometry":{"type":"Point","coordinates":[-4.024,43.4526]},"properties":{}},{"type":"Feature","geometry":{"type":"Point","coordinates":[-4.0237,43.4526]},"properties":{}},{"type":"Feature","geometry":{"type":"Point","coordinates":[-4.0235,43.4526]},"properties":{}},{"type":"Feature","geometry":{"type":"Point","coordinates":[-4.023,43.4525]},"properties":{}},{"type":"Feature","geometry":{"type":"Point","coordinates":[-4.0227,43.4525]},"properties":{}},{"type":"Feature","geometry":{"type":"Point","coordinates":[-4.0224,43.4525]},"properties":{}},{"type":"Feature","geometry":{"type":"Point","coordinates":[-4.022,43.4525]},"properties":{}},{"type":"Feature","geometry":{"type":"Point","coordinates":[-4.0216,43.4525]},"properties":{}},{"type":"Feature","geometry":{"type":"Point","coordinates":[-4.0212,43.4526]},"properties":{}},{"type":"Feature","geometry":{"type":"Point","coordinates":[-4.021,43.4527]},"properties":{}},{"type":"Feature","geometry":{"type":"Point","coordinates":[-4.021,43.4529]},"properties":{}},{"type":"Feature","geometry":{"type":"Point","coordinates":[-4.0212,43.4529]},"properties":{}},{"type":"Feature","geometry":{"type":"Point","coordinates":[-4.0215,43.4529]},"properties":{}},{"type":"Feature","geometry":{"type":"Point","coordinates":[-4.0217,43.4529]},"properties":{}},{"type":"Feature","geometry":{"type":"Point","coordinates":[-4.0222,43.4531]},"properties":{}},{"type":"Feature","geometry":{"type":"Point","coordinates":[-4.0226,43.4531]},"properties":{}},{"type":"Feature","geometry":{"type":"Point","coordinates":[-4.023,43.4531]},"properties":{}},{"type":"Feature","geometry":{"type":"Point","coordinates":[-4.0233,43.4528]},"properties":{}},{"type":"Feature","geometry":{"type":"Point","coordinates":[-4.0234,43.453]},"properties":{}},{"type":"Feature","geometry":{"type":"Point","coordinates":[-4.0237,43.4531]},"properties":{}},{"type":"Feature","geometry":{"type":"Point","coordinates":[-4.0241,43.4531]},"properties":{}},{"type":"Feature","geometry":{"type":"Point","coordinates":[-4.0245,43.4532]},"properties":{}},{"type":"Feature","geometry":{"type":"Point","coordinates":[-4.0248,43.4532]},"properties":{}},{"type":"Feature","geometry":{"type":"Point","coordinates":[-4.0252,43.4532]},"properties":{}},{"type":"Feature","geometry":{"type":"Point","coordinates":[-4.0161,43.4524]},"properties":{}},{"type":"Feature","geometry":{"type":"Point","coordinates":[-4.0163,43.4523]},"properties":{}},{"type":"Feature","geometry":{"type":"Point","coordinates":[-4.0162,43.4521]},"properties":{}},{"type":"Feature","geometry":{"type":"Point","coordinates":[-4.0158,43.4521]},"properties":{}},{"type":"Feature","geometry":{"type":"Point","coordinates":[-4.0155,43.4523]},"properties":{}},{"type":"Feature","geometry":{"type":"Point","coordinates":[-4.0159,43.4524]},"properties":{}},{"type":"Feature","geometry":{"type":"Point","coordinates":[-4.016,43.4524]},"properties":{}},{"type":"Feature","geometry":{"type":"Point","coordinates":[-4.013,43.4527]},"properties":{}},{"type":"Feature","geometry":{"type":"Point","coordinates":[-4.0132,43.453]},"properties":{}},{"type":"Feature","geometry":{"type":"Point","coordinates":[-4.0137,43.4528]},"properties":{}},{"type":"Feature","geometry":{"type":"Point","coordinates":[-4.0139,43.4526]},"properties":{}},{"type":"Feature","geometry":{"type":"Point","coordinates":[-4.0135,43.4524]},"properties":{}},{"type":"Feature","geometry":{"type":"Point","coordinates":[-4.0132,43.4523]},"properties":{}},{"type":"Feature","geometry":{"type":"Point","coordinates":[-4.0129,43.4525]},"properties":{}},{"type":"Feature","geometry":{"type":"Point","coordinates":[-4.0227,43.4512]},"properties":{}},{"type":"Feature","geometry":{"type":"Point","coordinates":[-4.0225,43.4511]},"properties":{}},{"type":"Feature","geometry":{"type":"Point","coordinates":[-4.0227,43.4508]},"properties":{}},{"type":"Feature","geometry":{"type":"Point","coordinates":[-4.0222,43.4507]},"properties":{}},{"type":"Feature","geometry":{"type":"Point","coordinates":[-4.0224,43.4506]},"properties":{}},{"type":"Feature","geometry":{"type":"Point","coordinates":[-4.0218,43.4505]},"properties":{}},{"type":"Feature","geometry":{"type":"Point","coordinates":[-4.0217,43.4505]},"properties":{}},{"type":"Feature","geometry":{"type":"Point","coordinates":[-4.0213,43.4506]},"properties":{}},{"type":"Feature","geometry":{"type":"Point","coordinates":[-4.0209,43.4505]},"properties":{}},{"type":"Feature","geometry":{"type":"Point","coordinates":[-4.0212,43.4507]},"properties":{}},{"type":"Feature","geometry":{"type":"Point","coordinates":[-4.0213,43.4509]},"properties":{}},{"type":"Feature","geometry":{"type":"Point","coordinates":[-4.0213,43.4511]},"properties":{}},{"type":"Feature","geometry":{"type":"Point","coordinates":[-4.0215,43.4512]},"properties":{}},{"type":"Feature","geometry":{"type":"Point","coordinates":[-4.022,43.4512]},"properties":{}},{"type":"Feature","geometry":{"type":"Point","coordinates":[-4.0222,43.4511]},"properties":{}},{"type":"Feature","geometry":{"type":"Point","coordinates":[-4.0161,43.4531]},"properties":{}},{"type":"Feature","geometry":{"type":"Point","coordinates":[-4.0162,43.453]},"properties":{}},{"type":"Feature","geometry":{"type":"Point","coordinates":[-4.0163,43.4527]},"properties":{}},{"type":"Feature","geometry":{"type":"Point","coordinates":[-4.016,43.4526]},"properties":{}},{"type":"Feature","geometry":{"type":"Point","coordinates":[-4.0158,43.4527]},"properties":{}},{"type":"Feature","geometry":{"type":"Point","coordinates":[-4.0154,43.4527]},"properties":{}},{"type":"Feature","geometry":{"type":"Point","coordinates":[-4.0154,43.4529]},"properties":{}},{"type":"Feature","geometry":{"type":"Point","coordinates":[-4.0157,43.453]},"properties":{}},{"type":"Feature","geometry":{"type":"Point","coordinates":[-4.0158,43.4531]},"properties":{}},{"type":"Feature","geometry":{"type":"Point","coordinates":[-4.016,43.4532]},"properties":{}},{"type":"Feature","geometry":{"type":"Point","coordinates":[-3.2183,43.3867]},"properties":{}},{"type":"Feature","geometry":{"type":"Point","coordinates":[-3.219,43.3866]},"properties":{}},{"type":"Feature","geometry":{"type":"Point","coordinates":[-3.2181,43.3866]},"properties":{}},{"type":"Feature","geometry":{"type":"Point","coordinates":[-3.2177,43.3868]},"properties":{}},{"type":"Feature","geometry":{"type":"Point","coordinates":[-4.5124,43.3933]},"properties":{}},{"type":"Feature","geometry":{"type":"Point","coordinates":[-4.2226,43.3966]},"properties":{}},{"type":"Feature","geometry":{"type":"Point","coordinates":[-4.2249,43.3985]},"properties":{}},{"type":"Feature","geometry":{"type":"Point","coordinates":[-4.2293,43.3997]},"properties":{}},{"type":"Feature","geometry":{"type":"Point","coordinates":[-4.2334,43.4]},"properties":{}},{"type":"Feature","geometry":{"type":"Point","coordinates":[-4.2355,43.3993]},"properties":{}},{"type":"Feature","geometry":{"type":"Point","coordinates":[-4.2812,43.3878]},"properties":{}},{"type":"Feature","geometry":{"type":"Point","coordinates":[-4.2844,43.3888]},"properties":{}},{"type":"Feature","geometry":{"type":"Point","coordinates":[-4.2895,43.391]},"properties":{}},{"type":"Feature","geometry":{"type":"Point","coordinates":[-4.2898,43.3922]},"properties":{}},{"type":"Feature","geometry":{"type":"Point","coordinates":[-4.2892,43.3926]},"properties":{}},{"type":"Feature","geometry":{"type":"Point","coordinates":[-4.2895,43.3927]},"properties":{}},{"type":"Feature","geometry":{"type":"Point","coordinates":[-4.2889,43.3932]},"properties":{}},{"type":"Feature","geometry":{"type":"Point","coordinates":[-4.289,43.3925]},"properties":{}},{"type":"Feature","geometry":{"type":"Point","coordinates":[-4.289,43.3923]},"properties":{}},{"type":"Feature","geometry":{"type":"Point","coordinates":[-4.2884,43.393]},"properties":{}},{"type":"Feature","geometry":{"type":"Point","coordinates":[-4.2878,43.3931]},"properties":{}},{"type":"Feature","geometry":{"type":"Point","coordinates":[-4.1326,43.413]},"properties":{}},{"type":"Feature","geometry":{"type":"Point","coordinates":[-4.1344,43.4116]},"properties":{}},{"type":"Feature","geometry":{"type":"Point","coordinates":[-4.1367,43.4115]},"properties":{}},{"type":"Feature","geometry":{"type":"Point","coordinates":[-4.1375,43.4119]},"properties":{}},{"type":"Feature","geometry":{"type":"Point","coordinates":[-4.1373,43.4124]},"properties":{}},{"type":"Feature","geometry":{"type":"Point","coordinates":[-4.1371,43.4136]},"properties":{}},{"type":"Feature","geometry":{"type":"Point","coordinates":[-4.139,43.4132]},"properties":{}},{"type":"Feature","geometry":{"type":"Point","coordinates":[-4.1397,43.4126]},"properties":{}},{"type":"Feature","geometry":{"type":"Point","coordinates":[-4.1408,43.4122]},"properties":{}},{"type":"Feature","geometry":{"type":"Point","coordinates":[-4.1401,43.4125]},"properties":{}},{"type":"Feature","geometry":{"type":"Point","coordinates":[-4.1404,43.413]},"properties":{}},{"type":"Feature","geometry":{"type":"Point","coordinates":[-4.1418,43.4132]},"properties":{}},{"type":"Feature","geometry":{"type":"Point","coordinates":[-4.1441,43.413]},"properties":{}},{"type":"Feature","geometry":{"type":"Point","coordinates":[-4.1502,43.4118]},"properties":{}},{"type":"Feature","geometry":{"type":"Point","coordinates":[-4.1534,43.4105]},"properties":{}},{"type":"Feature","geometry":{"type":"Point","coordinates":[-4.0364,43.4355]},"properties":{}},{"type":"Feature","geometry":{"type":"Point","coordinates":[-4.0384,43.4348]},"properties":{}},{"type":"Feature","geometry":{"type":"Point","coordinates":[-4.0433,43.4362]},"properties":{}},{"type":"Feature","geometry":{"type":"Point","coordinates":[-4.0446,43.4375]},"properties":{}},{"type":"Feature","geometry":{"type":"Point","coordinates":[-4.0441,43.4382]},"properties":{}},{"type":"Feature","geometry":{"type":"Point","coordinates":[-4.0438,43.4391]},"properties":{}},{"type":"Feature","geometry":{"type":"Point","coordinates":[-4.0432,43.4399]},"properties":{}},{"type":"Feature","geometry":{"type":"Point","coordinates":[-4.0419,43.4408]},"properties":{}},{"type":"Feature","geometry":{"type":"Point","coordinates":[-4.0422,43.4417]},"properties":{}},{"type":"Feature","geometry":{"type":"Point","coordinates":[-4.0431,43.4424]},"properties":{}},{"type":"Feature","geometry":{"type":"Point","coordinates":[-4.0438,43.4422]},"properties":{}},{"type":"Feature","geometry":{"type":"Point","coordinates":[-4.0448,43.4427]},"properties":{}},{"type":"Feature","geometry":{"type":"Point","coordinates":[-4.0452,43.4439]},"properties":{}},{"type":"Feature","geometry":{"type":"Point","coordinates":[-4.0457,43.4443]},"properties":{}},{"type":"Feature","geometry":{"type":"Point","coordinates":[-4.0458,43.4449]},"properties":{}},{"type":"Feature","geometry":{"type":"Point","coordinates":[-4.0467,43.4449]},"properties":{}},{"type":"Feature","geometry":{"type":"Point","coordinates":[-4.0471,43.4445]},"properties":{}},{"type":"Feature","geometry":{"type":"Point","coordinates":[-4.0466,43.4441]},"properties":{}},{"type":"Feature","geometry":{"type":"Point","coordinates":[-4.0471,43.4437]},"properties":{}},{"type":"Feature","geometry":{"type":"Point","coordinates":[-4.047,43.4431]},"properties":{}},{"type":"Feature","geometry":{"type":"Point","coordinates":[-4.0481,43.4431]},"properties":{}},{"type":"Feature","geometry":{"type":"Point","coordinates":[-4.0486,43.4417]},"properties":{}},{"type":"Feature","geometry":{"type":"Point","coordinates":[-4.0471,43.4407]},"properties":{}},{"type":"Feature","geometry":{"type":"Point","coordinates":[-4.0464,43.4395]},"properties":{}},{"type":"Feature","geometry":{"type":"Point","coordinates":[-4.0482,43.437]},"properties":{}},{"type":"Feature","geometry":{"type":"Point","coordinates":[-4.0499,43.4367]},"properties":{}},{"type":"Feature","geometry":{"type":"Point","coordinates":[-4.098,43.4262]},"properties":{}},{"type":"Feature","geometry":{"type":"Point","coordinates":[-4.098,43.4258]},"properties":{}},{"type":"Feature","geometry":{"type":"Point","coordinates":[-4.0981,43.4251]},"properties":{}},{"type":"Feature","geometry":{"type":"Point","coordinates":[-4.0982,43.4247]},"properties":{}},{"type":"Feature","geometry":{"type":"Point","coordinates":[-4.0982,43.4246]},"properties":{}},{"type":"Feature","geometry":{"type":"Point","coordinates":[-4.0984,43.4242]},"properties":{}},{"type":"Feature","geometry":{"type":"Point","coordinates":[-4.0989,43.4248]},"properties":{}},{"type":"Feature","geometry":{"type":"Point","coordinates":[-3.8822,43.4751]},"properties":{}},{"type":"Feature","geometry":{"type":"Point","coordinates":[-3.8826,43.4751]},"properties":{}},{"type":"Feature","geometry":{"type":"Point","coordinates":[-3.8826,43.4752]},"properties":{}},{"type":"Feature","geometry":{"type":"Point","coordinates":[-3.8827,43.4752]},"properties":{}},{"type":"Feature","geometry":{"type":"Point","coordinates":[-3.8827,43.4753]},"properties":{}},{"type":"Feature","geometry":{"type":"Point","coordinates":[-3.8828,43.4753]},"properties":{}},{"type":"Feature","geometry":{"type":"Point","coordinates":[-3.8829,43.4754]},"properties":{}},{"type":"Feature","geometry":{"type":"Point","coordinates":[-3.8829,43.4754]},"properties":{}},{"type":"Feature","geometry":{"type":"Point","coordinates":[-3.883,43.4755]},"properties":{}},{"type":"Feature","geometry":{"type":"Point","coordinates":[-3.8831,43.4755]},"properties":{}},{"type":"Feature","geometry":{"type":"Point","coordinates":[-3.8832,43.4756]},"properties":{}},{"type":"Feature","geometry":{"type":"Point","coordinates":[-3.8833,43.4756]},"properties":{}},{"type":"Feature","geometry":{"type":"Point","coordinates":[-3.8834,43.4757]},"properties":{}},{"type":"Feature","geometry":{"type":"Point","coordinates":[-3.8835,43.4757]},"properties":{}},{"type":"Feature","geometry":{"type":"Point","coordinates":[-3.8836,43.4757]},"properties":{}},{"type":"Feature","geometry":{"type":"Point","coordinates":[-3.8839,43.4757]},"properties":{}},{"type":"Feature","geometry":{"type":"Point","coordinates":[-3.884,43.4759]},"properties":{}},{"type":"Feature","geometry":{"type":"Point","coordinates":[-3.8842,43.4759]},"properties":{}},{"type":"Feature","geometry":{"type":"Point","coordinates":[-3.8844,43.4759]},"properties":{}},{"type":"Feature","geometry":{"type":"Point","coordinates":[-3.8844,43.4759]},"properties":{}},{"type":"Feature","geometry":{"type":"Point","coordinates":[-3.8844,43.4759]},"properties":{}},{"type":"Feature","geometry":{"type":"Point","coordinates":[-3.8844,43.476]},"properties":{}},{"type":"Feature","geometry":{"type":"Point","coordinates":[-3.8844,43.476]},"properties":{}},{"type":"Feature","geometry":{"type":"Point","coordinates":[-3.8845,43.4761]},"properties":{}},{"type":"Feature","geometry":{"type":"Point","coordinates":[-3.8846,43.4762]},"properties":{}},{"type":"Feature","geometry":{"type":"Point","coordinates":[-3.8848,43.4763]},"properties":{}},{"type":"Feature","geometry":{"type":"Point","coordinates":[-3.885,43.4762]},"properties":{}},{"type":"Feature","geometry":{"type":"Point","coordinates":[-3.8851,43.4761]},"properties":{}},{"type":"Feature","geometry":{"type":"Point","coordinates":[-3.8851,43.4761]},"properties":{}},{"type":"Feature","geometry":{"type":"Point","coordinates":[-3.885,43.476]},"properties":{}},{"type":"Feature","geometry":{"type":"Point","coordinates":[-3.885,43.476]},"properties":{}},{"type":"Feature","geometry":{"type":"Point","coordinates":[-3.885,43.4759]},"properties":{}},{"type":"Feature","geometry":{"type":"Point","coordinates":[-3.8851,43.4759]},"properties":{}},{"type":"Feature","geometry":{"type":"Point","coordinates":[-3.8853,43.476]},"properties":{}},{"type":"Feature","geometry":{"type":"Point","coordinates":[-3.8856,43.4759]},"properties":{}},{"type":"Feature","geometry":{"type":"Point","coordinates":[-3.8857,43.4758]},"properties":{}},{"type":"Feature","geometry":{"type":"Point","coordinates":[-3.8859,43.4757]},"properties":{}},{"type":"Feature","geometry":{"type":"Point","coordinates":[-3.886,43.4756]},"properties":{}},{"type":"Feature","geometry":{"type":"Point","coordinates":[-3.886,43.4755]},"properties":{}},{"type":"Feature","geometry":{"type":"Point","coordinates":[-3.8859,43.4755]},"properties":{}},{"type":"Feature","geometry":{"type":"Point","coordinates":[-3.8859,43.4755]},"properties":{}},{"type":"Feature","geometry":{"type":"Point","coordinates":[-3.8859,43.4755]},"properties":{}},{"type":"Feature","geometry":{"type":"Point","coordinates":[-3.886,43.4754]},"properties":{}},{"type":"Feature","geometry":{"type":"Point","coordinates":[-3.8861,43.4754]},"properties":{}},{"type":"Feature","geometry":{"type":"Point","coordinates":[-3.8863,43.4754]},"properties":{}},{"type":"Feature","geometry":{"type":"Point","coordinates":[-3.8866,43.4753]},"properties":{}},{"type":"Feature","geometry":{"type":"Point","coordinates":[-3.8868,43.4752]},"properties":{}},{"type":"Feature","geometry":{"type":"Point","coordinates":[-3.887,43.4751]},"properties":{}},{"type":"Feature","geometry":{"type":"Point","coordinates":[-3.8871,43.4751]},"properties":{}},{"type":"Feature","geometry":{"type":"Point","coordinates":[-3.8871,43.475]},"properties":{}},{"type":"Feature","geometry":{"type":"Point","coordinates":[-3.8872,43.4749]},"properties":{}},{"type":"Feature","geometry":{"type":"Point","coordinates":[-3.8874,43.4748]},"properties":{}},{"type":"Feature","geometry":{"type":"Point","coordinates":[-3.8875,43.4747]},"properties":{}},{"type":"Feature","geometry":{"type":"Point","coordinates":[-3.8876,43.4746]},"properties":{}},{"type":"Feature","geometry":{"type":"Point","coordinates":[-3.8877,43.4745]},"properties":{}},{"type":"Feature","geometry":{"type":"Point","coordinates":[-3.8879,43.4743]},"properties":{}},{"type":"Feature","geometry":{"type":"Point","coordinates":[-3.8881,43.4742]},"properties":{}},{"type":"Feature","geometry":{"type":"Point","coordinates":[-3.8884,43.4741]},"properties":{}},{"type":"Feature","geometry":{"type":"Point","coordinates":[-3.8887,43.4741]},"properties":{}},{"type":"Feature","geometry":{"type":"Point","coordinates":[-3.8888,43.4741]},"properties":{}},{"type":"Feature","geometry":{"type":"Point","coordinates":[-3.889,43.474]},"properties":{}},{"type":"Feature","geometry":{"type":"Point","coordinates":[-3.8892,43.4739]},"properties":{}},{"type":"Feature","geometry":{"type":"Point","coordinates":[-3.8894,43.4737]},"properties":{}},{"type":"Feature","geometry":{"type":"Point","coordinates":[-3.8896,43.4736]},"properties":{}},{"type":"Feature","geometry":{"type":"Point","coordinates":[-3.8896,43.4735]},"properties":{}},{"type":"Feature","geometry":{"type":"Point","coordinates":[-3.8897,43.4734]},"properties":{}},{"type":"Feature","geometry":{"type":"Point","coordinates":[-3.8897,43.4733]},"properties":{}},{"type":"Feature","geometry":{"type":"Point","coordinates":[-3.8896,43.4732]},"properties":{}},{"type":"Feature","geometry":{"type":"Point","coordinates":[-3.8897,43.4731]},"properties":{}},{"type":"Feature","geometry":{"type":"Point","coordinates":[-3.8898,43.473]},"properties":{}},{"type":"Feature","geometry":{"type":"Point","coordinates":[-3.8898,43.473]},"properties":{}},{"type":"Feature","geometry":{"type":"Point","coordinates":[-3.8898,43.4729]},"properties":{}},{"type":"Feature","geometry":{"type":"Point","coordinates":[-3.8899,43.4729]},"properties":{}},{"type":"Feature","geometry":{"type":"Point","coordinates":[-3.8901,43.4729]},"properties":{}},{"type":"Feature","geometry":{"type":"Point","coordinates":[-3.8904,43.4729]},"properties":{}},{"type":"Feature","geometry":{"type":"Point","coordinates":[-3.8905,43.4728]},"properties":{}},{"type":"Feature","geometry":{"type":"Point","coordinates":[-3.8906,43.4727]},"properties":{}},{"type":"Feature","geometry":{"type":"Point","coordinates":[-5.9398,43.5934]},"properties":{}},{"type":"Feature","geometry":{"type":"Point","coordinates":[-4.9815,43.4573]},"properties":{}},{"type":"Feature","geometry":{"type":"Point","coordinates":[-6.726,43.557]},"properties":{}},{"type":"Feature","geometry":{"type":"Point","coordinates":[-6.7274,43.5572]},"properties":{}},{"type":"Feature","geometry":{"type":"Point","coordinates":[-6.878,43.5624]},"properties":{}},{"type":"Feature","geometry":{"type":"Point","coordinates":[-6.877,43.5634]},"properties":{}},{"type":"Feature","geometry":{"type":"Point","coordinates":[-6.8768,43.5637]},"properties":{}},{"type":"Feature","geometry":{"type":"Point","coordinates":[-6.8772,43.5633]},"properties":{}},{"type":"Feature","geometry":{"type":"Point","coordinates":[-6.878,43.5634]},"properties":{}},{"type":"Feature","geometry":{"type":"Point","coordinates":[-6.8805,43.5644]},"properties":{}},{"type":"Feature","geometry":{"type":"Point","coordinates":[-6.8812,43.5649]},"properties":{}},{"type":"Feature","geometry":{"type":"Point","coordinates":[-6.8815,43.5646]},"properties":{}},{"type":"Feature","geometry":{"type":"Point","coordinates":[-6.8824,43.5656]},"properties":{}},{"type":"Feature","geometry":{"type":"Point","coordinates":[-6.8827,43.5657]},"properties":{}},{"type":"Feature","geometry":{"type":"Point","coordinates":[-6.8836,43.5658]},"properties":{}},{"type":"Feature","geometry":{"type":"Point","coordinates":[-6.8841,43.5658]},"properties":{}},{"type":"Feature","geometry":{"type":"Point","coordinates":[-6.8848,43.5659]},"properties":{}},{"type":"Feature","geometry":{"type":"Point","coordinates":[-6.8855,43.5655]},"properties":{}},{"type":"Feature","geometry":{"type":"Point","coordinates":[-6.8863,43.5654]},"properties":{}},{"type":"Feature","geometry":{"type":"Point","coordinates":[-6.8858,43.5663]},"properties":{}},{"type":"Feature","geometry":{"type":"Point","coordinates":[-6.8857,43.5673]},"properties":{}},{"type":"Feature","geometry":{"type":"Point","coordinates":[-6.8869,43.5678]},"properties":{}},{"type":"Feature","geometry":{"type":"Point","coordinates":[-6.8883,43.5683]},"properties":{}},{"type":"Feature","geometry":{"type":"Point","coordinates":[-6.8887,43.5688]},"properties":{}},{"type":"Feature","geometry":{"type":"Point","coordinates":[-6.8891,43.5692]},"properties":{}},{"type":"Feature","geometry":{"type":"Point","coordinates":[-6.8895,43.5696]},"properties":{}},{"type":"Feature","geometry":{"type":"Point","coordinates":[-6.8902,43.5692]},"properties":{}},{"type":"Feature","geometry":{"type":"Point","coordinates":[-6.8911,43.5686]},"properties":{}},{"type":"Feature","geometry":{"type":"Point","coordinates":[-6.8918,43.5689]},"properties":{}},{"type":"Feature","geometry":{"type":"Point","coordinates":[-6.8927,43.5686]},"properties":{}},{"type":"Feature","geometry":{"type":"Point","coordinates":[-6.893,43.568]},"properties":{}},{"type":"Feature","geometry":{"type":"Point","coordinates":[-6.7249,43.5564]},"properties":{}},{"type":"Feature","geometry":{"type":"Point","coordinates":[-4.982,43.4577]},"properties":{}},{"type":"Feature","geometry":{"type":"Point","coordinates":[-4.9819,43.4584]},"properties":{}},{"type":"Feature","geometry":{"type":"Point","coordinates":[-4.9815,43.4591]},"properties":{}},{"type":"Feature","geometry":{"type":"Point","coordinates":[-4.9824,43.4597]},"properties":{}},{"type":"Feature","geometry":{"type":"Point","coordinates":[-4.9829,43.46]},"properties":{}},{"type":"Feature","geometry":{"type":"Point","coordinates":[-4.9836,43.4601]},"properties":{}},{"type":"Feature","geometry":{"type":"Point","coordinates":[-4.984,43.4605]},"properties":{}},{"type":"Feature","geometry":{"type":"Point","coordinates":[-4.9848,43.4609]},"properties":{}},{"type":"Feature","geometry":{"type":"Point","coordinates":[-4.9851,43.4615]},"properties":{}},{"type":"Feature","geometry":{"type":"Point","coordinates":[-4.9847,43.46]},"properties":{}},{"type":"Feature","geometry":{"type":"Point","coordinates":[-4.9853,43.4605]},"properties":{}},{"type":"Feature","geometry":{"type":"Point","coordinates":[-4.9859,43.46]},"properties":{}},{"type":"Feature","geometry":{"type":"Point","coordinates":[-4.9863,43.4597]},"properties":{}},{"type":"Feature","geometry":{"type":"Point","coordinates":[-4.9879,43.4596]},"properties":{}},{"type":"Feature","geometry":{"type":"Point","coordinates":[-4.9875,43.4604]},"properties":{}},{"type":"Feature","geometry":{"type":"Point","coordinates":[-4.9883,43.4604]},"properties":{}},{"type":"Feature","geometry":{"type":"Point","coordinates":[-4.988,43.4611]},"properties":{}},{"type":"Feature","geometry":{"type":"Point","coordinates":[-4.9891,43.4615]},"properties":{}},{"type":"Feature","geometry":{"type":"Point","coordinates":[-4.9889,43.4605]},"properties":{}},{"type":"Feature","geometry":{"type":"Point","coordinates":[-4.989,43.4598]},"properties":{}},{"type":"Feature","geometry":{"type":"Point","coordinates":[-4.9896,43.461]},"properties":{}},{"type":"Feature","geometry":{"type":"Point","coordinates":[-4.99,43.4605]},"properties":{}},{"type":"Feature","geometry":{"type":"Point","coordinates":[-4.9903,43.4597]},"properties":{}},{"type":"Feature","geometry":{"type":"Point","coordinates":[-4.9909,43.4598]},"properties":{}},{"type":"Feature","geometry":{"type":"Point","coordinates":[-4.9909,43.4591]},"properties":{}},{"type":"Feature","geometry":{"type":"Point","coordinates":[-4.9917,43.459]},"properties":{}},{"type":"Feature","geometry":{"type":"Point","coordinates":[-4.9932,43.4589]},"properties":{}},{"type":"Feature","geometry":{"type":"Point","coordinates":[-4.9945,43.459]},"properties":{}},{"type":"Feature","geometry":{"type":"Point","coordinates":[-4.9952,43.4593]},"properties":{}},{"type":"Feature","geometry":{"type":"Point","coordinates":[-4.9959,43.4599]},"properties":{}},{"type":"Feature","geometry":{"type":"Point","coordinates":[-4.9968,43.4598]},"properties":{}},{"type":"Feature","geometry":{"type":"Point","coordinates":[-4.9967,43.459]},"properties":{}},{"type":"Feature","geometry":{"type":"Point","coordinates":[-4.9978,43.4592]},"properties":{}},{"type":"Feature","geometry":{"type":"Point","coordinates":[-4.9985,43.4598]},"properties":{}},{"type":"Feature","geometry":{"type":"Point","coordinates":[-4.9985,43.4594]},"properties":{}},{"type":"Feature","geometry":{"type":"Point","coordinates":[-4.9986,43.4587]},"properties":{}},{"type":"Feature","geometry":{"type":"Point","coordinates":[-6.0759,43.5646]},"properties":{}},{"type":"Feature","geometry":{"type":"Point","coordinates":[-6.7249,43.5564]},"properties":{}},{"type":"Feature","geometry":{"type":"Point","coordinates":[-5.9398,43.5934]},"properties":{}},{"type":"Feature","geometry":{"type":"Point","coordinates":[-5.3128,43.5328]},"properties":{}},{"type":"Feature","geometry":{"type":"Point","coordinates":[-5.3162,43.5331]},"properties":{}},{"type":"Feature","geometry":{"type":"Point","coordinates":[-6.0765,43.5646]},"properties":{}},{"type":"Feature","geometry":{"type":"Point","coordinates":[-4.9815,43.4573]},"properties":{}},{"type":"Feature","geometry":{"type":"Point","coordinates":[-6.3448,43.5541]},"properties":{}},{"type":"Feature","geometry":{"type":"Point","coordinates":[-6.3468,43.553]},"properties":{}},{"type":"Feature","geometry":{"type":"Point","coordinates":[-6.3487,43.5516]},"properties":{}},{"type":"Feature","geometry":{"type":"Point","coordinates":[-6.3533,43.5514]},"properties":{}},{"type":"Feature","geometry":{"type":"Point","coordinates":[-6.3547,43.5509]},"properties":{}},{"type":"Feature","geometry":{"type":"Point","coordinates":[-4.5132,43.3934]},"properties":{}},{"type":"Feature","geometry":{"type":"Point","coordinates":[-5.689,43.5702]},"properties":{}},{"type":"Feature","geometry":{"type":"Point","coordinates":[-5.6896,43.5726]},"properties":{}},{"type":"Feature","geometry":{"type":"Point","coordinates":[-5.6916,43.5757]},"properties":{}},{"type":"Feature","geometry":{"type":"Point","coordinates":[-5.6917,43.5764]},"properties":{}},{"type":"Feature","geometry":{"type":"Point","coordinates":[-5.6771,43.5825]},"properties":{}},{"type":"Feature","geometry":{"type":"Point","coordinates":[-5.6749,43.5802]},"properties":{}},{"type":"Feature","geometry":{"type":"Point","coordinates":[-5.7009,43.5682]},"properties":{}},{"type":"Feature","geometry":{"type":"Point","coordinates":[-3.7538,43.4737]},"properties":{}},{"type":"Feature","geometry":{"type":"Point","coordinates":[-3.7538,43.4737]},"properties":{}},{"type":"Feature","geometry":{"type":"Point","coordinates":[-3.7537,43.4736]},"properties":{}},{"type":"Feature","geometry":{"type":"Point","coordinates":[-3.7537,43.4736]},"properties":{}},{"type":"Feature","geometry":{"type":"Point","coordinates":[-3.7538,43.4737]},"properties":{}},{"type":"Feature","geometry":{"type":"Point","coordinates":[-3.7685,43.4644]},"properties":{}},{"type":"Feature","geometry":{"type":"Point","coordinates":[-3.7684,43.4644]},"properties":{}},{"type":"Feature","geometry":{"type":"Point","coordinates":[-3.7684,43.4645]},"properties":{}},{"type":"Feature","geometry":{"type":"Point","coordinates":[-7.0364,43.5458]},"properties":{}},{"type":"Feature","geometry":{"type":"Point","coordinates":[-7.0366,43.5445]},"properties":{}},{"type":"Feature","geometry":{"type":"Point","coordinates":[-7.0364,43.5449]},"properties":{}},{"type":"Feature","geometry":{"type":"Point","coordinates":[-7.0359,43.5459]},"properties":{}},{"type":"Feature","geometry":{"type":"Point","coordinates":[-7.0357,43.5464]},"properties":{}},{"type":"Feature","geometry":{"type":"Point","coordinates":[-7.0364,43.5449]},"properties":{}},{"type":"Feature","geometry":{"type":"Point","coordinates":[-7.036,43.5451]},"properties":{}},{"type":"Feature","geometry":{"type":"Point","coordinates":[-7.0364,43.5455]},"properties":{}},{"type":"Feature","geometry":{"type":"Point","coordinates":[-7.037,43.5438]},"properties":{}},{"type":"Feature","geometry":{"type":"Point","coordinates":[-7.0366,43.5445]},"properties":{}},{"type":"Feature","geometry":{"type":"Point","coordinates":[-7.0366,43.5441]},"properties":{}},{"type":"Feature","geometry":{"type":"Point","coordinates":[-5.6984,43.5579]},"properties":{}},{"type":"Feature","geometry":{"type":"Point","coordinates":[-5.6928,43.5552]},"properties":{}},{"type":"Feature","geometry":{"type":"Point","coordinates":[-5.6944,43.5566]},"properties":{}},{"type":"Feature","geometry":{"type":"Point","coordinates":[-5.6964,43.5582]},"properties":{}},{"type":"Feature","geometry":{"type":"Point","coordinates":[-5.6963,43.5578]},"properties":{}},{"type":"Feature","geometry":{"type":"Point","coordinates":[-5.6966,43.5578]},"properties":{}},{"type":"Feature","geometry":{"type":"Point","coordinates":[-5.6969,43.5577]},"properties":{}},{"type":"Feature","geometry":{"type":"Point","coordinates":[-5.6973,43.5577]},"properties":{}},{"type":"Feature","geometry":{"type":"Point","coordinates":[-5.6976,43.5579]},"properties":{}},{"type":"Feature","geometry":{"type":"Point","coordinates":[-5.6981,43.5579]},"properties":{}},{"type":"Feature","geometry":{"type":"Point","coordinates":[-5.6986,43.5581]},"properties":{}},{"type":"Feature","geometry":{"type":"Point","coordinates":[-5.6989,43.5585]},"properties":{}},{"type":"Feature","geometry":{"type":"Point","coordinates":[-5.6928,43.5525]},"properties":{}},{"type":"Feature","geometry":{"type":"Point","coordinates":[-5.6964,43.5622]},"properties":{}},{"type":"Feature","geometry":{"type":"Point","coordinates":[-5.699,43.5586]},"properties":{}},{"type":"Feature","geometry":{"type":"Point","coordinates":[-5.7001,43.5646]},"properties":{}},{"type":"Feature","geometry":{"type":"Point","coordinates":[-5.7014,43.5678]},"properties":{}},{"type":"Feature","geometry":{"type":"Point","coordinates":[-5.6924,43.5616]},"properties":{}},{"type":"Feature","geometry":{"type":"Point","coordinates":[-5.6913,43.5611]},"properties":{}},{"type":"Feature","geometry":{"type":"Point","coordinates":[-5.6913,43.562]},"properties":{}},{"type":"Feature","geometry":{"type":"Point","coordinates":[-5.6931,43.5651]},"properties":{}},{"type":"Feature","geometry":{"type":"Point","coordinates":[-5.6979,43.5589]},"properties":{}},{"type":"Feature","geometry":{"type":"Point","coordinates":[-5.697,43.5594]},"properties":{}},{"type":"Feature","geometry":{"type":"Point","coordinates":[-5.6981,43.559]},"properties":{}},{"type":"Feature","geometry":{"type":"Point","coordinates":[-5.701,43.563]},"properties":{}},{"type":"Feature","geometry":{"type":"Point","coordinates":[-5.6865,43.5598]},"properties":{}},{"type":"Feature","geometry":{"type":"Point","coordinates":[-5.6862,43.5561]},"properties":{}},{"type":"Feature","geometry":{"type":"Point","coordinates":[-5.6924,43.5616]},"properties":{}},{"type":"Feature","geometry":{"type":"Point","coordinates":[-5.6819,43.568]},"properties":{}},{"type":"Feature","geometry":{"type":"Point","coordinates":[-5.701,43.563]},"properties":{}},{"type":"Feature","geometry":{"type":"Point","coordinates":[-5.6818,43.5669]},"properties":{}},{"type":"Feature","geometry":{"type":"Point","coordinates":[-5.681,43.5658]},"properties":{}},{"type":"Feature","geometry":{"type":"Point","coordinates":[-5.6802,43.5652]},"properties":{}},{"type":"Feature","geometry":{"type":"Point","coordinates":[-5.6823,43.5693]},"properties":{}},{"type":"Feature","geometry":{"type":"Point","coordinates":[-5.6763,43.5711]},"properties":{}},{"type":"Feature","geometry":{"type":"Point","coordinates":[-5.6774,43.5846]},"properties":{}},{"type":"Feature","geometry":{"type":"Point","coordinates":[-5.6935,43.5823]},"properties":{}},{"type":"Feature","geometry":{"type":"Point","coordinates":[-5.6954,43.5814]},"properties":{}},{"type":"Feature","geometry":{"type":"Point","coordinates":[-5.6968,43.5795]},"properties":{}},{"type":"Feature","geometry":{"type":"Point","coordinates":[-5.6961,43.5725]},"properties":{}},{"type":"Feature","geometry":{"type":"Point","coordinates":[-5.6979,43.572]},"properties":{}},{"type":"Feature","geometry":{"type":"Point","coordinates":[-5.6983,43.5717]},"properties":{}},{"type":"Feature","geometry":{"type":"Point","coordinates":[-3.7924,43.4303]},"properties":{}},{"type":"Feature","geometry":{"type":"Point","coordinates":[-3.7918,43.4299]},"properties":{}},{"type":"Feature","geometry":{"type":"Point","coordinates":[-3.7918,43.4302]},"properties":{}},{"type":"Feature","geometry":{"type":"Point","coordinates":[-3.797,43.4337]},"properties":{}},{"type":"Feature","geometry":{"type":"Point","coordinates":[-3.797,43.4336]},"properties":{}},{"type":"Feature","geometry":{"type":"Point","coordinates":[-3.797,43.4336]},"properties":{}},{"type":"Feature","geometry":{"type":"Point","coordinates":[-3.7969,43.4335]},"properties":{}},{"type":"Feature","geometry":{"type":"Point","coordinates":[-3.7969,43.4335]},"properties":{}},{"type":"Feature","geometry":{"type":"Point","coordinates":[-3.7968,43.4336]},"properties":{}},{"type":"Feature","geometry":{"type":"Point","coordinates":[-3.7967,43.4337]},"properties":{}},{"type":"Feature","geometry":{"type":"Point","coordinates":[-3.7967,43.4338]},"properties":{}},{"type":"Feature","geometry":{"type":"Point","coordinates":[-3.7969,43.4337]},"properties":{}},{"type":"Feature","geometry":{"type":"Point","coordinates":[-6.5377,43.5494]},"properties":{}},{"type":"Feature","geometry":{"type":"Point","coordinates":[-6.5373,43.5494]},"properties":{}},{"type":"Feature","geometry":{"type":"Point","coordinates":[-6.54,43.5487]},"properties":{}},{"type":"Feature","geometry":{"type":"Point","coordinates":[-6.5406,43.5488]},"properties":{}},{"type":"Feature","geometry":{"type":"Point","coordinates":[-6.5407,43.5524]},"properties":{}},{"type":"Feature","geometry":{"type":"Point","coordinates":[-6.5414,43.5529]},"properties":{}},{"type":"Feature","geometry":{"type":"Point","coordinates":[-6.5407,43.5537]},"properties":{}},{"type":"Feature","geometry":{"type":"Point","coordinates":[-6.5409,43.554]},"properties":{}},{"type":"Feature","geometry":{"type":"Point","coordinates":[-6.5426,43.5532]},"properties":{}},{"type":"Feature","geometry":{"type":"Point","coordinates":[-6.5422,43.5544]},"properties":{}},{"type":"Feature","geometry":{"type":"Point","coordinates":[-6.543,43.5541]},"properties":{}},{"type":"Feature","geometry":{"type":"Point","coordinates":[-6.5423,43.5548]},"properties":{}},{"type":"Feature","geometry":{"type":"Point","coordinates":[-6.5443,43.554]},"properties":{}},{"type":"Feature","geometry":{"type":"Point","coordinates":[-6.5464,43.553]},"properties":{}},{"type":"Feature","geometry":{"type":"Point","coordinates":[-6.5479,43.5535]},"properties":{}},{"type":"Feature","geometry":{"type":"Point","coordinates":[-6.5497,43.5529]},"properties":{}},{"type":"Feature","geometry":{"type":"Point","coordinates":[-6.5519,43.5519]},"properties":{}},{"type":"Feature","geometry":{"type":"Point","coordinates":[-6.5529,43.5524]},"properties":{}},{"type":"Feature","geometry":{"type":"Point","coordinates":[-6.5535,43.5522]},"properties":{}},{"type":"Feature","geometry":{"type":"Point","coordinates":[-6.54,43.5487]},"properties":{}},{"type":"Feature","geometry":{"type":"Point","coordinates":[-6.5371,43.5461]},"properties":{}},{"type":"Feature","geometry":{"type":"Point","coordinates":[-6.5399,43.5479]},"properties":{}},{"type":"Feature","geometry":{"type":"Point","coordinates":[-6.5663,43.5566]},"properties":{}},{"type":"Feature","geometry":{"type":"Point","coordinates":[-6.5692,43.5566]},"properties":{}},{"type":"Feature","geometry":{"type":"Point","coordinates":[-6.57,43.5563]},"properties":{}},{"type":"Feature","geometry":{"type":"Point","coordinates":[-6.5698,43.5571]},"properties":{}},{"type":"Feature","geometry":{"type":"Point","coordinates":[-6.5707,43.5566]},"properties":{}},{"type":"Feature","geometry":{"type":"Point","coordinates":[-6.5716,43.5571]},"properties":{}},{"type":"Feature","geometry":{"type":"Point","coordinates":[-6.5739,43.557]},"properties":{}},{"type":"Feature","geometry":{"type":"Point","coordinates":[-6.5749,43.557]},"properties":{}},{"type":"Feature","geometry":{"type":"Point","coordinates":[-6.5762,43.5571]},"properties":{}},{"type":"Feature","geometry":{"type":"Point","coordinates":[-6.5781,43.5574]},"properties":{}},{"type":"Feature","geometry":{"type":"Point","coordinates":[-6.5801,43.556]},"properties":{}},{"type":"Feature","geometry":{"type":"Point","coordinates":[-6.581,43.5546]},"properties":{}},{"type":"Feature","geometry":{"type":"Point","coordinates":[-6.5824,43.5553]},"properties":{}},{"type":"Feature","geometry":{"type":"Point","coordinates":[-6.5837,43.5545]},"properties":{}},{"type":"Feature","geometry":{"type":"Point","coordinates":[-6.5858,43.5542]},"properties":{}},{"type":"Feature","geometry":{"type":"Point","coordinates":[-6.5887,43.5538]},"properties":{}},{"type":"Feature","geometry":{"type":"Point","coordinates":[-3.2219,43.3853]},"properties":{}},{"type":"Feature","geometry":{"type":"Point","coordinates":[-3.2219,43.3854]},"properties":{}},{"type":"Feature","geometry":{"type":"Point","coordinates":[-3.222,43.3854]},"properties":{}},{"type":"Feature","geometry":{"type":"Point","coordinates":[-3.2218,43.3858]},"properties":{}},{"type":"Feature","geometry":{"type":"Point","coordinates":[-3.2222,43.3855]},"properties":{}},{"type":"Feature","geometry":{"type":"Point","coordinates":[-6.9454,43.5735]},"properties":{}},{"type":"Feature","geometry":{"type":"Point","coordinates":[-6.9455,43.5729]},"properties":{}},{"type":"Feature","geometry":{"type":"Point","coordinates":[-6.945,43.5728]},"properties":{}},{"type":"Feature","geometry":{"type":"Point","coordinates":[-6.9452,43.5723]},"properties":{}},{"type":"Feature","geometry":{"type":"Point","coordinates":[-6.9443,43.5717]},"properties":{}},{"type":"Feature","geometry":{"type":"Point","coordinates":[-6.9459,43.5721]},"properties":{}},{"type":"Feature","geometry":{"type":"Point","coordinates":[-6.9467,43.572]},"properties":{}},{"type":"Feature","geometry":{"type":"Point","coordinates":[-6.9469,43.572]},"properties":{}},{"type":"Feature","geometry":{"type":"Point","coordinates":[-6.947,43.5729]},"properties":{}},{"type":"Feature","geometry":{"type":"Point","coordinates":[-6.9471,43.573]},"properties":{}},{"type":"Feature","geometry":{"type":"Point","coordinates":[-6.9474,43.572]},"properties":{}},{"type":"Feature","geometry":{"type":"Point","coordinates":[-6.9483,43.5724]},"properties":{}},{"type":"Feature","geometry":{"type":"Point","coordinates":[-6.9484,43.5719]},"properties":{}},{"type":"Feature","geometry":{"type":"Point","coordinates":[-6.948,43.5716]},"properties":{}},{"type":"Feature","geometry":{"type":"Point","coordinates":[-6.9484,43.5716]},"properties":{}},{"type":"Feature","geometry":{"type":"Point","coordinates":[-6.9488,43.5716]},"properties":{}},{"type":"Feature","geometry":{"type":"Point","coordinates":[-6.9486,43.5713]},"properties":{}},{"type":"Feature","geometry":{"type":"Point","coordinates":[-6.9489,43.571]},"properties":{}},{"type":"Feature","geometry":{"type":"Point","coordinates":[-6.9487,43.5701]},"properties":{}},{"type":"Feature","geometry":{"type":"Point","coordinates":[-6.9481,43.5693]},"properties":{}},{"type":"Feature","geometry":{"type":"Point","coordinates":[-6.9478,43.5681]},"properties":{}},{"type":"Feature","geometry":{"type":"Point","coordinates":[-6.948,43.5669]},"properties":{}},{"type":"Feature","geometry":{"type":"Point","coordinates":[-6.948,43.5659]},"properties":{}},{"type":"Feature","geometry":{"type":"Point","coordinates":[-6.9472,43.5652]},"properties":{}},{"type":"Feature","geometry":{"type":"Point","coordinates":[-6.9489,43.5648]},"properties":{}},{"type":"Feature","geometry":{"type":"Point","coordinates":[-6.9501,43.5657]},"properties":{}},{"type":"Feature","geometry":{"type":"Point","coordinates":[-6.9509,43.5669]},"properties":{}},{"type":"Feature","geometry":{"type":"Point","coordinates":[-6.9518,43.5672]},"properties":{}},{"type":"Feature","geometry":{"type":"Point","coordinates":[-6.9525,43.5681]},"properties":{}},{"type":"Feature","geometry":{"type":"Point","coordinates":[-6.9532,43.5683]},"properties":{}},{"type":"Feature","geometry":{"type":"Point","coordinates":[-6.9549,43.568]},"properties":{}},{"type":"Feature","geometry":{"type":"Point","coordinates":[-6.9547,43.5671]},"properties":{}},{"type":"Feature","geometry":{"type":"Point","coordinates":[-6.954,43.5669]},"properties":{}},{"type":"Feature","geometry":{"type":"Point","coordinates":[-6.9532,43.5666]},"properties":{}},{"type":"Feature","geometry":{"type":"Point","coordinates":[-6.9549,43.5654]},"properties":{}},{"type":"Feature","geometry":{"type":"Point","coordinates":[-6.9554,43.5643]},"properties":{}},{"type":"Feature","geometry":{"type":"Point","coordinates":[-6.9553,43.5635]},"properties":{}},{"type":"Feature","geometry":{"type":"Point","coordinates":[-6.9563,43.5626]},"properties":{}},{"type":"Feature","geometry":{"type":"Point","coordinates":[-3.8307,43.4351]},"properties":{}},{"type":"Feature","geometry":{"type":"Point","coordinates":[-3.8292,43.4363]},"properties":{}},{"type":"Feature","geometry":{"type":"Point","coordinates":[-3.8278,43.4374]},"properties":{}},{"type":"Feature","geometry":{"type":"Point","coordinates":[-3.8259,43.4374]},"properties":{}},{"type":"Feature","geometry":{"type":"Point","coordinates":[-3.8241,43.4375]},"properties":{}},{"type":"Feature","geometry":{"type":"Point","coordinates":[-3.8155,43.4394]},"properties":{}},{"type":"Feature","geometry":{"type":"Point","coordinates":[-3.8153,43.4401]},"properties":{}},{"type":"Feature","geometry":{"type":"Point","coordinates":[-3.8146,43.44]},"properties":{}},{"type":"Feature","geometry":{"type":"Point","coordinates":[-3.8153,43.4402]},"properties":{}},{"type":"Feature","geometry":{"type":"Point","coordinates":[-3.8156,43.4411]},"properties":{}},{"type":"Feature","geometry":{"type":"Point","coordinates":[-3.8161,43.4418]},"properties":{}},{"type":"Feature","geometry":{"type":"Point","coordinates":[-3.8175,43.4416]},"properties":{}},{"type":"Feature","geometry":{"type":"Point","coordinates":[-3.8213,43.4421]},"properties":{}},{"type":"Feature","geometry":{"type":"Point","coordinates":[-3.815,43.4448]},"properties":{}},{"type":"Feature","geometry":{"type":"Point","coordinates":[-3.8183,43.4482]},"properties":{}},{"type":"Feature","geometry":{"type":"Point","coordinates":[-3.8211,43.4483]},"properties":{}},{"type":"Feature","geometry":{"type":"Point","coordinates":[-3.822,43.4526]},"properties":{}},{"type":"Feature","geometry":{"type":"Point","coordinates":[-3.8201,43.4532]},"properties":{}},{"type":"Feature","geometry":{"type":"Point","coordinates":[-3.8191,43.4526]},"properties":{}},{"type":"Feature","geometry":{"type":"Point","coordinates":[-3.8201,43.4521]},"properties":{}},{"type":"Feature","geometry":{"type":"Point","coordinates":[-3.8212,43.4518]},"properties":{}},{"type":"Feature","geometry":{"type":"Point","coordinates":[-3.8216,43.4511]},"properties":{}},{"type":"Feature","geometry":{"type":"Point","coordinates":[-3.821,43.4497]},"properties":{}},{"type":"Feature","geometry":{"type":"Point","coordinates":[-3.8106,43.4549]},"properties":{}},{"type":"Feature","geometry":{"type":"Point","coordinates":[-3.8081,43.4573]},"properties":{}},{"type":"Feature","geometry":{"type":"Point","coordinates":[-3.8055,43.4589]},"properties":{}},{"type":"Feature","geometry":{"type":"Point","coordinates":[-3.8037,43.4605]},"properties":{}},{"type":"Feature","geometry":{"type":"Point","coordinates":[-3.803,43.461]},"properties":{}},{"type":"Feature","geometry":{"type":"Point","coordinates":[-3.8021,43.4612]},"properties":{}},{"type":"Feature","geometry":{"type":"Point","coordinates":[-3.8014,43.4613]},"properties":{}},{"type":"Feature","geometry":{"type":"Point","coordinates":[-3.8013,43.4614]},"properties":{}},{"type":"Feature","geometry":{"type":"Point","coordinates":[-3.8017,43.4614]},"properties":{}},{"type":"Feature","geometry":{"type":"Point","coordinates":[-3.8012,43.4616]},"properties":{}},{"type":"Feature","geometry":{"type":"Point","coordinates":[-3.7981,43.4619]},"properties":{}},{"type":"Feature","geometry":{"type":"Point","coordinates":[-3.7971,43.4617]},"properties":{}},{"type":"Feature","geometry":{"type":"Point","coordinates":[-3.7967,43.4615]},"properties":{}},{"type":"Feature","geometry":{"type":"Point","coordinates":[-3.7967,43.4617]},"properties":{}},{"type":"Feature","geometry":{"type":"Point","coordinates":[-3.7969,43.4617]},"properties":{}},{"type":"Feature","geometry":{"type":"Point","coordinates":[-3.797,43.4619]},"properties":{}},{"type":"Feature","geometry":{"type":"Point","coordinates":[-3.7926,43.4615]},"properties":{}},{"type":"Feature","geometry":{"type":"Point","coordinates":[-3.7965,43.4626]},"properties":{}},{"type":"Feature","geometry":{"type":"Point","coordinates":[-3.7955,43.4628]},"properties":{}},{"type":"Feature","geometry":{"type":"Point","coordinates":[-3.7935,43.4626]},"properties":{}},{"type":"Feature","geometry":{"type":"Point","coordinates":[-3.7922,43.4625]},"properties":{}},{"type":"Feature","geometry":{"type":"Point","coordinates":[-3.7912,43.4623]},"properties":{}},{"type":"Feature","geometry":{"type":"Point","coordinates":[-3.7912,43.4614]},"properties":{}},{"type":"Feature","geometry":{"type":"Point","coordinates":[-3.7895,43.4614]},"properties":{}},{"type":"Feature","geometry":{"type":"Point","coordinates":[-3.7896,43.4615]},"properties":{}},{"type":"Feature","geometry":{"type":"Point","coordinates":[-3.7885,43.4617]},"properties":{}},{"type":"Feature","geometry":{"type":"Point","coordinates":[-3.7885,43.4619]},"properties":{}},{"type":"Feature","geometry":{"type":"Point","coordinates":[-3.7876,43.4619]},"properties":{}},{"type":"Feature","geometry":{"type":"Point","coordinates":[-3.7871,43.4618]},"properties":{}},{"type":"Feature","geometry":{"type":"Point","coordinates":[-3.7859,43.4624]},"properties":{}},{"type":"Feature","geometry":{"type":"Point","coordinates":[-3.7823,43.4633]},"properties":{}},{"type":"Feature","geometry":{"type":"Point","coordinates":[-3.7808,43.4638]},"properties":{}},{"type":"Feature","geometry":{"type":"Point","coordinates":[-3.7793,43.4649]},"properties":{}},{"type":"Feature","geometry":{"type":"Point","coordinates":[-3.7773,43.4664]},"properties":{}},{"type":"Feature","geometry":{"type":"Point","coordinates":[-3.7747,43.4669]},"properties":{}},{"type":"Feature","geometry":{"type":"Point","coordinates":[-3.7727,43.4676]},"properties":{}},{"type":"Feature","geometry":{"type":"Point","coordinates":[-3.7702,43.468]},"properties":{}},{"type":"Feature","geometry":{"type":"Point","coordinates":[-3.7682,43.4672]},"properties":{}},{"type":"Feature","geometry":{"type":"Point","coordinates":[-3.7665,43.4666]},"properties":{}},{"type":"Feature","geometry":{"type":"Point","coordinates":[-3.7664,43.4662]},"properties":{}},{"type":"Feature","geometry":{"type":"Point","coordinates":[-3.7656,43.4662]},"properties":{}},{"type":"Feature","geometry":{"type":"Point","coordinates":[-3.7651,43.4661]},"properties":{}},{"type":"Feature","geometry":{"type":"Point","coordinates":[-3.7643,43.4664]},"properties":{}},{"type":"Feature","geometry":{"type":"Point","coordinates":[-3.764,43.4666]},"properties":{}},{"type":"Feature","geometry":{"type":"Point","coordinates":[-3.7636,43.4668]},"properties":{}},{"type":"Feature","geometry":{"type":"Point","coordinates":[-3.7634,43.4671]},"properties":{}},{"type":"Feature","geometry":{"type":"Point","coordinates":[-3.7634,43.4673]},"properties":{}},{"type":"Feature","geometry":{"type":"Point","coordinates":[-3.7637,43.4673]},"properties":{}},{"type":"Feature","geometry":{"type":"Point","coordinates":[-3.764,43.4673]},"properties":{}},{"type":"Feature","geometry":{"type":"Point","coordinates":[-3.7635,43.4679]},"properties":{}},{"type":"Feature","geometry":{"type":"Point","coordinates":[-3.7638,43.468]},"properties":{}},{"type":"Feature","geometry":{"type":"Point","coordinates":[-3.7641,43.4683]},"properties":{}},{"type":"Feature","geometry":{"type":"Point","coordinates":[-3.7643,43.4685]},"properties":{}},{"type":"Feature","geometry":{"type":"Point","coordinates":[-3.764,43.4689]},"properties":{}},{"type":"Feature","geometry":{"type":"Point","coordinates":[-3.7642,43.4691]},"properties":{}},{"type":"Feature","geometry":{"type":"Point","coordinates":[-3.7646,43.4694]},"properties":{}},{"type":"Feature","geometry":{"type":"Point","coordinates":[-3.7649,43.4696]},"properties":{}},{"type":"Feature","geometry":{"type":"Point","coordinates":[-3.7651,43.47]},"properties":{}},{"type":"Feature","geometry":{"type":"Point","coordinates":[-3.7654,43.47]},"properties":{}},{"type":"Feature","geometry":{"type":"Point","coordinates":[-3.7656,43.4701]},"properties":{}},{"type":"Feature","geometry":{"type":"Point","coordinates":[-3.7662,43.47]},"properties":{}},{"type":"Feature","geometry":{"type":"Point","coordinates":[-3.7662,43.4704]},"properties":{}},{"type":"Feature","geometry":{"type":"Point","coordinates":[-3.7664,43.4706]},"properties":{}},{"type":"Feature","geometry":{"type":"Point","coordinates":[-3.7664,43.4709]},"properties":{}},{"type":"Feature","geometry":{"type":"Point","coordinates":[-3.7666,43.4711]},"properties":{}},{"type":"Feature","geometry":{"type":"Point","coordinates":[-3.7671,43.471]},"properties":{}},{"type":"Feature","geometry":{"type":"Point","coordinates":[-3.7672,43.4711]},"properties":{}},{"type":"Feature","geometry":{"type":"Point","coordinates":[-3.7678,43.4712]},"properties":{}},{"type":"Feature","geometry":{"type":"Point","coordinates":[-3.7679,43.4713]},"properties":{}},{"type":"Feature","geometry":{"type":"Point","coordinates":[-3.7682,43.4712]},"properties":{}},{"type":"Feature","geometry":{"type":"Point","coordinates":[-3.7686,43.4711]},"properties":{}},{"type":"Feature","geometry":{"type":"Point","coordinates":[-3.7687,43.4713]},"properties":{}},{"type":"Feature","geometry":{"type":"Point","coordinates":[-3.7683,43.4714]},"properties":{}},{"type":"Feature","geometry":{"type":"Point","coordinates":[-3.7688,43.4714]},"properties":{}},{"type":"Feature","geometry":{"type":"Point","coordinates":[-3.769,43.4713]},"properties":{}},{"type":"Feature","geometry":{"type":"Point","coordinates":[-3.7698,43.4713]},"properties":{}},{"type":"Feature","geometry":{"type":"Point","coordinates":[-3.7702,43.4712]},"properties":{}},{"type":"Feature","geometry":{"type":"Point","coordinates":[-3.771,43.4713]},"properties":{}},{"type":"Feature","geometry":{"type":"Point","coordinates":[-3.7715,43.4711]},"properties":{}},{"type":"Feature","geometry":{"type":"Point","coordinates":[-3.7727,43.4705]},"properties":{}},{"type":"Feature","geometry":{"type":"Point","coordinates":[-3.7729,43.4701]},"properties":{}},{"type":"Feature","geometry":{"type":"Point","coordinates":[-3.773,43.4697]},"properties":{}},{"type":"Feature","geometry":{"type":"Point","coordinates":[-3.7734,43.4695]},"properties":{}},{"type":"Feature","geometry":{"type":"Point","coordinates":[-3.7742,43.4694]},"properties":{}},{"type":"Feature","geometry":{"type":"Point","coordinates":[-3.7745,43.4692]},"properties":{}},{"type":"Feature","geometry":{"type":"Point","coordinates":[-3.7762,43.4703]},"properties":{}},{"type":"Feature","geometry":{"type":"Point","coordinates":[-3.7766,43.4707]},"properties":{}},{"type":"Feature","geometry":{"type":"Point","coordinates":[-3.7777,43.4714]},"properties":{}},{"type":"Feature","geometry":{"type":"Point","coordinates":[-3.7786,43.4718]},"properties":{}},{"type":"Feature","geometry":{"type":"Point","coordinates":[-3.7824,43.4737]},"properties":{}},{"type":"Feature","geometry":{"type":"Point","coordinates":[-3.7879,43.48]},"properties":{}},{"type":"Feature","geometry":{"type":"Point","coordinates":[-3.7868,43.4811]},"properties":{}},{"type":"Feature","geometry":{"type":"Point","coordinates":[-7.0414,43.5566]},"properties":{}},{"type":"Feature","geometry":{"type":"Point","coordinates":[-7.0419,43.557]},"properties":{}},{"type":"Feature","geometry":{"type":"Point","coordinates":[-7.0424,43.557]},"properties":{}},{"type":"Feature","geometry":{"type":"Point","coordinates":[-7.0425,43.5569]},"properties":{}},{"type":"Feature","geometry":{"type":"Point","coordinates":[-7.0423,43.5563]},"properties":{}},{"type":"Feature","geometry":{"type":"Point","coordinates":[-7.0419,43.556]},"properties":{}},{"type":"Feature","geometry":{"type":"Point","coordinates":[-7.0443,43.5561]},"properties":{}},{"type":"Feature","geometry":{"type":"Point","coordinates":[-7.0441,43.5557]},"properties":{}},{"type":"Feature","geometry":{"type":"Point","coordinates":[-7.0443,43.5561]},"properties":{}},{"type":"Feature","geometry":{"type":"Point","coordinates":[-4.9498,43.4618]},"properties":{}},{"type":"Feature","geometry":{"type":"Point","coordinates":[-4.9494,43.4614]},"properties":{}},{"type":"Feature","geometry":{"type":"Point","coordinates":[-4.949,43.462]},"properties":{}},{"type":"Feature","geometry":{"type":"Point","coordinates":[-4.9134,43.4544]},"properties":{}},{"type":"Feature","geometry":{"type":"Point","coordinates":[-4.9134,43.4544]},"properties":{}},{"type":"Feature","geometry":{"type":"Point","coordinates":[-4.8935,43.4493]},"properties":{}},{"type":"Feature","geometry":{"type":"Point","coordinates":[-4.8933,43.4497]},"properties":{}},{"type":"Feature","geometry":{"type":"Point","coordinates":[-4.8939,43.4493]},"properties":{}},{"type":"Feature","geometry":{"type":"Point","coordinates":[-4.9132,43.4543]},"properties":{}},{"type":"Feature","geometry":{"type":"Point","coordinates":[-4.9132,43.4543]},"properties":{}},{"type":"Feature","geometry":{"type":"Point","coordinates":[-4.8343,43.4447]},"properties":{}},{"type":"Feature","geometry":{"type":"Point","coordinates":[-4.834,43.4454]},"properties":{}},{"type":"Feature","geometry":{"type":"Point","coordinates":[-4.8342,43.4448]},"properties":{}},{"type":"Feature","geometry":{"type":"Point","coordinates":[-4.835,43.4448]},"properties":{}},{"type":"Feature","geometry":{"type":"Point","coordinates":[-4.845,43.4463]},"properties":{}},{"type":"Feature","geometry":{"type":"Point","coordinates":[-4.8457,43.4464]},"properties":{}},{"type":"Feature","geometry":{"type":"Point","coordinates":[-4.8597,43.4458]},"properties":{}},{"type":"Feature","geometry":{"type":"Point","coordinates":[-4.86,43.4465]},"properties":{}},{"type":"Feature","geometry":{"type":"Point","coordinates":[-4.8597,43.4458]},"properties":{}},{"type":"Feature","geometry":{"type":"Point","coordinates":[-4.8302,43.4403]},"properties":{}},{"type":"Feature","geometry":{"type":"Point","coordinates":[-4.8309,43.4405]},"properties":{}},{"type":"Feature","geometry":{"type":"Point","coordinates":[-4.8339,43.4478]},"properties":{}},{"type":"Feature","geometry":{"type":"Point","coordinates":[-4.8343,43.448]},"properties":{}},{"type":"Feature","geometry":{"type":"Point","coordinates":[-4.8478,43.4458]},"properties":{}},{"type":"Feature","geometry":{"type":"Point","coordinates":[-4.8484,43.446]},"properties":{}},{"type":"Feature","geometry":{"type":"Point","coordinates":[-4.8485,43.4459]},"properties":{}},{"type":"Feature","geometry":{"type":"Point","coordinates":[-4.8236,43.4374]},"properties":{}},{"type":"Feature","geometry":{"type":"Point","coordinates":[-4.8226,43.4376]},"properties":{}},{"type":"Feature","geometry":{"type":"Point","coordinates":[-4.822,43.4384]},"properties":{}},{"type":"Feature","geometry":{"type":"Point","coordinates":[-4.8237,43.4384]},"properties":{}},{"type":"Feature","geometry":{"type":"Point","coordinates":[-4.8236,43.4374]},"properties":{}},{"type":"Feature","geometry":{"type":"Point","coordinates":[-4.825,43.4385]},"properties":{}},{"type":"Feature","geometry":{"type":"Point","coordinates":[-4.8265,43.4389]},"properties":{}},{"type":"Feature","geometry":{"type":"Point","coordinates":[-4.8269,43.4376]},"properties":{}},{"type":"Feature","geometry":{"type":"Point","coordinates":[-4.8257,43.4383]},"properties":{}},{"type":"Feature","geometry":{"type":"Point","coordinates":[-4.8143,43.436]},"properties":{}},{"type":"Feature","geometry":{"type":"Point","coordinates":[-4.8142,43.4358]},"properties":{}},{"type":"Feature","geometry":{"type":"Point","coordinates":[-4.8143,43.436]},"properties":{}},{"type":"Feature","geometry":{"type":"Point","coordinates":[-4.8195,43.4398]},"properties":{}},{"type":"Feature","geometry":{"type":"Point","coordinates":[-4.8196,43.4396]},"properties":{}},{"type":"Feature","geometry":{"type":"Point","coordinates":[-4.8195,43.4393]},"properties":{}},{"type":"Feature","geometry":{"type":"Point","coordinates":[-4.8191,43.4392]},"properties":{}},{"type":"Feature","geometry":{"type":"Point","coordinates":[-4.819,43.4398]},"properties":{}},{"type":"Feature","geometry":{"type":"Point","coordinates":[-4.8194,43.4399]},"properties":{}},{"type":"Feature","geometry":{"type":"Point","coordinates":[-4.825,43.4408]},"properties":{}},{"type":"Feature","geometry":{"type":"Point","coordinates":[-4.8255,43.4404]},"properties":{}},{"type":"Feature","geometry":{"type":"Point","coordinates":[-4.8246,43.4406]},"properties":{}},{"type":"Feature","geometry":{"type":"Point","coordinates":[-4.8251,43.4402]},"properties":{}},{"type":"Feature","geometry":{"type":"Point","coordinates":[-4.8246,43.4403]},"properties":{}},{"type":"Feature","geometry":{"type":"Point","coordinates":[-4.8251,43.4402]},"properties":{}},{"type":"Feature","geometry":{"type":"Point","coordinates":[-4.8134,43.4362]},"properties":{}},{"type":"Feature","geometry":{"type":"Point","coordinates":[-4.8123,43.4362]},"properties":{}},{"type":"Feature","geometry":{"type":"Point","coordinates":[-4.8033,43.4353]},"properties":{}},{"type":"Feature","geometry":{"type":"Point","coordinates":[-4.8034,43.436]},"properties":{}},{"type":"Feature","geometry":{"type":"Point","coordinates":[-4.804,43.4357]},"properties":{}},{"type":"Feature","geometry":{"type":"Point","coordinates":[-4.7826,43.433]},"properties":{}},{"type":"Feature","geometry":{"type":"Point","coordinates":[-4.7837,43.4332]},"properties":{}},{"type":"Feature","geometry":{"type":"Point","coordinates":[-4.7754,43.4338]},"properties":{}},{"type":"Feature","geometry":{"type":"Point","coordinates":[-4.7758,43.4335]},"properties":{}},{"type":"Feature","geometry":{"type":"Point","coordinates":[-4.776,43.433]},"properties":{}},{"type":"Feature","geometry":{"type":"Point","coordinates":[-4.7749,43.4329]},"properties":{}},{"type":"Feature","geometry":{"type":"Point","coordinates":[-4.7754,43.4338]},"properties":{}},{"type":"Feature","geometry":{"type":"Point","coordinates":[-4.7758,43.4345]},"properties":{}},{"type":"Feature","geometry":{"type":"Point","coordinates":[-4.7773,43.4327]},"properties":{}},{"type":"Feature","geometry":{"type":"Point","coordinates":[-4.7772,43.4329]},"properties":{}},{"type":"Feature","geometry":{"type":"Point","coordinates":[-4.7781,43.4331]},"properties":{}},{"type":"Feature","geometry":{"type":"Point","coordinates":[-4.778,43.433]},"properties":{}},{"type":"Feature","geometry":{"type":"Point","coordinates":[-4.7384,43.4178]},"properties":{}},{"type":"Feature","geometry":{"type":"Point","coordinates":[-4.7382,43.4173]},"properties":{}},{"type":"Feature","geometry":{"type":"Point","coordinates":[-4.7373,43.4168]},"properties":{}},{"type":"Feature","geometry":{"type":"Point","coordinates":[-4.7376,43.4176]},"properties":{}},{"type":"Feature","geometry":{"type":"Point","coordinates":[-4.6249,43.4024]},"properties":{}},{"type":"Feature","geometry":{"type":"Point","coordinates":[-4.6239,43.4025]},"properties":{}},{"type":"Feature","geometry":{"type":"Point","coordinates":[-4.6249,43.4024]},"properties":{}},{"type":"Feature","geometry":{"type":"Point","coordinates":[-4.6404,43.4049]},"properties":{}},{"type":"Feature","geometry":{"type":"Point","coordinates":[-4.6405,43.4051]},"properties":{}},{"type":"Feature","geometry":{"type":"Point","coordinates":[-4.6285,43.3994]},"properties":{}},{"type":"Feature","geometry":{"type":"Point","coordinates":[-4.6288,43.3997]},"properties":{}},{"type":"Feature","geometry":{"type":"Point","coordinates":[-4.6806,43.4091]},"properties":{}},{"type":"Feature","geometry":{"type":"Point","coordinates":[-4.6409,43.4046]},"properties":{}},{"type":"Feature","geometry":{"type":"Point","coordinates":[-4.6407,43.4046]},"properties":{}},{"type":"Feature","geometry":{"type":"Point","coordinates":[-4.6428,43.4053]},"properties":{}},{"type":"Feature","geometry":{"type":"Point","coordinates":[-4.6427,43.4054]},"properties":{}},{"type":"Feature","geometry":{"type":"Point","coordinates":[-4.6427,43.4046]},"properties":{}},{"type":"Feature","geometry":{"type":"Point","coordinates":[-4.6427,43.4046]},"properties":{}},{"type":"Feature","geometry":{"type":"Point","coordinates":[-4.7095,43.4148]},"properties":{}},{"type":"Feature","geometry":{"type":"Point","coordinates":[-4.7088,43.4149]},"properties":{}},{"type":"Feature","geometry":{"type":"Point","coordinates":[-4.7085,43.4152]},"properties":{}},{"type":"Feature","geometry":{"type":"Point","coordinates":[-4.708,43.4157]},"properties":{}},{"type":"Feature","geometry":{"type":"Point","coordinates":[-4.7086,43.4157]},"properties":{}},{"type":"Feature","geometry":{"type":"Point","coordinates":[-4.7097,43.4153]},"properties":{}},{"type":"Feature","geometry":{"type":"Point","coordinates":[-4.71,43.415]},"properties":{}},{"type":"Feature","geometry":{"type":"Point","coordinates":[-4.7101,43.4148]},"properties":{}},{"type":"Feature","geometry":{"type":"Point","coordinates":[-4.5762,43.399]},"properties":{}},{"type":"Feature","geometry":{"type":"Point","coordinates":[-4.6966,43.4101]},"properties":{}},{"type":"Feature","geometry":{"type":"Point","coordinates":[-4.6962,43.41]},"properties":{}},{"type":"Feature","geometry":{"type":"Point","coordinates":[-4.6961,43.4102]},"properties":{}},{"type":"Feature","geometry":{"type":"Point","coordinates":[-4.6964,43.4104]},"properties":{}},{"type":"Feature","geometry":{"type":"Point","coordinates":[-4.6966,43.4103]},"properties":{}},{"type":"Feature","geometry":{"type":"Point","coordinates":[-4.6966,43.4102]},"properties":{}},{"type":"Feature","geometry":{"type":"Point","coordinates":[-7.0368,43.5179]},"properties":{}},{"type":"Feature","geometry":{"type":"Point","coordinates":[-7.0393,43.5144]},"properties":{}},{"type":"Feature","geometry":{"type":"Point","coordinates":[-7.0393,43.5119]},"properties":{}},{"type":"Feature","geometry":{"type":"Point","coordinates":[-7.0411,43.5096]},"properties":{}},{"type":"Feature","geometry":{"type":"Point","coordinates":[-7.0428,43.5055]},"properties":{}},{"type":"Feature","geometry":{"type":"Point","coordinates":[-7.0426,43.5025]},"properties":{}},{"type":"Feature","geometry":{"type":"Point","coordinates":[-7.0422,43.5003]},"properties":{}},{"type":"Feature","geometry":{"type":"Point","coordinates":[-7.0398,43.4988]},"properties":{}},{"type":"Feature","geometry":{"type":"Point","coordinates":[-7.0361,43.4978]},"properties":{}},{"type":"Feature","geometry":{"type":"Point","coordinates":[-7.0334,43.4995]},"properties":{}},{"type":"Feature","geometry":{"type":"Point","coordinates":[-7.0366,43.518]},"properties":{}},{"type":"Feature","geometry":{"type":"Point","coordinates":[-3.2241,43.3894]},"properties":{}},{"type":"Feature","geometry":{"type":"Point","coordinates":[-3.2238,43.3896]},"properties":{}},{"type":"Feature","geometry":{"type":"Point","coordinates":[-3.2237,43.3897]},"properties":{}},{"type":"Feature","geometry":{"type":"Point","coordinates":[-3.2234,43.3898]},"properties":{}},{"type":"Feature","geometry":{"type":"Point","coordinates":[-3.2234,43.3899]},"properties":{}},{"type":"Feature","geometry":{"type":"Point","coordinates":[-3.2236,43.3899]},"properties":{}},{"type":"Feature","geometry":{"type":"Point","coordinates":[-3.2239,43.39]},"properties":{}},{"type":"Feature","geometry":{"type":"Point","coordinates":[-3.2237,43.3902]},"properties":{}},{"type":"Feature","geometry":{"type":"Point","coordinates":[-3.2236,43.3903]},"properties":{}},{"type":"Feature","geometry":{"type":"Point","coordinates":[-3.2234,43.3902]},"properties":{}},{"type":"Feature","geometry":{"type":"Point","coordinates":[-3.223,43.3902]},"properties":{}},{"type":"Feature","geometry":{"type":"Point","coordinates":[-3.2227,43.3904]},"properties":{}},{"type":"Feature","geometry":{"type":"Point","coordinates":[-3.2227,43.3904]},"properties":{}},{"type":"Feature","geometry":{"type":"Point","coordinates":[-3.223,43.3905]},"properties":{}},{"type":"Feature","geometry":{"type":"Point","coordinates":[-3.2231,43.3905]},"properties":{}},{"type":"Feature","geometry":{"type":"Point","coordinates":[-3.2231,43.3906]},"properties":{}},{"type":"Feature","geometry":{"type":"Point","coordinates":[-3.2227,43.3907]},"properties":{}},{"type":"Feature","geometry":{"type":"Point","coordinates":[-3.2227,43.3907]},"properties":{}},{"type":"Feature","geometry":{"type":"Point","coordinates":[-3.2226,43.3906]},"properties":{}},{"type":"Feature","geometry":{"type":"Point","coordinates":[-3.2225,43.3905]},"properties":{}},{"type":"Feature","geometry":{"type":"Point","coordinates":[-3.2223,43.3905]},"properties":{}},{"type":"Feature","geometry":{"type":"Point","coordinates":[-3.222,43.3906]},"properties":{}},{"type":"Feature","geometry":{"type":"Point","coordinates":[-3.222,43.3907]},"properties":{}},{"type":"Feature","geometry":{"type":"Point","coordinates":[-3.2219,43.3909]},"properties":{}},{"type":"Feature","geometry":{"type":"Point","coordinates":[-3.2215,43.3911]},"properties":{}},{"type":"Feature","geometry":{"type":"Point","coordinates":[-3.2215,43.3912]},"properties":{}},{"type":"Feature","geometry":{"type":"Point","coordinates":[-3.222,43.391]},"properties":{}},{"type":"Feature","geometry":{"type":"Point","coordinates":[-3.2223,43.391]},"properties":{}},{"type":"Feature","geometry":{"type":"Point","coordinates":[-3.2225,43.3909]},"properties":{}},{"type":"Feature","geometry":{"type":"Point","coordinates":[-3.2227,43.391]},"properties":{}},{"type":"Feature","geometry":{"type":"Point","coordinates":[-3.2227,43.391]},"properties":{}},{"type":"Feature","geometry":{"type":"Point","coordinates":[-3.2226,43.3911]},"properties":{}},{"type":"Feature","geometry":{"type":"Point","coordinates":[-3.2227,43.3912]},"properties":{}},{"type":"Feature","geometry":{"type":"Point","coordinates":[-3.2226,43.3912]},"properties":{}},{"type":"Feature","geometry":{"type":"Point","coordinates":[-3.2227,43.3913]},"properties":{}},{"type":"Feature","geometry":{"type":"Point","coordinates":[-3.2226,43.3913]},"properties":{}},{"type":"Feature","geometry":{"type":"Point","coordinates":[-3.2225,43.3913]},"properties":{}},{"type":"Feature","geometry":{"type":"Point","coordinates":[-3.2223,43.3912]},"properties":{}},{"type":"Feature","geometry":{"type":"Point","coordinates":[-3.2222,43.3912]},"properties":{}},{"type":"Feature","geometry":{"type":"Point","coordinates":[-3.2219,43.3914]},"properties":{}},{"type":"Feature","geometry":{"type":"Point","coordinates":[-3.2218,43.3914]},"properties":{}},{"type":"Feature","geometry":{"type":"Point","coordinates":[-3.2217,43.3916]},"properties":{}},{"type":"Feature","geometry":{"type":"Point","coordinates":[-3.222,43.3915]},"properties":{}},{"type":"Feature","geometry":{"type":"Point","coordinates":[-3.2219,43.3917]},"properties":{}},{"type":"Feature","geometry":{"type":"Point","coordinates":[-3.264,43.4027]},"properties":{}},{"type":"Feature","geometry":{"type":"Point","coordinates":[-3.2653,43.4028]},"properties":{}},{"type":"Feature","geometry":{"type":"Point","coordinates":[-3.2696,43.4027]},"properties":{}},{"type":"Feature","geometry":{"type":"Point","coordinates":[-3.2711,43.4023]},"properties":{}},{"type":"Feature","geometry":{"type":"Point","coordinates":[-3.2719,43.4024]},"properties":{}},{"type":"Feature","geometry":{"type":"Point","coordinates":[-3.2736,43.4028]},"properties":{}},{"type":"Feature","geometry":{"type":"Point","coordinates":[-3.2752,43.4023]},"properties":{}},{"type":"Feature","geometry":{"type":"Point","coordinates":[-3.2781,43.4029]},"properties":{}},{"type":"Feature","geometry":{"type":"Point","coordinates":[-3.2803,43.4031]},"properties":{}},{"type":"Feature","geometry":{"type":"Point","coordinates":[-3.283,43.4035]},"properties":{}},{"type":"Feature","geometry":{"type":"Point","coordinates":[-3.2878,43.4046]},"properties":{}},{"type":"Feature","geometry":{"type":"Point","coordinates":[-3.2903,43.4056]},"properties":{}},{"type":"Feature","geometry":{"type":"Point","coordinates":[-3.2939,43.4056]},"properties":{}},{"type":"Feature","geometry":{"type":"Point","coordinates":[-3.2931,43.4064]},"properties":{}},{"type":"Feature","geometry":{"type":"Point","coordinates":[-3.2958,43.4068]},"properties":{}},{"type":"Feature","geometry":{"type":"Point","coordinates":[-3.2975,43.4079]},"properties":{}},{"type":"Feature","geometry":{"type":"Point","coordinates":[-3.2982,43.4081]},"properties":{}},{"type":"Feature","geometry":{"type":"Point","coordinates":[-3.299,43.4085]},"properties":{}},{"type":"Feature","geometry":{"type":"Point","coordinates":[-3.2996,43.4088]},"properties":{}},{"type":"Feature","geometry":{"type":"Point","coordinates":[-3.3014,43.4091]},"properties":{}},{"type":"Feature","geometry":{"type":"Point","coordinates":[-3.3021,43.4093]},"properties":{}},{"type":"Feature","geometry":{"type":"Point","coordinates":[-3.3031,43.4094]},"properties":{}},{"type":"Feature","geometry":{"type":"Point","coordinates":[-3.3042,43.4096]},"properties":{}},{"type":"Feature","geometry":{"type":"Point","coordinates":[-3.3048,43.4095]},"properties":{}},{"type":"Feature","geometry":{"type":"Point","coordinates":[-3.3056,43.4094]},"properties":{}},{"type":"Feature","geometry":{"type":"Point","coordinates":[-3.3065,43.4095]},"properties":{}},{"type":"Feature","geometry":{"type":"Point","coordinates":[-3.3074,43.4092]},"properties":{}},{"type":"Feature","geometry":{"type":"Point","coordinates":[-3.3097,43.4093]},"properties":{}},{"type":"Feature","geometry":{"type":"Point","coordinates":[-3.3107,43.4092]},"properties":{}},{"type":"Feature","geometry":{"type":"Point","coordinates":[-3.3111,43.4092]},"properties":{}},{"type":"Feature","geometry":{"type":"Point","coordinates":[-3.3109,43.4084]},"properties":{}},{"type":"Feature","geometry":{"type":"Point","coordinates":[-3.3114,43.4079]},"properties":{}},{"type":"Feature","geometry":{"type":"Point","coordinates":[-3.3105,43.4062]},"properties":{}},{"type":"Feature","geometry":{"type":"Point","coordinates":[-3.3114,43.4056]},"properties":{}},{"type":"Feature","geometry":{"type":"Point","coordinates":[-3.312,43.4059]},"properties":{}},{"type":"Feature","geometry":{"type":"Point","coordinates":[-3.3119,43.4051]},"properties":{}},{"type":"Feature","geometry":{"type":"Point","coordinates":[-3.3132,43.4053]},"properties":{}},{"type":"Feature","geometry":{"type":"Point","coordinates":[-3.3135,43.4049]},"properties":{}},{"type":"Feature","geometry":{"type":"Point","coordinates":[-3.3134,43.4054]},"properties":{}},{"type":"Feature","geometry":{"type":"Point","coordinates":[-3.3129,43.4058]},"properties":{}},{"type":"Feature","geometry":{"type":"Point","coordinates":[-3.3122,43.4059]},"properties":{}},{"type":"Feature","geometry":{"type":"Point","coordinates":[-3.3121,43.4058]},"properties":{}},{"type":"Feature","geometry":{"type":"Point","coordinates":[-3.3125,43.4062]},"properties":{}},{"type":"Feature","geometry":{"type":"Point","coordinates":[-3.3139,43.4059]},"properties":{}},{"type":"Feature","geometry":{"type":"Point","coordinates":[-3.3137,43.4053]},"properties":{}},{"type":"Feature","geometry":{"type":"Point","coordinates":[-3.3136,43.4049]},"properties":{}},{"type":"Feature","geometry":{"type":"Point","coordinates":[-3.3126,43.4041]},"properties":{}},{"type":"Feature","geometry":{"type":"Point","coordinates":[-3.3129,43.4035]},"properties":{}},{"type":"Feature","geometry":{"type":"Point","coordinates":[-3.4138,43.4198]},"properties":{}},{"type":"Feature","geometry":{"type":"Point","coordinates":[-3.4159,43.4204]},"properties":{}},{"type":"Feature","geometry":{"type":"Point","coordinates":[-3.4183,43.4201]},"properties":{}},{"type":"Feature","geometry":{"type":"Point","coordinates":[-3.4197,43.4192]},"properties":{}},{"type":"Feature","geometry":{"type":"Point","coordinates":[-3.4198,43.4183]},"properties":{}},{"type":"Feature","geometry":{"type":"Point","coordinates":[-3.4191,43.4185]},"properties":{}},{"type":"Feature","geometry":{"type":"Point","coordinates":[-3.4194,43.4188]},"properties":{}},{"type":"Feature","geometry":{"type":"Point","coordinates":[-3.4183,43.4197]},"properties":{}},{"type":"Feature","geometry":{"type":"Point","coordinates":[-3.4165,43.42]},"properties":{}},{"type":"Feature","geometry":{"type":"Point","coordinates":[-3.4148,43.4198]},"properties":{}},{"type":"Feature","geometry":{"type":"Point","coordinates":[-3.4152,43.4196]},"properties":{}},{"type":"Feature","geometry":{"type":"Point","coordinates":[-3.4162,43.4186]},"properties":{}},{"type":"Feature","geometry":{"type":"Point","coordinates":[-3.4157,43.4181]},"properties":{}},{"type":"Feature","geometry":{"type":"Point","coordinates":[-3.3822,43.4154]},"properties":{}},{"type":"Feature","geometry":{"type":"Point","coordinates":[-3.3847,43.4165]},"properties":{}},{"type":"Feature","geometry":{"type":"Point","coordinates":[-3.3865,43.4163]},"properties":{}},{"type":"Feature","geometry":{"type":"Point","coordinates":[-3.3874,43.4172]},"properties":{}},{"type":"Feature","geometry":{"type":"Point","coordinates":[-3.3891,43.4172]},"properties":{}},{"type":"Feature","geometry":{"type":"Point","coordinates":[-3.391,43.4165]},"properties":{}},{"type":"Feature","geometry":{"type":"Point","coordinates":[-3.3928,43.4161]},"properties":{}},{"type":"Feature","geometry":{"type":"Point","coordinates":[-3.3938,43.4166]},"properties":{}},{"type":"Feature","geometry":{"type":"Point","coordinates":[-3.3943,43.4171]},"properties":{}},{"type":"Feature","geometry":{"type":"Point","coordinates":[-3.3954,43.417]},"properties":{}},{"type":"Feature","geometry":{"type":"Point","coordinates":[-3.3959,43.4169]},"properties":{}},{"type":"Feature","geometry":{"type":"Point","coordinates":[-3.3978,43.4167]},"properties":{}},{"type":"Feature","geometry":{"type":"Point","coordinates":[-3.3988,43.417]},"properties":{}},{"type":"Feature","geometry":{"type":"Point","coordinates":[-3.3993,43.4175]},"properties":{}},{"type":"Feature","geometry":{"type":"Point","coordinates":[-3.4011,43.4171]},"properties":{}},{"type":"Feature","geometry":{"type":"Point","coordinates":[-3.4011,43.4154]},"properties":{}},{"type":"Feature","geometry":{"type":"Point","coordinates":[-3.4028,43.4153]},"properties":{}},{"type":"Feature","geometry":{"type":"Point","coordinates":[-3.4044,43.4148]},"properties":{}},{"type":"Feature","geometry":{"type":"Point","coordinates":[-3.4059,43.415]},"properties":{}},{"type":"Feature","geometry":{"type":"Point","coordinates":[-3.4066,43.4154]},"properties":{}},{"type":"Feature","geometry":{"type":"Point","coordinates":[-3.4084,43.4156]},"properties":{}},{"type":"Feature","geometry":{"type":"Point","coordinates":[-3.4088,43.4156]},"properties":{}},{"type":"Feature","geometry":{"type":"Point","coordinates":[-3.4098,43.4157]},"properties":{}},{"type":"Feature","geometry":{"type":"Point","coordinates":[-3.4113,43.4162]},"properties":{}},{"type":"Feature","geometry":{"type":"Point","coordinates":[-3.4115,43.418]},"properties":{}},{"type":"Feature","geometry":{"type":"Point","coordinates":[-3.4112,43.4183]},"properties":{}},{"type":"Feature","geometry":{"type":"Point","coordinates":[-3.4111,43.4188]},"properties":{}},{"type":"Feature","geometry":{"type":"Point","coordinates":[-3.4113,43.419]},"properties":{}},{"type":"Feature","geometry":{"type":"Point","coordinates":[-3.4119,43.419]},"properties":{}},{"type":"Feature","geometry":{"type":"Point","coordinates":[-3.4126,43.4187]},"properties":{}},{"type":"Feature","geometry":{"type":"Point","coordinates":[-3.3149,43.4069]},"properties":{}},{"type":"Feature","geometry":{"type":"Point","coordinates":[-3.3147,43.4068]},"properties":{}},{"type":"Feature","geometry":{"type":"Point","coordinates":[-5.2696,43.5104]},"properties":{}},{"type":"Feature","geometry":{"type":"Point","coordinates":[-5.2677,43.5117]},"properties":{}},{"type":"Feature","geometry":{"type":"Point","coordinates":[-5.2674,43.5129]},"properties":{}},{"type":"Feature","geometry":{"type":"Point","coordinates":[-5.2681,43.5145]},"properties":{}},{"type":"Feature","geometry":{"type":"Point","coordinates":[-5.2672,43.5154]},"properties":{}},{"type":"Feature","geometry":{"type":"Point","coordinates":[-5.2659,43.5153]},"properties":{}},{"type":"Feature","geometry":{"type":"Point","coordinates":[-5.2668,43.5156]},"properties":{}},{"type":"Feature","geometry":{"type":"Point","coordinates":[-5.2678,43.5156]},"properties":{}},{"type":"Feature","geometry":{"type":"Point","coordinates":[-5.2681,43.5157]},"properties":{}},{"type":"Feature","geometry":{"type":"Point","coordinates":[-5.2665,43.5158]},"properties":{}},{"type":"Feature","geometry":{"type":"Point","coordinates":[-5.2657,43.5161]},"properties":{}},{"type":"Feature","geometry":{"type":"Point","coordinates":[-5.2645,43.5169]},"properties":{}},{"type":"Feature","geometry":{"type":"Point","coordinates":[-5.2649,43.5149]},"properties":{}},{"type":"Feature","geometry":{"type":"Point","coordinates":[-5.2643,43.5158]},"properties":{}},{"type":"Feature","geometry":{"type":"Point","coordinates":[-5.2642,43.517]},"properties":{}},{"type":"Feature","geometry":{"type":"Point","coordinates":[-5.2665,43.5183]},"properties":{}},{"type":"Feature","geometry":{"type":"Point","coordinates":[-5.2661,43.5187]},"properties":{}},{"type":"Feature","geometry":{"type":"Point","coordinates":[-5.2674,43.5189]},"properties":{}},{"type":"Feature","geometry":{"type":"Point","coordinates":[-5.2706,43.5201]},"properties":{}},{"type":"Feature","geometry":{"type":"Point","coordinates":[-5.2779,43.5245]},"properties":{}},{"type":"Feature","geometry":{"type":"Point","coordinates":[-5.2811,43.5267]},"properties":{}},{"type":"Feature","geometry":{"type":"Point","coordinates":[-5.284,43.5272]},"properties":{}},{"type":"Feature","geometry":{"type":"Point","coordinates":[-5.2899,43.5308]},"properties":{}},{"type":"Feature","geometry":{"type":"Point","coordinates":[-5.2933,43.5322]},"properties":{}},{"type":"Feature","geometry":{"type":"Point","coordinates":[-5.2961,43.5351]},"properties":{}},{"type":"Feature","geometry":{"type":"Point","coordinates":[-5.3013,43.535]},"properties":{}},{"type":"Feature","geometry":{"type":"Point","coordinates":[-5.3039,43.5338]},"properties":{}},{"type":"Feature","geometry":{"type":"Point","coordinates":[-5.0928,43.4762]},"properties":{}},{"type":"Feature","geometry":{"type":"Point","coordinates":[-5.097,43.477]},"properties":{}},{"type":"Feature","geometry":{"type":"Point","coordinates":[-5.0992,43.4755]},"properties":{}},{"type":"Feature","geometry":{"type":"Point","coordinates":[-5.1024,43.4747]},"properties":{}},{"type":"Feature","geometry":{"type":"Point","coordinates":[-5.104,43.4754]},"properties":{}},{"type":"Feature","geometry":{"type":"Point","coordinates":[-5.1053,43.475]},"properties":{}},{"type":"Feature","geometry":{"type":"Point","coordinates":[-5.1094,43.4757]},"properties":{}},{"type":"Feature","geometry":{"type":"Point","coordinates":[-5.1126,43.4765]},"properties":{}},{"type":"Feature","geometry":{"type":"Point","coordinates":[-5.1177,43.479]},"properties":{}},{"type":"Feature","geometry":{"type":"Point","coordinates":[-5.1191,43.4825]},"properties":{}},{"type":"Feature","geometry":{"type":"Point","coordinates":[-5.1231,43.4847]},"properties":{}},{"type":"Feature","geometry":{"type":"Point","coordinates":[-5.1281,43.4841]},"properties":{}},{"type":"Feature","geometry":{"type":"Point","coordinates":[-5.1311,43.4832]},"properties":{}},{"type":"Feature","geometry":{"type":"Point","coordinates":[-5.1411,43.4811]},"properties":{}},{"type":"Feature","geometry":{"type":"Point","coordinates":[-3.4508,43.4378]},"properties":{}},{"type":"Feature","geometry":{"type":"Point","coordinates":[-3.4503,43.4394]},"properties":{}},{"type":"Feature","geometry":{"type":"Point","coordinates":[-3.5869,43.4715]},"properties":{}},{"type":"Feature","geometry":{"type":"Point","coordinates":[-3.5869,43.4762]},"properties":{}},{"type":"Feature","geometry":{"type":"Point","coordinates":[-3.5853,43.4771]},"properties":{}},{"type":"Feature","geometry":{"type":"Point","coordinates":[-3.5838,43.4776]},"properties":{}},{"type":"Feature","geometry":{"type":"Point","coordinates":[-3.5837,43.478]},"properties":{}},{"type":"Feature","geometry":{"type":"Point","coordinates":[-3.5846,43.4788]},"properties":{}},{"type":"Feature","geometry":{"type":"Point","coordinates":[-3.5863,43.4793]},"properties":{}},{"type":"Feature","geometry":{"type":"Point","coordinates":[-3.588,43.4788]},"properties":{}},{"type":"Feature","geometry":{"type":"Point","coordinates":[-3.589,43.4789]},"properties":{}},{"type":"Feature","geometry":{"type":"Point","coordinates":[-3.5894,43.4795]},"properties":{}},{"type":"Feature","geometry":{"type":"Point","coordinates":[-3.5895,43.4803]},"properties":{}},{"type":"Feature","geometry":{"type":"Point","coordinates":[-3.5883,43.4809]},"properties":{}},{"type":"Feature","geometry":{"type":"Point","coordinates":[-3.5883,43.4817]},"properties":{}},{"type":"Feature","geometry":{"type":"Point","coordinates":[-3.589,43.4825]},"properties":{}},{"type":"Feature","geometry":{"type":"Point","coordinates":[-3.5912,43.4827]},"properties":{}},{"type":"Feature","geometry":{"type":"Point","coordinates":[-3.5922,43.4824]},"properties":{}},{"type":"Feature","geometry":{"type":"Point","coordinates":[-3.5928,43.4821]},"properties":{}},{"type":"Feature","geometry":{"type":"Point","coordinates":[-3.5762,43.504]},"properties":{}},{"type":"Feature","geometry":{"type":"Point","coordinates":[-3.5782,43.5033]},"properties":{}},{"type":"Feature","geometry":{"type":"Point","coordinates":[-3.5811,43.5056]},"properties":{}},{"type":"Feature","geometry":{"type":"Point","coordinates":[-3.581,43.507]},"properties":{}},{"type":"Feature","geometry":{"type":"Point","coordinates":[-3.5807,43.5081]},"properties":{}},{"type":"Feature","geometry":{"type":"Point","coordinates":[-3.5812,43.5087]},"properties":{}},{"type":"Feature","geometry":{"type":"Point","coordinates":[-3.5819,43.5096]},"properties":{}},{"type":"Feature","geometry":{"type":"Point","coordinates":[-3.5825,43.5101]},"properties":{}},{"type":"Feature","geometry":{"type":"Point","coordinates":[-3.5819,43.511]},"properties":{}},{"type":"Feature","geometry":{"type":"Point","coordinates":[-3.5805,43.5124]},"properties":{}},{"type":"Feature","geometry":{"type":"Point","coordinates":[-3.5809,43.5124]},"properties":{}},{"type":"Feature","geometry":{"type":"Point","coordinates":[-3.5815,43.5123]},"properties":{}},{"type":"Feature","geometry":{"type":"Point","coordinates":[-3.582,43.5127]},"properties":{}},{"type":"Feature","geometry":{"type":"Point","coordinates":[-3.583,43.5127]},"properties":{}},{"type":"Feature","geometry":{"type":"Point","coordinates":[-3.5839,43.5123]},"properties":{}},{"type":"Feature","geometry":{"type":"Point","coordinates":[-3.5848,43.5123]},"properties":{}},{"type":"Feature","geometry":{"type":"Point","coordinates":[-3.5889,43.5135]},"properties":{}},{"type":"Feature","geometry":{"type":"Point","coordinates":[-3.5899,43.5134]},"properties":{}},{"type":"Feature","geometry":{"type":"Point","coordinates":[-3.5921,43.5129]},"properties":{}},{"type":"Feature","geometry":{"type":"Point","coordinates":[-3.5954,43.5126]},"properties":{}},{"type":"Feature","geometry":{"type":"Point","coordinates":[-3.5989,43.5115]},"properties":{}},{"type":"Feature","geometry":{"type":"Point","coordinates":[-3.599,43.5101]},"properties":{}},{"type":"Feature","geometry":{"type":"Point","coordinates":[-3.6007,43.51]},"properties":{}},{"type":"Feature","geometry":{"type":"Point","coordinates":[-3.5782,43.5033]},"properties":{}},{"type":"Feature","geometry":{"type":"Point","coordinates":[-3.579,43.5033]},"properties":{}},{"type":"Feature","geometry":{"type":"Point","coordinates":[-3.5767,43.5049]},"properties":{}},{"type":"Feature","geometry":{"type":"Point","coordinates":[-3.579,43.5033]},"properties":{}},{"type":"Feature","geometry":{"type":"Point","coordinates":[-3.5822,43.5028]},"properties":{}},{"type":"Feature","geometry":{"type":"Point","coordinates":[-3.5851,43.5015]},"properties":{}},{"type":"Feature","geometry":{"type":"Point","coordinates":[-3.5853,43.4995]},"properties":{}},{"type":"Feature","geometry":{"type":"Point","coordinates":[-3.585,43.4987]},"properties":{}},{"type":"Feature","geometry":{"type":"Point","coordinates":[-3.5857,43.4978]},"properties":{}},{"type":"Feature","geometry":{"type":"Point","coordinates":[-3.5862,43.4969]},"properties":{}},{"type":"Feature","geometry":{"type":"Point","coordinates":[-3.5858,43.4955]},"properties":{}},{"type":"Feature","geometry":{"type":"Point","coordinates":[-3.5858,43.4941]},"properties":{}},{"type":"Feature","geometry":{"type":"Point","coordinates":[-3.5854,43.4931]},"properties":{}},{"type":"Feature","geometry":{"type":"Point","coordinates":[-3.5861,43.4928]},"properties":{}},{"type":"Feature","geometry":{"type":"Point","coordinates":[-3.5871,43.4919]},"properties":{}},{"type":"Feature","geometry":{"type":"Point","coordinates":[-3.5868,43.4909]},"properties":{}},{"type":"Feature","geometry":{"type":"Point","coordinates":[-3.5871,43.4902]},"properties":{}},{"type":"Feature","geometry":{"type":"Point","coordinates":[-3.5878,43.4895]},"properties":{}},{"type":"Feature","geometry":{"type":"Point","coordinates":[-3.5884,43.4894]},"properties":{}},{"type":"Feature","geometry":{"type":"Point","coordinates":[-3.5895,43.4885]},"properties":{}},{"type":"Feature","geometry":{"type":"Point","coordinates":[-3.5904,43.4879]},"properties":{}},{"type":"Feature","geometry":{"type":"Point","coordinates":[-3.591,43.4866]},"properties":{}},{"type":"Feature","geometry":{"type":"Point","coordinates":[-3.5923,43.4853]},"properties":{}},{"type":"Feature","geometry":{"type":"Point","coordinates":[-3.5933,43.4849]},"properties":{}},{"type":"Feature","geometry":{"type":"Point","coordinates":[-3.5941,43.4846]},"properties":{}},{"type":"Feature","geometry":{"type":"Point","coordinates":[-3.5944,43.4834]},"properties":{}},{"type":"Feature","geometry":{"type":"Point","coordinates":[-3.5938,43.4823]},"properties":{}},{"type":"Feature","geometry":{"type":"Point","coordinates":[-3.5928,43.4823]},"properties":{}},{"type":"Feature","geometry":{"type":"Point","coordinates":[-3.5917,43.4827]},"properties":{}},{"type":"Feature","geometry":{"type":"Point","coordinates":[-3.5899,43.4828]},"properties":{}},{"type":"Feature","geometry":{"type":"Point","coordinates":[-3.5886,43.4824]},"properties":{}},{"type":"Feature","geometry":{"type":"Point","coordinates":[-3.5881,43.4813]},"properties":{}},{"type":"Feature","geometry":{"type":"Point","coordinates":[-3.5884,43.4806]},"properties":{}},{"type":"Feature","geometry":{"type":"Point","coordinates":[-3.5894,43.4799]},"properties":{}},{"type":"Feature","geometry":{"type":"Point","coordinates":[-3.589,43.4791]},"properties":{}},{"type":"Feature","geometry":{"type":"Point","coordinates":[-3.5885,43.4789]},"properties":{}},{"type":"Feature","geometry":{"type":"Point","coordinates":[-3.5863,43.4795]},"properties":{}},{"type":"Feature","geometry":{"type":"Point","coordinates":[-3.5845,43.479]},"properties":{}},{"type":"Feature","geometry":{"type":"Point","coordinates":[-3.5836,43.4782]},"properties":{}},{"type":"Feature","geometry":{"type":"Point","coordinates":[-3.5835,43.4776]},"properties":{}},{"type":"Feature","geometry":{"type":"Point","coordinates":[-3.5849,43.4771]},"properties":{}},{"type":"Feature","geometry":{"type":"Point","coordinates":[-3.5871,43.4759]},"properties":{}},{"type":"Feature","geometry":{"type":"Point","coordinates":[-3.5876,43.4752]},"properties":{}},{"type":"Feature","geometry":{"type":"Point","coordinates":[-3.5867,43.4743]},"properties":{}},{"type":"Feature","geometry":{"type":"Point","coordinates":[-3.5867,43.4734]},"properties":{}},{"type":"Feature","geometry":{"type":"Point","coordinates":[-3.587,43.4724]},"properties":{}},{"type":"Feature","geometry":{"type":"Point","coordinates":[-3.5866,43.4714]},"properties":{}},{"type":"Feature","geometry":{"type":"Point","coordinates":[-3.5407,43.4957]},"properties":{}},{"type":"Feature","geometry":{"type":"Point","coordinates":[-3.5404,43.4959]},"properties":{}},{"type":"Feature","geometry":{"type":"Point","coordinates":[-3.5404,43.4961]},"properties":{}},{"type":"Feature","geometry":{"type":"Point","coordinates":[-3.5406,43.4964]},"properties":{}},{"type":"Feature","geometry":{"type":"Point","coordinates":[-3.5408,43.4967]},"properties":{}},{"type":"Feature","geometry":{"type":"Point","coordinates":[-3.5416,43.4972]},"properties":{}},{"type":"Feature","geometry":{"type":"Point","coordinates":[-3.542,43.4978]},"properties":{}},{"type":"Feature","geometry":{"type":"Point","coordinates":[-3.5412,43.4983]},"properties":{}},{"type":"Feature","geometry":{"type":"Point","coordinates":[-3.5406,43.4975]},"properties":{}},{"type":"Feature","geometry":{"type":"Point","coordinates":[-3.541,43.4986]},"properties":{}},{"type":"Feature","geometry":{"type":"Point","coordinates":[-3.5411,43.5003]},"properties":{}},{"type":"Feature","geometry":{"type":"Point","coordinates":[-3.5397,43.5014]},"properties":{}},{"type":"Feature","geometry":{"type":"Point","coordinates":[-3.5408,43.5037]},"properties":{}},{"type":"Feature","geometry":{"type":"Point","coordinates":[-3.5453,43.5043]},"properties":{}},{"type":"Feature","geometry":{"type":"Point","coordinates":[-3.5459,43.5055]},"properties":{}},{"type":"Feature","geometry":{"type":"Point","coordinates":[-3.5491,43.5082]},"properties":{}},{"type":"Feature","geometry":{"type":"Point","coordinates":[-3.552,43.5079]},"properties":{}},{"type":"Feature","geometry":{"type":"Point","coordinates":[-3.5555,43.5081]},"properties":{}},{"type":"Feature","geometry":{"type":"Point","coordinates":[-3.5585,43.5077]},"properties":{}},{"type":"Feature","geometry":{"type":"Point","coordinates":[-3.5628,43.5085]},"properties":{}},{"type":"Feature","geometry":{"type":"Point","coordinates":[-3.5651,43.5079]},"properties":{}},{"type":"Feature","geometry":{"type":"Point","coordinates":[-3.5703,43.5085]},"properties":{}},{"type":"Feature","geometry":{"type":"Point","coordinates":[-3.5727,43.5074]},"properties":{}},{"type":"Feature","geometry":{"type":"Point","coordinates":[-3.5758,43.5068]},"properties":{}},{"type":"Feature","geometry":{"type":"Point","coordinates":[-3.4545,43.465]},"properties":{}},{"type":"Feature","geometry":{"type":"Point","coordinates":[-3.4551,43.465]},"properties":{}},{"type":"Feature","geometry":{"type":"Point","coordinates":[-3.4555,43.465]},"properties":{}},{"type":"Feature","geometry":{"type":"Point","coordinates":[-3.4557,43.4649]},"properties":{}},{"type":"Feature","geometry":{"type":"Point","coordinates":[-3.4562,43.4649]},"properties":{}},{"type":"Feature","geometry":{"type":"Point","coordinates":[-3.4565,43.4649]},"properties":{}},{"type":"Feature","geometry":{"type":"Point","coordinates":[-3.4569,43.4649]},"properties":{}},{"type":"Feature","geometry":{"type":"Point","coordinates":[-3.458,43.4648]},"properties":{}},{"type":"Feature","geometry":{"type":"Point","coordinates":[-3.4585,43.4648]},"properties":{}},{"type":"Feature","geometry":{"type":"Point","coordinates":[-3.4588,43.4649]},"properties":{}},{"type":"Feature","geometry":{"type":"Point","coordinates":[-3.459,43.4648]},"properties":{}},{"type":"Feature","geometry":{"type":"Point","coordinates":[-3.4595,43.4648]},"properties":{}},{"type":"Feature","geometry":{"type":"Point","coordinates":[-3.4598,43.4648]},"properties":{}},{"type":"Feature","geometry":{"type":"Point","coordinates":[-3.4601,43.4648]},"properties":{}},{"type":"Feature","geometry":{"type":"Point","coordinates":[-3.4605,43.4649]},"properties":{}},{"type":"Feature","geometry":{"type":"Point","coordinates":[-3.4607,43.4649]},"properties":{}},{"type":"Feature","geometry":{"type":"Point","coordinates":[-3.461,43.4649]},"properties":{}},{"type":"Feature","geometry":{"type":"Point","coordinates":[-3.4615,43.4649]},"properties":{}},{"type":"Feature","geometry":{"type":"Point","coordinates":[-3.4618,43.465]},"properties":{}},{"type":"Feature","geometry":{"type":"Point","coordinates":[-3.462,43.465]},"properties":{}},{"type":"Feature","geometry":{"type":"Point","coordinates":[-3.4622,43.4651]},"properties":{}},{"type":"Feature","geometry":{"type":"Point","coordinates":[-3.4627,43.4652]},"properties":{}},{"type":"Feature","geometry":{"type":"Point","coordinates":[-3.4629,43.4653]},"properties":{}},{"type":"Feature","geometry":{"type":"Point","coordinates":[-3.4632,43.4653]},"properties":{}},{"type":"Feature","geometry":{"type":"Point","coordinates":[-3.4635,43.4654]},"properties":{}},{"type":"Feature","geometry":{"type":"Point","coordinates":[-3.4638,43.4654]},"properties":{}},{"type":"Feature","geometry":{"type":"Point","coordinates":[-3.4641,43.4655]},"properties":{}},{"type":"Feature","geometry":{"type":"Point","coordinates":[-3.4643,43.4656]},"properties":{}},{"type":"Feature","geometry":{"type":"Point","coordinates":[-3.4646,43.4656]},"properties":{}},{"type":"Feature","geometry":{"type":"Point","coordinates":[-3.465,43.4657]},"properties":{}},{"type":"Feature","geometry":{"type":"Point","coordinates":[-3.4652,43.4657]},"properties":{}},{"type":"Feature","geometry":{"type":"Point","coordinates":[-3.4653,43.4658]},"properties":{}},{"type":"Feature","geometry":{"type":"Point","coordinates":[-3.4654,43.4658]},"properties":{}},{"type":"Feature","geometry":{"type":"Point","coordinates":[-3.4655,43.4658]},"properties":{}},{"type":"Feature","geometry":{"type":"Point","coordinates":[-3.4656,43.4658]},"properties":{}},{"type":"Feature","geometry":{"type":"Point","coordinates":[-3.4657,43.4659]},"properties":{}},{"type":"Feature","geometry":{"type":"Point","coordinates":[-3.4658,43.4659]},"properties":{}},{"type":"Feature","geometry":{"type":"Point","coordinates":[-3.4659,43.4659]},"properties":{}},{"type":"Feature","geometry":{"type":"Point","coordinates":[-3.466,43.4659]},"properties":{}},{"type":"Feature","geometry":{"type":"Point","coordinates":[-3.4661,43.466]},"properties":{}},{"type":"Feature","geometry":{"type":"Point","coordinates":[-3.4663,43.466]},"properties":{}},{"type":"Feature","geometry":{"type":"Point","coordinates":[-3.4664,43.466]},"properties":{}},{"type":"Feature","geometry":{"type":"Point","coordinates":[-3.4665,43.4661]},"properties":{}},{"type":"Feature","geometry":{"type":"Point","coordinates":[-3.4667,43.4661]},"properties":{}},{"type":"Feature","geometry":{"type":"Point","coordinates":[-3.4668,43.4661]},"properties":{}},{"type":"Feature","geometry":{"type":"Point","coordinates":[-3.4669,43.4661]},"properties":{}},{"type":"Feature","geometry":{"type":"Point","coordinates":[-3.467,43.4661]},"properties":{}},{"type":"Feature","geometry":{"type":"Point","coordinates":[-3.467,43.4661]},"properties":{}},{"type":"Feature","geometry":{"type":"Point","coordinates":[-3.4672,43.4661]},"properties":{}},{"type":"Feature","geometry":{"type":"Point","coordinates":[-3.4674,43.4661]},"properties":{}},{"type":"Feature","geometry":{"type":"Point","coordinates":[-3.4675,43.4661]},"properties":{}},{"type":"Feature","geometry":{"type":"Point","coordinates":[-3.4678,43.4662]},"properties":{}},{"type":"Feature","geometry":{"type":"Point","coordinates":[-3.4679,43.4662]},"properties":{}},{"type":"Feature","geometry":{"type":"Point","coordinates":[-3.4681,43.4662]},"properties":{}},{"type":"Feature","geometry":{"type":"Point","coordinates":[-3.4682,43.4662]},"properties":{}},{"type":"Feature","geometry":{"type":"Point","coordinates":[-3.4683,43.4662]},"properties":{}},{"type":"Feature","geometry":{"type":"Point","coordinates":[-3.4684,43.4662]},"properties":{}},{"type":"Feature","geometry":{"type":"Point","coordinates":[-3.4685,43.4662]},"properties":{}},{"type":"Feature","geometry":{"type":"Point","coordinates":[-3.4686,43.4662]},"properties":{}},{"type":"Feature","geometry":{"type":"Point","coordinates":[-3.4687,43.4662]},"properties":{}},{"type":"Feature","geometry":{"type":"Point","coordinates":[-3.4688,43.4663]},"properties":{}},{"type":"Feature","geometry":{"type":"Point","coordinates":[-3.4689,43.4663]},"properties":{}},{"type":"Feature","geometry":{"type":"Point","coordinates":[-3.469,43.4663]},"properties":{}},{"type":"Feature","geometry":{"type":"Point","coordinates":[-3.4691,43.4663]},"properties":{}},{"type":"Feature","geometry":{"type":"Point","coordinates":[-3.4692,43.4663]},"properties":{}},{"type":"Feature","geometry":{"type":"Point","coordinates":[-3.4692,43.4663]},"properties":{}},{"type":"Feature","geometry":{"type":"Point","coordinates":[-3.4694,43.4663]},"properties":{}},{"type":"Feature","geometry":{"type":"Point","coordinates":[-3.4703,43.4663]},"properties":{}},{"type":"Feature","geometry":{"type":"Point","coordinates":[-3.4705,43.4663]},"properties":{}},{"type":"Feature","geometry":{"type":"Point","coordinates":[-3.4708,43.4663]},"properties":{}},{"type":"Feature","geometry":{"type":"Point","coordinates":[-3.4709,43.4663]},"properties":{}},{"type":"Feature","geometry":{"type":"Point","coordinates":[-3.4711,43.4663]},"properties":{}},{"type":"Feature","geometry":{"type":"Point","coordinates":[-3.4711,43.4663]},"properties":{}},{"type":"Feature","geometry":{"type":"Point","coordinates":[-3.4712,43.4663]},"properties":{}},{"type":"Feature","geometry":{"type":"Point","coordinates":[-3.4713,43.4663]},"properties":{}},{"type":"Feature","geometry":{"type":"Point","coordinates":[-3.4716,43.4663]},"properties":{}},{"type":"Feature","geometry":{"type":"Point","coordinates":[-3.4722,43.4663]},"properties":{}},{"type":"Feature","geometry":{"type":"Point","coordinates":[-3.4727,43.4663]},"properties":{}},{"type":"Feature","geometry":{"type":"Point","coordinates":[-3.4728,43.4663]},"properties":{}},{"type":"Feature","geometry":{"type":"Point","coordinates":[-3.4732,43.4663]},"properties":{}},{"type":"Feature","geometry":{"type":"Point","coordinates":[-3.4735,43.4663]},"properties":{}},{"type":"Feature","geometry":{"type":"Point","coordinates":[-3.4736,43.4663]},"properties":{}},{"type":"Feature","geometry":{"type":"Point","coordinates":[-3.4737,43.4664]},"properties":{}},{"type":"Feature","geometry":{"type":"Point","coordinates":[-3.4738,43.4664]},"properties":{}},{"type":"Feature","geometry":{"type":"Point","coordinates":[-3.4739,43.4664]},"properties":{}},{"type":"Feature","geometry":{"type":"Point","coordinates":[-3.474,43.4664]},"properties":{}},{"type":"Feature","geometry":{"type":"Point","coordinates":[-3.4742,43.4664]},"properties":{}},{"type":"Feature","geometry":{"type":"Point","coordinates":[-3.4743,43.4665]},"properties":{}},{"type":"Feature","geometry":{"type":"Point","coordinates":[-3.4744,43.4665]},"properties":{}},{"type":"Feature","geometry":{"type":"Point","coordinates":[-3.4757,43.4689]},"properties":{}},{"type":"Feature","geometry":{"type":"Point","coordinates":[-3.4758,43.469]},"properties":{}},{"type":"Feature","geometry":{"type":"Point","coordinates":[-3.4758,43.4691]},"properties":{}},{"type":"Feature","geometry":{"type":"Point","coordinates":[-3.4759,43.4691]},"properties":{}},{"type":"Feature","geometry":{"type":"Point","coordinates":[-3.476,43.4692]},"properties":{}},{"type":"Feature","geometry":{"type":"Point","coordinates":[-3.4761,43.4693]},"properties":{}},{"type":"Feature","geometry":{"type":"Point","coordinates":[-3.4763,43.4694]},"properties":{}},{"type":"Feature","geometry":{"type":"Point","coordinates":[-3.4763,43.4695]},"properties":{}},{"type":"Feature","geometry":{"type":"Point","coordinates":[-3.4764,43.4695]},"properties":{}},{"type":"Feature","geometry":{"type":"Point","coordinates":[-3.4765,43.4695]},"properties":{}},{"type":"Feature","geometry":{"type":"Point","coordinates":[-3.4766,43.4695]},"properties":{}},{"type":"Feature","geometry":{"type":"Point","coordinates":[-3.4767,43.4696]},"properties":{}},{"type":"Feature","geometry":{"type":"Point","coordinates":[-3.4769,43.4696]},"properties":{}},{"type":"Feature","geometry":{"type":"Point","coordinates":[-3.477,43.4696]},"properties":{}},{"type":"Feature","geometry":{"type":"Point","coordinates":[-3.4772,43.4696]},"properties":{}},{"type":"Feature","geometry":{"type":"Point","coordinates":[-3.4773,43.4696]},"properties":{}},{"type":"Feature","geometry":{"type":"Point","coordinates":[-3.4774,43.4696]},"properties":{}},{"type":"Feature","geometry":{"type":"Point","coordinates":[-3.4745,43.4665]},"properties":{}},{"type":"Feature","geometry":{"type":"Point","coordinates":[-3.4746,43.4666]},"properties":{}},{"type":"Feature","geometry":{"type":"Point","coordinates":[-3.4747,43.4666]},"properties":{}},{"type":"Feature","geometry":{"type":"Point","coordinates":[-3.4748,43.4666]},"properties":{}},{"type":"Feature","geometry":{"type":"Point","coordinates":[-3.4748,43.4667]},"properties":{}},{"type":"Feature","geometry":{"type":"Point","coordinates":[-3.4749,43.4667]},"properties":{}},{"type":"Feature","geometry":{"type":"Point","coordinates":[-3.475,43.4667]},"properties":{}},{"type":"Feature","geometry":{"type":"Point","coordinates":[-3.4751,43.4668]},"properties":{}},{"type":"Feature","geometry":{"type":"Point","coordinates":[-3.4752,43.4668]},"properties":{}},{"type":"Feature","geometry":{"type":"Point","coordinates":[-3.4752,43.4669]},"properties":{}},{"type":"Feature","geometry":{"type":"Point","coordinates":[-3.4753,43.4669]},"properties":{}},{"type":"Feature","geometry":{"type":"Point","coordinates":[-3.4754,43.467]},"properties":{}},{"type":"Feature","geometry":{"type":"Point","coordinates":[-3.4755,43.4671]},"properties":{}},{"type":"Feature","geometry":{"type":"Point","coordinates":[-3.4755,43.4671]},"properties":{}},{"type":"Feature","geometry":{"type":"Point","coordinates":[-3.4756,43.4671]},"properties":{}},{"type":"Feature","geometry":{"type":"Point","coordinates":[-3.4756,43.4672]},"properties":{}},{"type":"Feature","geometry":{"type":"Point","coordinates":[-3.4756,43.4672]},"properties":{}},{"type":"Feature","geometry":{"type":"Point","coordinates":[-3.4756,43.4673]},"properties":{}},{"type":"Feature","geometry":{"type":"Point","coordinates":[-3.4756,43.4673]},"properties":{}},{"type":"Feature","geometry":{"type":"Point","coordinates":[-3.4755,43.4674]},"properties":{}},{"type":"Feature","geometry":{"type":"Point","coordinates":[-3.4755,43.4675]},"properties":{}},{"type":"Feature","geometry":{"type":"Point","coordinates":[-3.4755,43.4676]},"properties":{}},{"type":"Feature","geometry":{"type":"Point","coordinates":[-3.4754,43.4677]},"properties":{}},{"type":"Feature","geometry":{"type":"Point","coordinates":[-3.4755,43.4678]},"properties":{}},{"type":"Feature","geometry":{"type":"Point","coordinates":[-3.4755,43.4678]},"properties":{}},{"type":"Feature","geometry":{"type":"Point","coordinates":[-3.4754,43.4679]},"properties":{}},{"type":"Feature","geometry":{"type":"Point","coordinates":[-3.4754,43.4679]},"properties":{}},{"type":"Feature","geometry":{"type":"Point","coordinates":[-3.4754,43.468]},"properties":{}},{"type":"Feature","geometry":{"type":"Point","coordinates":[-3.4754,43.4681]},"properties":{}},{"type":"Feature","geometry":{"type":"Point","coordinates":[-3.4753,43.4682]},"properties":{}},{"type":"Feature","geometry":{"type":"Point","coordinates":[-3.4753,43.4683]},"properties":{}},{"type":"Feature","geometry":{"type":"Point","coordinates":[-3.4753,43.4683]},"properties":{}},{"type":"Feature","geometry":{"type":"Point","coordinates":[-3.4753,43.4683]},"properties":{}},{"type":"Feature","geometry":{"type":"Point","coordinates":[-3.4753,43.4684]},"properties":{}},{"type":"Feature","geometry":{"type":"Point","coordinates":[-3.4754,43.4685]},"properties":{}},{"type":"Feature","geometry":{"type":"Point","coordinates":[-3.4754,43.4685]},"properties":{}},{"type":"Feature","geometry":{"type":"Point","coordinates":[-3.4754,43.4686]},"properties":{}},{"type":"Feature","geometry":{"type":"Point","coordinates":[-3.4755,43.4687]},"properties":{}},{"type":"Feature","geometry":{"type":"Point","coordinates":[-3.4756,43.4688]},"properties":{}},{"type":"Feature","geometry":{"type":"Point","coordinates":[-3.4756,43.4689]},"properties":{}},{"type":"Feature","geometry":{"type":"Point","coordinates":[-4.7403,43.4164]},"properties":{}},{"type":"Feature","geometry":{"type":"Point","coordinates":[-4.7407,43.417]},"properties":{}},{"type":"Feature","geometry":{"type":"Point","coordinates":[-4.7418,43.4175]},"properties":{}},{"type":"Feature","geometry":{"type":"Point","coordinates":[-4.7419,43.418]},"properties":{}},{"type":"Feature","geometry":{"type":"Point","coordinates":[-4.7428,43.4181]},"properties":{}},{"type":"Feature","geometry":{"type":"Point","coordinates":[-4.7427,43.4175]},"properties":{}},{"type":"Feature","geometry":{"type":"Point","coordinates":[-4.7435,43.4169]},"properties":{}},{"type":"Feature","geometry":{"type":"Point","coordinates":[-4.7444,43.4171]},"properties":{}},{"type":"Feature","geometry":{"type":"Point","coordinates":[-4.7397,43.4156]},"properties":{}},{"type":"Feature","geometry":{"type":"Point","coordinates":[-4.7401,43.4152]},"properties":{}},{"type":"Feature","geometry":{"type":"Point","coordinates":[-4.7411,43.4156]},"properties":{}},{"type":"Feature","geometry":{"type":"Point","coordinates":[-3.8099,43.4215]},"properties":{}},{"type":"Feature","geometry":{"type":"Point","coordinates":[-3.8043,43.4248]},"properties":{}},{"type":"Feature","geometry":{"type":"Point","coordinates":[-3.804,43.4266]},"properties":{}},{"type":"Feature","geometry":{"type":"Point","coordinates":[-3.8044,43.4287]},"properties":{}},{"type":"Feature","geometry":{"type":"Point","coordinates":[-3.8058,43.4302]},"properties":{}},{"type":"Feature","geometry":{"type":"Point","coordinates":[-3.8081,43.4308]},"properties":{}},{"type":"Feature","geometry":{"type":"Point","coordinates":[-3.81,43.4304]},"properties":{}},{"type":"Feature","geometry":{"type":"Point","coordinates":[-3.8108,43.4295]},"properties":{}},{"type":"Feature","geometry":{"type":"Point","coordinates":[-3.8102,43.4295]},"properties":{}},{"type":"Feature","geometry":{"type":"Point","coordinates":[-3.8076,43.4294]},"properties":{}},{"type":"Feature","geometry":{"type":"Point","coordinates":[-3.8056,43.4277]},"properties":{}},{"type":"Feature","geometry":{"type":"Point","coordinates":[-3.8058,43.4277]},"properties":{}},{"type":"Feature","geometry":{"type":"Point","coordinates":[-3.8067,43.4268]},"properties":{}},{"type":"Feature","geometry":{"type":"Point","coordinates":[-3.8094,43.4276]},"properties":{}},{"type":"Feature","geometry":{"type":"Point","coordinates":[-3.811,43.428]},"properties":{}},{"type":"Feature","geometry":{"type":"Point","coordinates":[-3.8124,43.4281]},"properties":{}},{"type":"Feature","geometry":{"type":"Point","coordinates":[-3.8142,43.429]},"properties":{}},{"type":"Feature","geometry":{"type":"Point","coordinates":[-3.8142,43.4297]},"properties":{}},{"type":"Feature","geometry":{"type":"Point","coordinates":[-3.8122,43.4316]},"properties":{}},{"type":"Feature","geometry":{"type":"Point","coordinates":[-3.8117,43.4316]},"properties":{}},{"type":"Feature","geometry":{"type":"Point","coordinates":[-3.8124,43.4317]},"properties":{}},{"type":"Feature","geometry":{"type":"Point","coordinates":[-3.8283,43.4332]},"properties":{}},{"type":"Feature","geometry":{"type":"Point","coordinates":[-3.8307,43.4351]},"properties":{}},{"type":"Feature","geometry":{"type":"Point","coordinates":[-3.7907,43.4322]},"properties":{}},{"type":"Feature","geometry":{"type":"Point","coordinates":[-3.791,43.4321]},"properties":{}},{"type":"Feature","geometry":{"type":"Point","coordinates":[-3.7905,43.4309]},"properties":{}},{"type":"Feature","geometry":{"type":"Point","coordinates":[-3.79,43.4298]},"properties":{}},{"type":"Feature","geometry":{"type":"Point","coordinates":[-3.7877,43.4281]},"properties":{}},{"type":"Feature","geometry":{"type":"Point","coordinates":[-3.7847,43.4262]},"properties":{}},{"type":"Feature","geometry":{"type":"Point","coordinates":[-3.7797,43.4244]},"properties":{}},{"type":"Feature","geometry":{"type":"Point","coordinates":[-3.7789,43.4213]},"properties":{}},{"type":"Feature","geometry":{"type":"Point","coordinates":[-3.7815,43.4213]},"properties":{}},{"type":"Feature","geometry":{"type":"Point","coordinates":[-3.7823,43.4215]},"properties":{}},{"type":"Feature","geometry":{"type":"Point","coordinates":[-3.7867,43.4195]},"properties":{}},{"type":"Feature","geometry":{"type":"Point","coordinates":[-3.7875,43.4199]},"properties":{}},{"type":"Feature","geometry":{"type":"Point","coordinates":[-3.789,43.4193]},"properties":{}},{"type":"Feature","geometry":{"type":"Point","coordinates":[-3.7901,43.4188]},"properties":{}},{"type":"Feature","geometry":{"type":"Point","coordinates":[-3.7915,43.4183]},"properties":{}},{"type":"Feature","geometry":{"type":"Point","coordinates":[-3.7926,43.4196]},"properties":{}},{"type":"Feature","geometry":{"type":"Point","coordinates":[-3.7924,43.4179]},"properties":{}},{"type":"Feature","geometry":{"type":"Point","coordinates":[-3.7936,43.4177]},"properties":{}},{"type":"Feature","geometry":{"type":"Point","coordinates":[-3.7945,43.4169]},"properties":{}},{"type":"Feature","geometry":{"type":"Point","coordinates":[-3.7946,43.4162]},"properties":{}},{"type":"Feature","geometry":{"type":"Point","coordinates":[-3.7952,43.416]},"properties":{}},{"type":"Feature","geometry":{"type":"Point","coordinates":[-3.7971,43.415]},"properties":{}},{"type":"Feature","geometry":{"type":"Point","coordinates":[-3.7992,43.4142]},"properties":{}},{"type":"Feature","geometry":{"type":"Point","coordinates":[-3.7998,43.4148]},"properties":{}},{"type":"Feature","geometry":{"type":"Point","coordinates":[-3.8027,43.4151]},"properties":{}},{"type":"Feature","geometry":{"type":"Point","coordinates":[-3.8031,43.4156]},"properties":{}},{"type":"Feature","geometry":{"type":"Point","coordinates":[-3.8043,43.4163]},"properties":{}},{"type":"Feature","geometry":{"type":"Point","coordinates":[-3.8054,43.4168]},"properties":{}},{"type":"Feature","geometry":{"type":"Point","coordinates":[-3.8065,43.4172]},"properties":{}},{"type":"Feature","geometry":{"type":"Point","coordinates":[-3.6548,43.4922]},"properties":{}},{"type":"Feature","geometry":{"type":"Point","coordinates":[-3.6556,43.4916]},"properties":{}},{"type":"Feature","geometry":{"type":"Point","coordinates":[-3.6601,43.4905]},"properties":{}},{"type":"Feature","geometry":{"type":"Point","coordinates":[-3.6647,43.4888]},"properties":{}},{"type":"Feature","geometry":{"type":"Point","coordinates":[-3.6682,43.4867]},"properties":{}},{"type":"Feature","geometry":{"type":"Point","coordinates":[-3.6703,43.4859]},"properties":{}},{"type":"Feature","geometry":{"type":"Point","coordinates":[-3.6718,43.4855]},"properties":{}},{"type":"Feature","geometry":{"type":"Point","coordinates":[-3.6734,43.4853]},"properties":{}},{"type":"Feature","geometry":{"type":"Point","coordinates":[-3.7738,43.4482]},"properties":{}},{"type":"Feature","geometry":{"type":"Point","coordinates":[-3.7726,43.4486]},"properties":{}},{"type":"Feature","geometry":{"type":"Point","coordinates":[-3.7718,43.448]},"properties":{}},{"type":"Feature","geometry":{"type":"Point","coordinates":[-3.7714,43.4467]},"properties":{}},{"type":"Feature","geometry":{"type":"Point","coordinates":[-3.7711,43.4461]},"properties":{}},{"type":"Feature","geometry":{"type":"Point","coordinates":[-3.7709,43.4446]},"properties":{}},{"type":"Feature","geometry":{"type":"Point","coordinates":[-3.7722,43.4437]},"properties":{}},{"type":"Feature","geometry":{"type":"Point","coordinates":[-3.7725,43.443]},"properties":{}},{"type":"Feature","geometry":{"type":"Point","coordinates":[-3.7727,43.4422]},"properties":{}},{"type":"Feature","geometry":{"type":"Point","coordinates":[-3.7734,43.4398]},"properties":{}},{"type":"Feature","geometry":{"type":"Point","coordinates":[-3.7749,43.4387]},"properties":{}},{"type":"Feature","geometry":{"type":"Point","coordinates":[-3.7766,43.4376]},"properties":{}},{"type":"Feature","geometry":{"type":"Point","coordinates":[-3.7793,43.4347]},"properties":{}},{"type":"Feature","geometry":{"type":"Point","coordinates":[-3.7817,43.4329]},"properties":{}},{"type":"Feature","geometry":{"type":"Point","coordinates":[-3.7846,43.4317]},"properties":{}},{"type":"Feature","geometry":{"type":"Point","coordinates":[-3.7882,43.432]},"properties":{}},{"type":"Feature","geometry":{"type":"Point","coordinates":[-3.8076,43.3964]},"properties":{}},{"type":"Feature","geometry":{"type":"Point","coordinates":[-3.8041,43.3977]},"properties":{}},{"type":"Feature","geometry":{"type":"Point","coordinates":[-3.8015,43.4001]},"properties":{}},{"type":"Feature","geometry":{"type":"Point","coordinates":[-3.7995,43.4007]},"properties":{}},{"type":"Feature","geometry":{"type":"Point","coordinates":[-3.7973,43.4011]},"properties":{}},{"type":"Feature","geometry":{"type":"Point","coordinates":[-3.7959,43.4011]},"properties":{}},{"type":"Feature","geometry":{"type":"Point","coordinates":[-3.7944,43.4004]},"properties":{}},{"type":"Feature","geometry":{"type":"Point","coordinates":[-3.7931,43.4001]},"properties":{}},{"type":"Feature","geometry":{"type":"Point","coordinates":[-3.7898,43.4]},"properties":{}},{"type":"Feature","geometry":{"type":"Point","coordinates":[-3.7888,43.4001]},"properties":{}},{"type":"Feature","geometry":{"type":"Point","coordinates":[-5.3864,43.5346]},"properties":{}},{"type":"Feature","geometry":{"type":"Point","coordinates":[-4.8012,43.432]},"properties":{}},{"type":"Feature","geometry":{"type":"Point","coordinates":[-4.8037,43.4332]},"properties":{}},{"type":"Feature","geometry":{"type":"Point","coordinates":[-4.7889,43.4323]},"properties":{}},{"type":"Feature","geometry":{"type":"Point","coordinates":[-4.7924,43.4323]},"properties":{}},{"type":"Feature","geometry":{"type":"Point","coordinates":[-4.7921,43.4316]},"properties":{}},{"type":"Feature","geometry":{"type":"Point","coordinates":[-4.7923,43.4311]},"properties":{}},{"type":"Feature","geometry":{"type":"Point","coordinates":[-4.7936,43.4319]},"properties":{}},{"type":"Feature","geometry":{"type":"Point","coordinates":[-4.8146,43.4373]},"properties":{}},{"type":"Feature","geometry":{"type":"Point","coordinates":[-4.8132,43.439]},"properties":{}},{"type":"Feature","geometry":{"type":"Point","coordinates":[-4.8141,43.4395]},"properties":{}},{"type":"Feature","geometry":{"type":"Point","coordinates":[-4.8153,43.4398]},"properties":{}},{"type":"Feature","geometry":{"type":"Point","coordinates":[-4.8171,43.44]},"properties":{}},{"type":"Feature","geometry":{"type":"Point","coordinates":[-4.8166,43.4387]},"properties":{}},{"type":"Feature","geometry":{"type":"Point","coordinates":[-4.8073,43.4325]},"properties":{}},{"type":"Feature","geometry":{"type":"Point","coordinates":[-4.8106,43.4372]},"properties":{}},{"type":"Feature","geometry":{"type":"Point","coordinates":[-4.8088,43.4371]},"properties":{}},{"type":"Feature","geometry":{"type":"Point","coordinates":[-4.8085,43.4374]},"properties":{}},{"type":"Feature","geometry":{"type":"Point","coordinates":[-4.8082,43.4378]},"properties":{}},{"type":"Feature","geometry":{"type":"Point","coordinates":[-4.8083,43.4384]},"properties":{}},{"type":"Feature","geometry":{"type":"Point","coordinates":[-4.8089,43.4385]},"properties":{}},{"type":"Feature","geometry":{"type":"Point","coordinates":[-4.809,43.438]},"properties":{}},{"type":"Feature","geometry":{"type":"Point","coordinates":[-4.809,43.4376]},"properties":{}},{"type":"Feature","geometry":{"type":"Point","coordinates":[-4.8092,43.4375]},"properties":{}},{"type":"Feature","geometry":{"type":"Point","coordinates":[-4.81,43.4378]},"properties":{}},{"type":"Feature","geometry":{"type":"Point","coordinates":[-4.81,43.438]},"properties":{}},{"type":"Feature","geometry":{"type":"Point","coordinates":[-4.81,43.4382]},"properties":{}},{"type":"Feature","geometry":{"type":"Point","coordinates":[-4.81,43.4387]},"properties":{}},{"type":"Feature","geometry":{"type":"Point","coordinates":[-4.8103,43.4387]},"properties":{}},{"type":"Feature","geometry":{"type":"Point","coordinates":[-4.8107,43.4385]},"properties":{}},{"type":"Feature","geometry":{"type":"Point","coordinates":[-4.8111,43.4388]},"properties":{}},{"type":"Feature","geometry":{"type":"Point","coordinates":[-4.8112,43.4388]},"properties":{}},{"type":"Feature","geometry":{"type":"Point","coordinates":[-4.8111,43.4387]},"properties":{}},{"type":"Feature","geometry":{"type":"Point","coordinates":[-4.8114,43.4386]},"properties":{}},{"type":"Feature","geometry":{"type":"Point","coordinates":[-4.8115,43.4386]},"properties":{}},{"type":"Feature","geometry":{"type":"Point","coordinates":[-4.8113,43.4381]},"properties":{}},{"type":"Feature","geometry":{"type":"Point","coordinates":[-4.8112,43.4378]},"properties":{}},{"type":"Feature","geometry":{"type":"Point","coordinates":[-4.8115,43.438]},"properties":{}},{"type":"Feature","geometry":{"type":"Point","coordinates":[-4.8117,43.4378]},"properties":{}},{"type":"Feature","geometry":{"type":"Point","coordinates":[-4.8116,43.4376]},"properties":{}},{"type":"Feature","geometry":{"type":"Point","coordinates":[-4.8114,43.4374]},"properties":{}},{"type":"Feature","geometry":{"type":"Point","coordinates":[-4.8112,43.4372]},"properties":{}},{"type":"Feature","geometry":{"type":"Point","coordinates":[-4.8116,43.4368]},"properties":{}},{"type":"Feature","geometry":{"type":"Point","coordinates":[-4.8119,43.4368]},"properties":{}},{"type":"Feature","geometry":{"type":"Point","coordinates":[-4.7988,43.4323]},"properties":{}},{"type":"Feature","geometry":{"type":"Point","coordinates":[-4.7999,43.4324]},"properties":{}},{"type":"Feature","geometry":{"type":"Point","coordinates":[-4.8008,43.4323]},"properties":{}},{"type":"Feature","geometry":{"type":"Point","coordinates":[-4.801,43.4326]},"properties":{}},{"type":"Feature","geometry":{"type":"Point","coordinates":[-4.7962,43.4334]},"properties":{}},{"type":"Feature","geometry":{"type":"Point","coordinates":[-4.797,43.4344]},"properties":{}},{"type":"Feature","geometry":{"type":"Point","coordinates":[-4.7973,43.4339]},"properties":{}},{"type":"Feature","geometry":{"type":"Point","coordinates":[-4.7892,43.4342]},"properties":{}},{"type":"Feature","geometry":{"type":"Point","coordinates":[-4.7889,43.4342]},"properties":{}},{"type":"Feature","geometry":{"type":"Point","coordinates":[-4.7883,43.4343]},"properties":{}},{"type":"Feature","geometry":{"type":"Point","coordinates":[-4.7882,43.4344]},"properties":{}},{"type":"Feature","geometry":{"type":"Point","coordinates":[-4.7881,43.4346]},"properties":{}},{"type":"Feature","geometry":{"type":"Point","coordinates":[-4.7876,43.4347]},"properties":{}},{"type":"Feature","geometry":{"type":"Point","coordinates":[-4.7878,43.4351]},"properties":{}},{"type":"Feature","geometry":{"type":"Point","coordinates":[-4.7885,43.4356]},"properties":{}},{"type":"Feature","geometry":{"type":"Point","coordinates":[-4.7891,43.4355]},"properties":{}},{"type":"Feature","geometry":{"type":"Point","coordinates":[-4.7902,43.4353]},"properties":{}},{"type":"Feature","geometry":{"type":"Point","coordinates":[-4.7906,43.4352]},"properties":{}},{"type":"Feature","geometry":{"type":"Point","coordinates":[-4.7908,43.4353]},"properties":{}},{"type":"Feature","geometry":{"type":"Point","coordinates":[-4.7912,43.4354]},"properties":{}},{"type":"Feature","geometry":{"type":"Point","coordinates":[-4.7915,43.4352]},"properties":{}},{"type":"Feature","geometry":{"type":"Point","coordinates":[-4.7915,43.4347]},"properties":{}},{"type":"Feature","geometry":{"type":"Point","coordinates":[-4.7914,43.4342]},"properties":{}},{"type":"Feature","geometry":{"type":"Point","coordinates":[-4.7914,43.4339]},"properties":{}},{"type":"Feature","geometry":{"type":"Point","coordinates":[-4.7913,43.4337]},"properties":{}},{"type":"Feature","geometry":{"type":"Point","coordinates":[-4.5751,43.3931]},"properties":{}},{"type":"Feature","geometry":{"type":"Point","coordinates":[-4.5767,43.3936]},"properties":{}},{"type":"Feature","geometry":{"type":"Point","coordinates":[-4.5772,43.3942]},"properties":{}},{"type":"Feature","geometry":{"type":"Point","coordinates":[-4.5762,43.3948]},"properties":{}},{"type":"Feature","geometry":{"type":"Point","coordinates":[-4.5761,43.3952]},"properties":{}},{"type":"Feature","geometry":{"type":"Point","coordinates":[-4.576,43.3957]},"properties":{}},{"type":"Feature","geometry":{"type":"Point","coordinates":[-6.6448,43.5657]},"properties":{}},{"type":"Feature","geometry":{"type":"Point","coordinates":[-6.6457,43.5655]},"properties":{}},{"type":"Feature","geometry":{"type":"Point","coordinates":[-6.6451,43.5651]},"properties":{}},{"type":"Feature","geometry":{"type":"Point","coordinates":[-6.6448,43.5647]},"properties":{}},{"type":"Feature","geometry":{"type":"Point","coordinates":[-6.6454,43.5644]},"properties":{}},{"type":"Feature","geometry":{"type":"Point","coordinates":[-6.6457,43.5645]},"properties":{}},{"type":"Feature","geometry":{"type":"Point","coordinates":[-6.6456,43.5648]},"properties":{}},{"type":"Feature","geometry":{"type":"Point","coordinates":[-6.6454,43.5651]},"properties":{}},{"type":"Feature","geometry":{"type":"Point","coordinates":[-6.6462,43.5652]},"properties":{}},{"type":"Feature","geometry":{"type":"Point","coordinates":[-6.6454,43.5661]},"properties":{}},{"type":"Feature","geometry":{"type":"Point","coordinates":[-6.6462,43.566]},"properties":{}},{"type":"Feature","geometry":{"type":"Point","coordinates":[-6.6839,43.5597]},"properties":{}},{"type":"Feature","geometry":{"type":"Point","coordinates":[-6.6839,43.5589]},"properties":{}},{"type":"Feature","geometry":{"type":"Point","coordinates":[-6.6849,43.5585]},"properties":{}},{"type":"Feature","geometry":{"type":"Point","coordinates":[-6.686,43.5586]},"properties":{}},{"type":"Feature","geometry":{"type":"Point","coordinates":[-6.6864,43.5594]},"properties":{}},{"type":"Feature","geometry":{"type":"Point","coordinates":[-6.6878,43.5592]},"properties":{}},{"type":"Feature","geometry":{"type":"Point","coordinates":[-6.6884,43.5597]},"properties":{}},{"type":"Feature","geometry":{"type":"Point","coordinates":[-6.6893,43.5599]},"properties":{}},{"type":"Feature","geometry":{"type":"Point","coordinates":[-6.6897,43.5596]},"properties":{}},{"type":"Feature","geometry":{"type":"Point","coordinates":[-6.6907,43.5595]},"properties":{}},{"type":"Feature","geometry":{"type":"Point","coordinates":[-6.6917,43.5602]},"properties":{}},{"type":"Feature","geometry":{"type":"Point","coordinates":[-6.6907,43.5611]},"properties":{}},{"type":"Feature","geometry":{"type":"Point","coordinates":[-6.6909,43.5616]},"properties":{}},{"type":"Feature","geometry":{"type":"Point","coordinates":[-6.6909,43.5622]},"properties":{}},{"type":"Feature","geometry":{"type":"Point","coordinates":[-6.6912,43.5624]},"properties":{}},{"type":"Feature","geometry":{"type":"Point","coordinates":[-6.6914,43.5621]},"properties":{}},{"type":"Feature","geometry":{"type":"Point","coordinates":[-6.6918,43.5615]},"properties":{}},{"type":"Feature","geometry":{"type":"Point","coordinates":[-6.6923,43.5613]},"properties":{}},{"type":"Feature","geometry":{"type":"Point","coordinates":[-6.6929,43.5616]},"properties":{}},{"type":"Feature","geometry":{"type":"Point","coordinates":[-6.6935,43.5607]},"properties":{}},{"type":"Feature","geometry":{"type":"Point","coordinates":[-6.6957,43.561]},"properties":{}},{"type":"Feature","geometry":{"type":"Point","coordinates":[-6.6973,43.5603]},"properties":{}},{"type":"Feature","geometry":{"type":"Point","coordinates":[-6.6987,43.5601]},"properties":{}},{"type":"Feature","geometry":{"type":"Point","coordinates":[-6.6983,43.5612]},"properties":{}},{"type":"Feature","geometry":{"type":"Point","coordinates":[-6.698,43.5622]},"properties":{}},{"type":"Feature","geometry":{"type":"Point","coordinates":[-6.6987,43.5632]},"properties":{}},{"type":"Feature","geometry":{"type":"Point","coordinates":[-6.6998,43.5629]},"properties":{}},{"type":"Feature","geometry":{"type":"Point","coordinates":[-6.7014,43.5626]},"properties":{}},{"type":"Feature","geometry":{"type":"Point","coordinates":[-6.7023,43.5633]},"properties":{}},{"type":"Feature","geometry":{"type":"Point","coordinates":[-6.7032,43.5632]},"properties":{}},{"type":"Feature","geometry":{"type":"Point","coordinates":[-6.7045,43.5628]},"properties":{}},{"type":"Feature","geometry":{"type":"Point","coordinates":[-6.7064,43.5624]},"properties":{}},{"type":"Feature","geometry":{"type":"Point","coordinates":[-6.7085,43.5614]},"properties":{}},{"type":"Feature","geometry":{"type":"Point","coordinates":[-6.7087,43.5624]},"properties":{}},{"type":"Feature","geometry":{"type":"Point","coordinates":[-6.7102,43.5635]},"properties":{}},{"type":"Feature","geometry":{"type":"Point","coordinates":[-6.7116,43.5623]},"properties":{}},{"type":"Feature","geometry":{"type":"Point","coordinates":[-6.7128,43.5613]},"properties":{}},{"type":"Feature","geometry":{"type":"Point","coordinates":[-6.7144,43.5607]},"properties":{}},{"type":"Feature","geometry":{"type":"Point","coordinates":[-6.7153,43.56]},"properties":{}},{"type":"Feature","geometry":{"type":"Point","coordinates":[-6.7162,43.5587]},"properties":{}},{"type":"Feature","geometry":{"type":"Point","coordinates":[-6.7172,43.5582]},"properties":{}},{"type":"Feature","geometry":{"type":"Point","coordinates":[-6.719,43.558]},"properties":{}},{"type":"Feature","geometry":{"type":"Point","coordinates":[-6.7197,43.5575]},"properties":{}},{"type":"Feature","geometry":{"type":"Point","coordinates":[-6.6467,43.567]},"properties":{}},{"type":"Feature","geometry":{"type":"Point","coordinates":[-6.6469,43.5675]},"properties":{}},{"type":"Feature","geometry":{"type":"Point","coordinates":[-6.6469,43.5679]},"properties":{}},{"type":"Feature","geometry":{"type":"Point","coordinates":[-6.6492,43.5673]},"properties":{}},{"type":"Feature","geometry":{"type":"Point","coordinates":[-6.6524,43.5669]},"properties":{}},{"type":"Feature","geometry":{"type":"Point","coordinates":[-6.6535,43.5661]},"properties":{}},{"type":"Feature","geometry":{"type":"Point","coordinates":[-6.6563,43.5658]},"properties":{}},{"type":"Feature","geometry":{"type":"Point","coordinates":[-6.6567,43.567]},"properties":{}},{"type":"Feature","geometry":{"type":"Point","coordinates":[-6.658,43.5667]},"properties":{}},{"type":"Feature","geometry":{"type":"Point","coordinates":[-6.6588,43.5669]},"properties":{}},{"type":"Feature","geometry":{"type":"Point","coordinates":[-6.6606,43.5664]},"properties":{}},{"type":"Feature","geometry":{"type":"Point","coordinates":[-6.6621,43.5666]},"properties":{}},{"type":"Feature","geometry":{"type":"Point","coordinates":[-6.6631,43.5663]},"properties":{}},{"type":"Feature","geometry":{"type":"Point","coordinates":[-6.6633,43.5655]},"properties":{}},{"type":"Feature","geometry":{"type":"Point","coordinates":[-6.6648,43.5656]},"properties":{}},{"type":"Feature","geometry":{"type":"Point","coordinates":[-6.6652,43.5662]},"properties":{}},{"type":"Feature","geometry":{"type":"Point","coordinates":[-6.666,43.5657]},"properties":{}},{"type":"Feature","geometry":{"type":"Point","coordinates":[-6.6671,43.5644]},"properties":{}},{"type":"Feature","geometry":{"type":"Point","coordinates":[-6.668,43.5637]},"properties":{}},{"type":"Feature","geometry":{"type":"Point","coordinates":[-6.6681,43.5635]},"properties":{}},{"type":"Feature","geometry":{"type":"Point","coordinates":[-6.6694,43.5632]},"properties":{}},{"type":"Feature","geometry":{"type":"Point","coordinates":[-6.6701,43.5638]},"properties":{}},{"type":"Feature","geometry":{"type":"Point","coordinates":[-6.6708,43.563]},"properties":{}},{"type":"Feature","geometry":{"type":"Point","coordinates":[-6.6718,43.5624]},"properties":{}},{"type":"Feature","geometry":{"type":"Point","coordinates":[-6.7274,43.5572]},"properties":{}},{"type":"Feature","geometry":{"type":"Point","coordinates":[-6.728,43.558]},"properties":{}},{"type":"Feature","geometry":{"type":"Point","coordinates":[-6.7286,43.5588]},"properties":{}},{"type":"Feature","geometry":{"type":"Point","coordinates":[-6.7293,43.5598]},"properties":{}},{"type":"Feature","geometry":{"type":"Point","coordinates":[-6.7299,43.56]},"properties":{}},{"type":"Feature","geometry":{"type":"Point","coordinates":[-6.7314,43.5602]},"properties":{}},{"type":"Feature","geometry":{"type":"Point","coordinates":[-6.7323,43.5613]},"properties":{}},{"type":"Feature","geometry":{"type":"Point","coordinates":[-6.7327,43.5621]},"properties":{}},{"type":"Feature","geometry":{"type":"Point","coordinates":[-6.7328,43.5628]},"properties":{}},{"type":"Feature","geometry":{"type":"Point","coordinates":[-6.6173,43.5637]},"properties":{}},{"type":"Feature","geometry":{"type":"Point","coordinates":[-6.6163,43.5651]},"properties":{}},{"type":"Feature","geometry":{"type":"Point","coordinates":[-6.618,43.5657]},"properties":{}},{"type":"Feature","geometry":{"type":"Point","coordinates":[-6.621,43.5669]},"properties":{}},{"type":"Feature","geometry":{"type":"Point","coordinates":[-6.6224,43.5675]},"properties":{}},{"type":"Feature","geometry":{"type":"Point","coordinates":[-6.6218,43.5687]},"properties":{}},{"type":"Feature","geometry":{"type":"Point","coordinates":[-6.6217,43.5699]},"properties":{}},{"type":"Feature","geometry":{"type":"Point","coordinates":[-6.6232,43.5703]},"properties":{}},{"type":"Feature","geometry":{"type":"Point","coordinates":[-6.6241,43.5711]},"properties":{}},{"type":"Feature","geometry":{"type":"Point","coordinates":[-6.6253,43.5715]},"properties":{}},{"type":"Feature","geometry":{"type":"Point","coordinates":[-6.6261,43.5716]},"properties":{}},{"type":"Feature","geometry":{"type":"Point","coordinates":[-6.6278,43.5705]},"properties":{}},{"type":"Feature","geometry":{"type":"Point","coordinates":[-6.6277,43.5691]},"properties":{}},{"type":"Feature","geometry":{"type":"Point","coordinates":[-6.6299,43.569]},"properties":{}},{"type":"Feature","geometry":{"type":"Point","coordinates":[-6.6325,43.5699]},"properties":{}},{"type":"Feature","geometry":{"type":"Point","coordinates":[-6.632,43.5677]},"properties":{}},{"type":"Feature","geometry":{"type":"Point","coordinates":[-6.6338,43.5685]},"properties":{}},{"type":"Feature","geometry":{"type":"Point","coordinates":[-6.6361,43.5685]},"properties":{}},{"type":"Feature","geometry":{"type":"Point","coordinates":[-6.6385,43.5685]},"properties":{}},{"type":"Feature","geometry":{"type":"Point","coordinates":[-6.6419,43.5689]},"properties":{}},{"type":"Feature","geometry":{"type":"Point","coordinates":[-6.6435,43.5681]},"properties":{}},{"type":"Feature","geometry":{"type":"Point","coordinates":[-3.7684,43.4645]},"properties":{}},{"type":"Feature","geometry":{"type":"Point","coordinates":[-3.7684,43.4645]},"properties":{}},{"type":"Feature","geometry":{"type":"Point","coordinates":[-5.7908,43.6155]},"properties":{}},{"type":"Feature","geometry":{"type":"Point","coordinates":[-5.7892,43.6158]},"properties":{}},{"type":"Feature","geometry":{"type":"Point","coordinates":[-5.789,43.6155]},"properties":{}},{"type":"Feature","geometry":{"type":"Point","coordinates":[-5.7893,43.6152]},"properties":{}},{"type":"Feature","geometry":{"type":"Point","coordinates":[-5.7881,43.6159]},"properties":{}},{"type":"Feature","geometry":{"type":"Point","coordinates":[-5.7883,43.616]},"properties":{}},{"type":"Feature","geometry":{"type":"Point","coordinates":[-5.7874,43.6165]},"properties":{}},{"type":"Feature","geometry":{"type":"Point","coordinates":[-5.7871,43.6168]},"properties":{}},{"type":"Feature","geometry":{"type":"Point","coordinates":[-5.7864,43.6196]},"properties":{}},{"type":"Feature","geometry":{"type":"Point","coordinates":[-5.7861,43.6195]},"properties":{}},{"type":"Feature","geometry":{"type":"Point","coordinates":[-5.7855,43.6194]},"properties":{}},{"type":"Feature","geometry":{"type":"Point","coordinates":[-5.7832,43.6196]},"properties":{}},{"type":"Feature","geometry":{"type":"Point","coordinates":[-5.783,43.6192]},"properties":{}},{"type":"Feature","geometry":{"type":"Point","coordinates":[-5.7828,43.6194]},"properties":{}},{"type":"Feature","geometry":{"type":"Point","coordinates":[-5.7829,43.6199]},"properties":{}},{"type":"Feature","geometry":{"type":"Point","coordinates":[-5.7844,43.6199]},"properties":{}},{"type":"Feature","geometry":{"type":"Point","coordinates":[-5.7855,43.6211]},"properties":{}},{"type":"Feature","geometry":{"type":"Point","coordinates":[-5.7846,43.6214]},"properties":{}},{"type":"Feature","geometry":{"type":"Point","coordinates":[-5.7822,43.6224]},"properties":{}},{"type":"Feature","geometry":{"type":"Point","coordinates":[-5.7816,43.6201]},"properties":{}},{"type":"Feature","geometry":{"type":"Point","coordinates":[-5.7868,43.617]},"properties":{}},{"type":"Feature","geometry":{"type":"Point","coordinates":[-5.7871,43.6189]},"properties":{}},{"type":"Feature","geometry":{"type":"Point","coordinates":[-5.7867,43.6197]},"properties":{}},{"type":"Feature","geometry":{"type":"Point","coordinates":[-5.7621,43.5886]},"properties":{}},{"type":"Feature","geometry":{"type":"Point","coordinates":[-5.7621,43.5888]},"properties":{}},{"type":"Feature","geometry":{"type":"Point","coordinates":[-5.7627,43.5891]},"properties":{}},{"type":"Feature","geometry":{"type":"Point","coordinates":[-5.7604,43.5883]},"properties":{}},{"type":"Feature","geometry":{"type":"Point","coordinates":[-5.7587,43.5884]},"properties":{}},{"type":"Feature","geometry":{"type":"Point","coordinates":[-5.7628,43.5896]},"properties":{}},{"type":"Feature","geometry":{"type":"Point","coordinates":[-5.7622,43.5899]},"properties":{}},{"type":"Feature","geometry":{"type":"Point","coordinates":[-5.7623,43.5898]},"properties":{}},{"type":"Feature","geometry":{"type":"Point","coordinates":[-5.7623,43.5906]},"properties":{}},{"type":"Feature","geometry":{"type":"Point","coordinates":[-5.7616,43.5902]},"properties":{}},{"type":"Feature","geometry":{"type":"Point","coordinates":[-5.7619,43.5898]},"properties":{}},{"type":"Feature","geometry":{"type":"Point","coordinates":[-5.7608,43.5901]},"properties":{}},{"type":"Feature","geometry":{"type":"Point","coordinates":[-5.7594,43.59]},"properties":{}},{"type":"Feature","geometry":{"type":"Point","coordinates":[-3.8132,43.4025]},"properties":{}},{"type":"Feature","geometry":{"type":"Point","coordinates":[-3.8117,43.4005]},"properties":{}},{"type":"Feature","geometry":{"type":"Point","coordinates":[-3.8116,43.4001]},"properties":{}},{"type":"Feature","geometry":{"type":"Point","coordinates":[-3.8101,43.3977]},"properties":{}},{"type":"Feature","geometry":{"type":"Point","coordinates":[-3.8076,43.3964]},"properties":{}},{"type":"Feature","geometry":{"type":"Point","coordinates":[-3.8085,43.3947]},"properties":{}},{"type":"Feature","geometry":{"type":"Point","coordinates":[-3.8161,43.4034]},"properties":{}},{"type":"Feature","geometry":{"type":"Point","coordinates":[-3.8165,43.404]},"properties":{}},{"type":"Feature","geometry":{"type":"Point","coordinates":[-3.8167,43.404]},"properties":{}},{"type":"Feature","geometry":{"type":"Point","coordinates":[-3.8169,43.404]},"properties":{}},{"type":"Feature","geometry":{"type":"Point","coordinates":[-3.8168,43.4043]},"properties":{}},{"type":"Feature","geometry":{"type":"Point","coordinates":[-3.8167,43.4044]},"properties":{}},{"type":"Feature","geometry":{"type":"Point","coordinates":[-3.8169,43.4048]},"properties":{}},{"type":"Feature","geometry":{"type":"Point","coordinates":[-3.817,43.4049]},"properties":{}},{"type":"Feature","geometry":{"type":"Point","coordinates":[-3.8166,43.4054]},"properties":{}},{"type":"Feature","geometry":{"type":"Point","coordinates":[-3.8182,43.4053]},"properties":{}},{"type":"Feature","geometry":{"type":"Point","coordinates":[-3.8176,43.4058]},"properties":{}},{"type":"Feature","geometry":{"type":"Point","coordinates":[-3.8168,43.4058]},"properties":{}},{"type":"Feature","geometry":{"type":"Point","coordinates":[-3.8168,43.4059]},"properties":{}},{"type":"Feature","geometry":{"type":"Point","coordinates":[-3.8169,43.4061]},"properties":{}},{"type":"Feature","geometry":{"type":"Point","coordinates":[-3.8176,43.4059]},"properties":{}},{"type":"Feature","geometry":{"type":"Point","coordinates":[-3.8174,43.4075]},"properties":{}},{"type":"Feature","geometry":{"type":"Point","coordinates":[-3.8189,43.4063]},"properties":{}},{"type":"Feature","geometry":{"type":"Point","coordinates":[-3.8192,43.4069]},"properties":{}},{"type":"Feature","geometry":{"type":"Point","coordinates":[-3.8069,43.4171]},"properties":{}},{"type":"Feature","geometry":{"type":"Point","coordinates":[-3.8076,43.4158]},"properties":{}},{"type":"Feature","geometry":{"type":"Point","coordinates":[-3.8074,43.4156]},"properties":{}},{"type":"Feature","geometry":{"type":"Point","coordinates":[-3.8066,43.4147]},"properties":{}},{"type":"Feature","geometry":{"type":"Point","coordinates":[-3.8051,43.4139]},"properties":{}},{"type":"Feature","geometry":{"type":"Point","coordinates":[-3.8044,43.4133]},"properties":{}},{"type":"Feature","geometry":{"type":"Point","coordinates":[-3.8062,43.4129]},"properties":{}},{"type":"Feature","geometry":{"type":"Point","coordinates":[-3.8067,43.4127]},"properties":{}},{"type":"Feature","geometry":{"type":"Point","coordinates":[-3.808,43.4115]},"properties":{}},{"type":"Feature","geometry":{"type":"Point","coordinates":[-3.8088,43.4098]},"properties":{}},{"type":"Feature","geometry":{"type":"Point","coordinates":[-3.8089,43.4087]},"properties":{}},{"type":"Feature","geometry":{"type":"Point","coordinates":[-3.8091,43.408]},"properties":{}},{"type":"Feature","geometry":{"type":"Point","coordinates":[-3.8104,43.4068]},"properties":{}},{"type":"Feature","geometry":{"type":"Point","coordinates":[-3.8122,43.4052]},"properties":{}},{"type":"Feature","geometry":{"type":"Point","coordinates":[-3.8133,43.4046]},"properties":{}},{"type":"Feature","geometry":{"type":"Point","coordinates":[-3.8135,43.4044]},"properties":{}},{"type":"Feature","geometry":{"type":"Point","coordinates":[-3.8138,43.4042]},"properties":{}},{"type":"Feature","geometry":{"type":"Point","coordinates":[-3.8135,43.4035]},"properties":{}},{"type":"Feature","geometry":{"type":"Point","coordinates":[-3.8135,43.4033]},"properties":{}},{"type":"Feature","geometry":{"type":"Point","coordinates":[-3.8132,43.4025]},"properties":{}},{"type":"Feature","geometry":{"type":"Point","coordinates":[-6.1491,43.5654]},"properties":{}},{"type":"Feature","geometry":{"type":"Point","coordinates":[-5.2218,43.4808]},"properties":{}},{"type":"Feature","geometry":{"type":"Point","coordinates":[-5.2227,43.4806]},"properties":{}},{"type":"Feature","geometry":{"type":"Point","coordinates":[-5.2217,43.4801]},"properties":{}},{"type":"Feature","geometry":{"type":"Point","coordinates":[-5.2218,43.4808]},"properties":{}},{"type":"Feature","geometry":{"type":"Point","coordinates":[-3.3361,43.4145]},"properties":{}},{"type":"Feature","geometry":{"type":"Point","coordinates":[-3.3355,43.413]},"properties":{}},{"type":"Feature","geometry":{"type":"Point","coordinates":[-6.2981,43.5702]},"properties":{}},{"type":"Feature","geometry":{"type":"Point","coordinates":[-6.298,43.5705]},"properties":{}},{"type":"Feature","geometry":{"type":"Point","coordinates":[-6.9455,43.574]},"properties":{}},{"type":"Feature","geometry":{"type":"Point","coordinates":[-6.9452,43.5748]},"properties":{}},{"type":"Feature","geometry":{"type":"Point","coordinates":[-6.9455,43.5749]},"properties":{}},{"type":"Feature","geometry":{"type":"Point","coordinates":[-6.9457,43.575]},"properties":{}},{"type":"Feature","geometry":{"type":"Point","coordinates":[-6.9463,43.5747]},"properties":{}},{"type":"Feature","geometry":{"type":"Point","coordinates":[-6.9466,43.5747]},"properties":{}},{"type":"Feature","geometry":{"type":"Point","coordinates":[-6.9466,43.5743]},"properties":{}},{"type":"Feature","geometry":{"type":"Point","coordinates":[-6.9469,43.5738]},"properties":{}},{"type":"Feature","geometry":{"type":"Point","coordinates":[-6.9478,43.5733]},"properties":{}},{"type":"Feature","geometry":{"type":"Point","coordinates":[-6.9462,43.5738]},"properties":{}},{"type":"Feature","geometry":{"type":"Point","coordinates":[-6.9456,43.574]},"properties":{}},{"type":"Feature","geometry":{"type":"Point","coordinates":[-3.7936,43.4184]},"properties":{}},{"type":"Feature","geometry":{"type":"Point","coordinates":[-3.7936,43.418]},"properties":{}},{"type":"Feature","geometry":{"type":"Point","coordinates":[-3.7933,43.4183]},"properties":{}},{"type":"Feature","geometry":{"type":"Point","coordinates":[-3.7936,43.4184]},"properties":{}},{"type":"Feature","geometry":{"type":"Point","coordinates":[-3.7948,43.4175]},"properties":{}},{"type":"Feature","geometry":{"type":"Point","coordinates":[-3.7942,43.4174]},"properties":{}},{"type":"Feature","geometry":{"type":"Point","coordinates":[-3.7944,43.4177]},"properties":{}},{"type":"Feature","geometry":{"type":"Point","coordinates":[-6.0958,43.5606]},"properties":{}},{"type":"Feature","geometry":{"type":"Point","coordinates":[-6.0963,43.5601]},"properties":{}},{"type":"Feature","geometry":{"type":"Point","coordinates":[-6.0961,43.56]},"properties":{}},{"type":"Feature","geometry":{"type":"Point","coordinates":[-6.0963,43.56]},"properties":{}},{"type":"Feature","geometry":{"type":"Point","coordinates":[-6.0962,43.5599]},"properties":{}},{"type":"Feature","geometry":{"type":"Point","coordinates":[-6.0959,43.56]},"properties":{}},{"type":"Feature","geometry":{"type":"Point","coordinates":[-6.0957,43.5602]},"properties":{}},{"type":"Feature","geometry":{"type":"Point","coordinates":[-6.0957,43.5601]},"properties":{}},{"type":"Feature","geometry":{"type":"Point","coordinates":[-6.0956,43.56]},"properties":{}},{"type":"Feature","geometry":{"type":"Point","coordinates":[-6.0956,43.5603]},"properties":{}},{"type":"Feature","geometry":{"type":"Point","coordinates":[-6.0958,43.5606]},"properties":{}},{"type":"Feature","geometry":{"type":"Point","coordinates":[-6.1069,43.5632]},"properties":{}},{"type":"Feature","geometry":{"type":"Point","coordinates":[-6.1071,43.5633]},"properties":{}},{"type":"Feature","geometry":{"type":"Point","coordinates":[-6.5197,43.5497]},"properties":{}},{"type":"Feature","geometry":{"type":"Point","coordinates":[-6.5195,43.5499]},"properties":{}},{"type":"Feature","geometry":{"type":"Point","coordinates":[-5.6982,43.5754]},"properties":{}},{"type":"Feature","geometry":{"type":"Point","coordinates":[-5.6983,43.5752]},"properties":{}},{"type":"Feature","geometry":{"type":"Point","coordinates":[-5.6979,43.5754]},"properties":{}},{"type":"Feature","geometry":{"type":"Point","coordinates":[-5.6982,43.5754]},"properties":{}},{"type":"Feature","geometry":{"type":"Point","coordinates":[-5.7816,43.612]},"properties":{}},{"type":"Feature","geometry":{"type":"Point","coordinates":[-5.7815,43.6118]},"properties":{}},{"type":"Feature","geometry":{"type":"Point","coordinates":[-5.7814,43.611]},"properties":{}},{"type":"Feature","geometry":{"type":"Point","coordinates":[-5.6746,43.5433]},"properties":{}},{"type":"Feature","geometry":{"type":"Point","coordinates":[-5.6768,43.5449]},"properties":{}},{"type":"Feature","geometry":{"type":"Point","coordinates":[-5.6788,43.5419]},"properties":{}},{"type":"Feature","geometry":{"type":"Point","coordinates":[-5.6768,43.545]},"properties":{}},{"type":"Feature","geometry":{"type":"Point","coordinates":[-5.6754,43.5452]},"properties":{}},{"type":"Feature","geometry":{"type":"Point","coordinates":[-5.6761,43.5453]},"properties":{}},{"type":"Feature","geometry":{"type":"Point","coordinates":[-5.6772,43.545]},"properties":{}},{"type":"Feature","geometry":{"type":"Point","coordinates":[-5.6787,43.5445]},"properties":{}},{"type":"Feature","geometry":{"type":"Point","coordinates":[-5.6774,43.5437]},"properties":{}},{"type":"Feature","geometry":{"type":"Point","coordinates":[-5.6771,43.5434]},"properties":{}},{"type":"Feature","geometry":{"type":"Point","coordinates":[-5.6769,43.5434]},"properties":{}},{"type":"Feature","geometry":{"type":"Point","coordinates":[-5.6775,43.5432]},"properties":{}},{"type":"Feature","geometry":{"type":"Point","coordinates":[-5.6776,43.5429]},"properties":{}},{"type":"Feature","geometry":{"type":"Point","coordinates":[-5.6781,43.542]},"properties":{}},{"type":"Feature","geometry":{"type":"Point","coordinates":[-5.6788,43.5419]},"properties":{}},{"type":"Feature","geometry":{"type":"Point","coordinates":[-5.67,43.5439]},"properties":{}},{"type":"Feature","geometry":{"type":"Point","coordinates":[-5.6725,43.5429]},"properties":{}},{"type":"Feature","geometry":{"type":"Point","coordinates":[-6.9895,43.5585]},"properties":{}},{"type":"Feature","geometry":{"type":"Point","coordinates":[-6.9886,43.5579]},"properties":{}},{"type":"Feature","geometry":{"type":"Point","coordinates":[-6.9865,43.5588]},"properties":{}},{"type":"Feature","geometry":{"type":"Point","coordinates":[-6.9878,43.5592]},"properties":{}},{"type":"Feature","geometry":{"type":"Point","coordinates":[-6.9885,43.5589]},"properties":{}},{"type":"Feature","geometry":{"type":"Point","coordinates":[-6.9871,43.5597]},"properties":{}},{"type":"Feature","geometry":{"type":"Point","coordinates":[-6.9861,43.5598]},"properties":{}},{"type":"Feature","geometry":{"type":"Point","coordinates":[-6.9862,43.5604]},"properties":{}},{"type":"Feature","geometry":{"type":"Point","coordinates":[-6.9851,43.5616]},"properties":{}},{"type":"Feature","geometry":{"type":"Point","coordinates":[-6.9865,43.5611]},"properties":{}},{"type":"Feature","geometry":{"type":"Point","coordinates":[-6.9868,43.5607]},"properties":{}},{"type":"Feature","geometry":{"type":"Point","coordinates":[-6.986,43.5617]},"properties":{}},{"type":"Feature","geometry":{"type":"Point","coordinates":[-6.986,43.5617]},"properties":{}},{"type":"Feature","geometry":{"type":"Point","coordinates":[-6.9492,43.57]},"properties":{}},{"type":"Feature","geometry":{"type":"Point","coordinates":[-6.9495,43.5702]},"properties":{}},{"type":"Feature","geometry":{"type":"Point","coordinates":[-6.9497,43.5702]},"properties":{}},{"type":"Feature","geometry":{"type":"Point","coordinates":[-6.95,43.5706]},"properties":{}},{"type":"Feature","geometry":{"type":"Point","coordinates":[-6.9504,43.5705]},"properties":{}},{"type":"Feature","geometry":{"type":"Point","coordinates":[-6.9503,43.5704]},"properties":{}},{"type":"Feature","geometry":{"type":"Point","coordinates":[-6.95,43.5701]},"properties":{}},{"type":"Feature","geometry":{"type":"Point","coordinates":[-6.9498,43.5698]},"properties":{}},{"type":"Feature","geometry":{"type":"Point","coordinates":[-6.9496,43.5699]},"properties":{}},{"type":"Feature","geometry":{"type":"Point","coordinates":[-6.9493,43.5698]},"properties":{}},{"type":"Feature","geometry":{"type":"Point","coordinates":[-6.9421,43.5728]},"properties":{}},{"type":"Feature","geometry":{"type":"Point","coordinates":[-6.9415,43.5727]},"properties":{}},{"type":"Feature","geometry":{"type":"Point","coordinates":[-6.9416,43.5731]},"properties":{}},{"type":"Feature","geometry":{"type":"Point","coordinates":[-6.942,43.5728]},"properties":{}},{"type":"Feature","geometry":{"type":"Point","coordinates":[-6.9357,43.572]},"properties":{}},{"type":"Feature","geometry":{"type":"Point","coordinates":[-6.9353,43.5719]},"properties":{}},{"type":"Feature","geometry":{"type":"Point","coordinates":[-6.9371,43.5715]},"properties":{}},{"type":"Feature","geometry":{"type":"Point","coordinates":[-6.9367,43.5713]},"properties":{}},{"type":"Feature","geometry":{"type":"Point","coordinates":[-6.937,43.5713]},"properties":{}},{"type":"Feature","geometry":{"type":"Point","coordinates":[-6.9328,43.5717]},"properties":{}},{"type":"Feature","geometry":{"type":"Point","coordinates":[-6.9327,43.5711]},"properties":{}},{"type":"Feature","geometry":{"type":"Point","coordinates":[-6.932,43.5714]},"properties":{}},{"type":"Feature","geometry":{"type":"Point","coordinates":[-6.9328,43.5717]},"properties":{}},{"type":"Feature","geometry":{"type":"Point","coordinates":[-6.9329,43.5705]},"properties":{}},{"type":"Feature","geometry":{"type":"Point","coordinates":[-7.0334,43.4995]},"properties":{}},{"type":"Feature","geometry":{"type":"Point","coordinates":[-7.0332,43.4974]},"properties":{}},{"type":"Feature","geometry":{"type":"Point","coordinates":[-7.0337,43.4958]},"properties":{}},{"type":"Feature","geometry":{"type":"Point","coordinates":[-7.0388,43.4949]},"properties":{}},{"type":"Feature","geometry":{"type":"Point","coordinates":[-7.0422,43.4937]},"properties":{}},{"type":"Feature","geometry":{"type":"Point","coordinates":[-7.0433,43.4907]},"properties":{}},{"type":"Feature","geometry":{"type":"Point","coordinates":[-7.0461,43.4889]},"properties":{}},{"type":"Feature","geometry":{"type":"Point","coordinates":[-7.0469,43.4834]},"properties":{}},{"type":"Feature","geometry":{"type":"Point","coordinates":[-7.0457,43.4814]},"properties":{}},{"type":"Feature","geometry":{"type":"Point","coordinates":[-7.0459,43.4782]},"properties":{}},{"type":"Feature","geometry":{"type":"Point","coordinates":[-7.0478,43.4758]},"properties":{}},{"type":"Feature","geometry":{"type":"Point","coordinates":[-7.0505,43.4745]},"properties":{}},{"type":"Feature","geometry":{"type":"Point","coordinates":[-7.0523,43.4723]},"properties":{}},{"type":"Feature","geometry":{"type":"Point","coordinates":[-3.7275,43.4746]},"properties":{}},{"type":"Feature","geometry":{"type":"Point","coordinates":[-3.7276,43.4744]},"properties":{}},{"type":"Feature","geometry":{"type":"Point","coordinates":[-3.7275,43.4743]},"properties":{}},{"type":"Feature","geometry":{"type":"Point","coordinates":[-3.7275,43.4747]},"properties":{}},{"type":"Feature","geometry":{"type":"Point","coordinates":[-3.7283,43.4714]},"properties":{}},{"type":"Feature","geometry":{"type":"Point","coordinates":[-3.7284,43.4714]},"properties":{}},{"type":"Feature","geometry":{"type":"Point","coordinates":[-3.7284,43.4717]},"properties":{}},{"type":"Feature","geometry":{"type":"Point","coordinates":[-3.7284,43.4716]},"properties":{}},{"type":"Feature","geometry":{"type":"Point","coordinates":[-3.7285,43.4716]},"properties":{}},{"type":"Feature","geometry":{"type":"Point","coordinates":[-3.7283,43.4717]},"properties":{}},{"type":"Feature","geometry":{"type":"Point","coordinates":[-3.7282,43.4718]},"properties":{}},{"type":"Feature","geometry":{"type":"Point","coordinates":[-3.7311,43.4703]},"properties":{}},{"type":"Feature","geometry":{"type":"Point","coordinates":[-3.7311,43.4702]},"properties":{}},{"type":"Feature","geometry":{"type":"Point","coordinates":[-3.7311,43.4703]},"properties":{}},{"type":"Feature","geometry":{"type":"Point","coordinates":[-3.7315,43.4715]},"properties":{}},{"type":"Feature","geometry":{"type":"Point","coordinates":[-3.7316,43.4715]},"properties":{}},{"type":"Feature","geometry":{"type":"Point","coordinates":[-3.7316,43.4716]},"properties":{}},{"type":"Feature","geometry":{"type":"Point","coordinates":[-3.7315,43.4716]},"properties":{}},{"type":"Feature","geometry":{"type":"Point","coordinates":[-3.7315,43.4716]},"properties":{}},{"type":"Feature","geometry":{"type":"Point","coordinates":[-3.7316,43.4716]},"properties":{}},{"type":"Feature","geometry":{"type":"Point","coordinates":[-3.7316,43.4715]},"properties":{}},{"type":"Feature","geometry":{"type":"Point","coordinates":[-3.7316,43.4716]},"properties":{}},{"type":"Feature","geometry":{"type":"Point","coordinates":[-3.7318,43.4722]},"properties":{}},{"type":"Feature","geometry":{"type":"Point","coordinates":[-3.7317,43.4719]},"properties":{}},{"type":"Feature","geometry":{"type":"Point","coordinates":[-3.7317,43.4719]},"properties":{}},{"type":"Feature","geometry":{"type":"Point","coordinates":[-3.7284,43.4761]},"properties":{}},{"type":"Feature","geometry":{"type":"Point","coordinates":[-3.7284,43.4762]},"properties":{}},{"type":"Feature","geometry":{"type":"Point","coordinates":[-3.7299,43.4765]},"properties":{}},{"type":"Feature","geometry":{"type":"Point","coordinates":[-3.7286,43.4764]},"properties":{}},{"type":"Feature","geometry":{"type":"Point","coordinates":[-3.7286,43.4764]},"properties":{}},{"type":"Feature","geometry":{"type":"Point","coordinates":[-3.7287,43.4764]},"properties":{}},{"type":"Feature","geometry":{"type":"Point","coordinates":[-3.7287,43.4764]},"properties":{}},{"type":"Feature","geometry":{"type":"Point","coordinates":[-3.7288,43.4763]},"properties":{}},{"type":"Feature","geometry":{"type":"Point","coordinates":[-3.7287,43.4763]},"properties":{}},{"type":"Feature","geometry":{"type":"Point","coordinates":[-3.7286,43.4763]},"properties":{}},{"type":"Feature","geometry":{"type":"Point","coordinates":[-3.7286,43.4763]},"properties":{}},{"type":"Feature","geometry":{"type":"Point","coordinates":[-3.7285,43.4764]},"properties":{}},{"type":"Feature","geometry":{"type":"Point","coordinates":[-3.7285,43.4764]},"properties":{}},{"type":"Feature","geometry":{"type":"Point","coordinates":[-3.7286,43.4764]},"properties":{}},{"type":"Feature","geometry":{"type":"Point","coordinates":[-3.7316,43.4743]},"properties":{}},{"type":"Feature","geometry":{"type":"Point","coordinates":[-3.7316,43.4742]},"properties":{}},{"type":"Feature","geometry":{"type":"Point","coordinates":[-3.7316,43.4743]},"properties":{}},{"type":"Feature","geometry":{"type":"Point","coordinates":[-3.7316,43.4743]},"properties":{}},{"type":"Feature","geometry":{"type":"Point","coordinates":[-5.6177,43.5589]},"properties":{}},{"type":"Feature","geometry":{"type":"Point","coordinates":[-5.6177,43.5582]},"properties":{}},{"type":"Feature","geometry":{"type":"Point","coordinates":[-5.6167,43.5575]},"properties":{}},{"type":"Feature","geometry":{"type":"Point","coordinates":[-5.6166,43.5584]},"properties":{}},{"type":"Feature","geometry":{"type":"Point","coordinates":[-5.6173,43.5585]},"properties":{}},{"type":"Feature","geometry":{"type":"Point","coordinates":[-5.6175,43.5589]},"properties":{}},{"type":"Feature","geometry":{"type":"Point","coordinates":[-5.6177,43.5589]},"properties":{}},{"type":"Feature","geometry":{"type":"Point","coordinates":[-3.9143,43.4763]},"properties":{}},{"type":"Feature","geometry":{"type":"Point","coordinates":[-3.9177,43.4769]},"properties":{}},{"type":"Feature","geometry":{"type":"Point","coordinates":[-3.9177,43.4769]},"properties":{}},{"type":"Feature","geometry":{"type":"Point","coordinates":[-3.9194,43.474]},"properties":{}},{"type":"Feature","geometry":{"type":"Point","coordinates":[-3.9202,43.4738]},"properties":{}},{"type":"Feature","geometry":{"type":"Point","coordinates":[-3.9201,43.4736]},"properties":{}},{"type":"Feature","geometry":{"type":"Point","coordinates":[-3.92,43.4738]},"properties":{}},{"type":"Feature","geometry":{"type":"Point","coordinates":[-3.9394,43.4723]},"properties":{}},{"type":"Feature","geometry":{"type":"Point","coordinates":[-3.9394,43.4723]},"properties":{}},{"type":"Feature","geometry":{"type":"Point","coordinates":[-3.9387,43.4714]},"properties":{}},{"type":"Feature","geometry":{"type":"Point","coordinates":[-3.9432,43.4702]},"properties":{}},{"type":"Feature","geometry":{"type":"Point","coordinates":[-3.9435,43.4706]},"properties":{}},{"type":"Feature","geometry":{"type":"Point","coordinates":[-3.944,43.4708]},"properties":{}},{"type":"Feature","geometry":{"type":"Point","coordinates":[-3.9445,43.4709]},"properties":{}},{"type":"Feature","geometry":{"type":"Point","coordinates":[-3.9446,43.4712]},"properties":{}},{"type":"Feature","geometry":{"type":"Point","coordinates":[-3.9452,43.4712]},"properties":{}},{"type":"Feature","geometry":{"type":"Point","coordinates":[-3.9455,43.4709]},"properties":{}},{"type":"Feature","geometry":{"type":"Point","coordinates":[-3.9449,43.4708]},"properties":{}},{"type":"Feature","geometry":{"type":"Point","coordinates":[-3.9449,43.4705]},"properties":{}},{"type":"Feature","geometry":{"type":"Point","coordinates":[-3.9447,43.4702]},"properties":{}},{"type":"Feature","geometry":{"type":"Point","coordinates":[-3.9452,43.4704]},"properties":{}},{"type":"Feature","geometry":{"type":"Point","coordinates":[-3.9457,43.4704]},"properties":{}},{"type":"Feature","geometry":{"type":"Point","coordinates":[-3.946,43.47]},"properties":{}},{"type":"Feature","geometry":{"type":"Point","coordinates":[-3.9463,43.4699]},"properties":{}},{"type":"Feature","geometry":{"type":"Point","coordinates":[-3.9467,43.4699]},"properties":{}},{"type":"Feature","geometry":{"type":"Point","coordinates":[-3.9467,43.4696]},"properties":{}},{"type":"Feature","geometry":{"type":"Point","coordinates":[-3.9468,43.4695]},"properties":{}},{"type":"Feature","geometry":{"type":"Point","coordinates":[-3.9473,43.4697]},"properties":{}},{"type":"Feature","geometry":{"type":"Point","coordinates":[-3.9478,43.4695]},"properties":{}},{"type":"Feature","geometry":{"type":"Point","coordinates":[-3.948,43.4693]},"properties":{}},{"type":"Feature","geometry":{"type":"Point","coordinates":[-3.9482,43.4691]},"properties":{}},{"type":"Feature","geometry":{"type":"Point","coordinates":[-3.9481,43.4686]},"properties":{}},{"type":"Feature","geometry":{"type":"Point","coordinates":[-3.9478,43.4687]},"properties":{}},{"type":"Feature","geometry":{"type":"Point","coordinates":[-3.9473,43.4687]},"properties":{}},{"type":"Feature","geometry":{"type":"Point","coordinates":[-3.9467,43.469]},"properties":{}},{"type":"Feature","geometry":{"type":"Point","coordinates":[-3.9462,43.4693]},"properties":{}},{"type":"Feature","geometry":{"type":"Point","coordinates":[-3.9459,43.4693]},"properties":{}},{"type":"Feature","geometry":{"type":"Point","coordinates":[-3.9454,43.4694]},"properties":{}},{"type":"Feature","geometry":{"type":"Point","coordinates":[-3.9451,43.4689]},"properties":{}},{"type":"Feature","geometry":{"type":"Point","coordinates":[-3.9432,43.4708]},"properties":{}},{"type":"Feature","geometry":{"type":"Point","coordinates":[-3.9427,43.4709]},"properties":{}},{"type":"Feature","geometry":{"type":"Point","coordinates":[-3.8911,43.4738]},"properties":{}},{"type":"Feature","geometry":{"type":"Point","coordinates":[-3.8911,43.4738]},"properties":{}},{"type":"Feature","geometry":{"type":"Point","coordinates":[-5.6656,43.5447]},"properties":{}},{"type":"Feature","geometry":{"type":"Point","coordinates":[-5.6663,43.5459]},"properties":{}},{"type":"Feature","geometry":{"type":"Point","coordinates":[-5.666,43.5454]},"properties":{}},{"type":"Feature","geometry":{"type":"Point","coordinates":[-5.6663,43.5434]},"properties":{}},{"type":"Feature","geometry":{"type":"Point","coordinates":[-5.6672,43.5455]},"properties":{}},{"type":"Feature","geometry":{"type":"Point","coordinates":[-5.6676,43.5455]},"properties":{}},{"type":"Feature","geometry":{"type":"Point","coordinates":[-5.6675,43.5445]},"properties":{}},{"type":"Feature","geometry":{"type":"Point","coordinates":[-5.6673,43.5429]},"properties":{}},{"type":"Feature","geometry":{"type":"Point","coordinates":[-5.6688,43.5432]},"properties":{}},{"type":"Feature","geometry":{"type":"Point","coordinates":[-5.6685,43.5446]},"properties":{}},{"type":"Feature","geometry":{"type":"Point","coordinates":[-5.67,43.5449]},"properties":{}},{"type":"Feature","geometry":{"type":"Point","coordinates":[-5.6701,43.5447]},"properties":{}},{"type":"Feature","geometry":{"type":"Point","coordinates":[-5.6615,43.5451]},"properties":{}},{"type":"Feature","geometry":{"type":"Point","coordinates":[-5.6602,43.5457]},"properties":{}},{"type":"Feature","geometry":{"type":"Point","coordinates":[-5.6601,43.5459]},"properties":{}},{"type":"Feature","geometry":{"type":"Point","coordinates":[-5.6602,43.5461]},"properties":{}},{"type":"Feature","geometry":{"type":"Point","coordinates":[-5.6601,43.5463]},"properties":{}},{"type":"Feature","geometry":{"type":"Point","coordinates":[-5.6599,43.5462]},"properties":{}},{"type":"Feature","geometry":{"type":"Point","coordinates":[-5.6599,43.5461]},"properties":{}},{"type":"Feature","geometry":{"type":"Point","coordinates":[-5.6599,43.5463]},"properties":{}},{"type":"Feature","geometry":{"type":"Point","coordinates":[-5.6599,43.5465]},"properties":{}},{"type":"Feature","geometry":{"type":"Point","coordinates":[-5.6598,43.5467]},"properties":{}},{"type":"Feature","geometry":{"type":"Point","coordinates":[-5.6596,43.5469]},"properties":{}},{"type":"Feature","geometry":{"type":"Point","coordinates":[-5.6596,43.5472]},"properties":{}},{"type":"Feature","geometry":{"type":"Point","coordinates":[-5.6597,43.5474]},"properties":{}},{"type":"Feature","geometry":{"type":"Point","coordinates":[-5.6597,43.5477]},"properties":{}},{"type":"Feature","geometry":{"type":"Point","coordinates":[-5.6597,43.5476]},"properties":{}},{"type":"Feature","geometry":{"type":"Point","coordinates":[-5.6601,43.5479]},"properties":{}},{"type":"Feature","geometry":{"type":"Point","coordinates":[-5.6605,43.5484]},"properties":{}},{"type":"Feature","geometry":{"type":"Point","coordinates":[-5.6606,43.5488]},"properties":{}},{"type":"Feature","geometry":{"type":"Point","coordinates":[-5.6607,43.5491]},"properties":{}},{"type":"Feature","geometry":{"type":"Point","coordinates":[-5.6617,43.5493]},"properties":{}},{"type":"Feature","geometry":{"type":"Point","coordinates":[-5.6626,43.5495]},"properties":{}},{"type":"Feature","geometry":{"type":"Point","coordinates":[-5.6639,43.5497]},"properties":{}},{"type":"Feature","geometry":{"type":"Point","coordinates":[-5.6644,43.5498]},"properties":{}},{"type":"Feature","geometry":{"type":"Point","coordinates":[-5.6649,43.5496]},"properties":{}},{"type":"Feature","geometry":{"type":"Point","coordinates":[-5.6657,43.5491]},"properties":{}},{"type":"Feature","geometry":{"type":"Point","coordinates":[-5.6659,43.5488]},"properties":{}},{"type":"Feature","geometry":{"type":"Point","coordinates":[-5.6663,43.5482]},"properties":{}},{"type":"Feature","geometry":{"type":"Point","coordinates":[-5.6672,43.5478]},"properties":{}},{"type":"Feature","geometry":{"type":"Point","coordinates":[-5.6693,43.5469]},"properties":{}},{"type":"Feature","geometry":{"type":"Point","coordinates":[-5.6703,43.5466]},"properties":{}},{"type":"Feature","geometry":{"type":"Point","coordinates":[-5.6698,43.5464]},"properties":{}},{"type":"Feature","geometry":{"type":"Point","coordinates":[-5.6694,43.5462]},"properties":{}},{"type":"Feature","geometry":{"type":"Point","coordinates":[-5.6491,43.5417]},"properties":{}},{"type":"Feature","geometry":{"type":"Point","coordinates":[-5.6518,43.5416]},"properties":{}},{"type":"Feature","geometry":{"type":"Point","coordinates":[-5.6462,43.5424]},"properties":{}},{"type":"Feature","geometry":{"type":"Point","coordinates":[-5.7815,43.6122]},"properties":{}},{"type":"Feature","geometry":{"type":"Point","coordinates":[-5.7808,43.6122]},"properties":{}},{"type":"Feature","geometry":{"type":"Point","coordinates":[-5.7813,43.6125]},"properties":{}},{"type":"Feature","geometry":{"type":"Point","coordinates":[-5.782,43.6127]},"properties":{}},{"type":"Feature","geometry":{"type":"Point","coordinates":[-5.7802,43.6114]},"properties":{}},{"type":"Feature","geometry":{"type":"Point","coordinates":[-5.7805,43.6112]},"properties":{}},{"type":"Feature","geometry":{"type":"Point","coordinates":[-5.78,43.6114]},"properties":{}},{"type":"Feature","geometry":{"type":"Point","coordinates":[-5.7708,43.6033]},"properties":{}},{"type":"Feature","geometry":{"type":"Point","coordinates":[-5.7692,43.6028]},"properties":{}},{"type":"Feature","geometry":{"type":"Point","coordinates":[-5.7689,43.6032]},"properties":{}},{"type":"Feature","geometry":{"type":"Point","coordinates":[-5.7697,43.6038]},"properties":{}},{"type":"Feature","geometry":{"type":"Point","coordinates":[-5.7692,43.6044]},"properties":{}},{"type":"Feature","geometry":{"type":"Point","coordinates":[-5.7891,43.6135]},"properties":{}},{"type":"Feature","geometry":{"type":"Point","coordinates":[-5.7892,43.6135]},"properties":{}},{"type":"Feature","geometry":{"type":"Point","coordinates":[-5.7727,43.6065]},"properties":{}},{"type":"Feature","geometry":{"type":"Point","coordinates":[-5.7729,43.6066]},"properties":{}},{"type":"Feature","geometry":{"type":"Point","coordinates":[-5.778,43.6094]},"properties":{}},{"type":"Feature","geometry":{"type":"Point","coordinates":[-5.7783,43.6099]},"properties":{}},{"type":"Feature","geometry":{"type":"Point","coordinates":[-5.7795,43.6093]},"properties":{}},{"type":"Feature","geometry":{"type":"Point","coordinates":[-5.7808,43.6097]},"properties":{}},{"type":"Feature","geometry":{"type":"Point","coordinates":[-5.7812,43.6106]},"properties":{}},{"type":"Feature","geometry":{"type":"Point","coordinates":[-5.7731,43.6067]},"properties":{}},{"type":"Feature","geometry":{"type":"Point","coordinates":[-5.7734,43.607]},"properties":{}},{"type":"Feature","geometry":{"type":"Point","coordinates":[-5.7738,43.607]},"properties":{}},{"type":"Feature","geometry":{"type":"Point","coordinates":[-5.774,43.6067]},"properties":{}},{"type":"Feature","geometry":{"type":"Point","coordinates":[-5.7751,43.6058]},"properties":{}},{"type":"Feature","geometry":{"type":"Point","coordinates":[-5.7691,43.6046]},"properties":{}},{"type":"Feature","geometry":{"type":"Point","coordinates":[-5.7687,43.6049]},"properties":{}},{"type":"Feature","geometry":{"type":"Point","coordinates":[-5.7682,43.6048]},"properties":{}},{"type":"Feature","geometry":{"type":"Point","coordinates":[-5.7679,43.605]},"properties":{}},{"type":"Feature","geometry":{"type":"Point","coordinates":[-5.7683,43.6054]},"properties":{}},{"type":"Feature","geometry":{"type":"Point","coordinates":[-5.7687,43.6057]},"properties":{}},{"type":"Feature","geometry":{"type":"Point","coordinates":[-5.7695,43.6058]},"properties":{}},{"type":"Feature","geometry":{"type":"Point","coordinates":[-5.7699,43.6059]},"properties":{}},{"type":"Feature","geometry":{"type":"Point","coordinates":[-5.7701,43.606]},"properties":{}},{"type":"Feature","geometry":{"type":"Point","coordinates":[-5.7704,43.6066]},"properties":{}},{"type":"Feature","geometry":{"type":"Point","coordinates":[-5.7706,43.6074]},"properties":{}},{"type":"Feature","geometry":{"type":"Point","coordinates":[-5.771,43.608]},"properties":{}},{"type":"Feature","geometry":{"type":"Point","coordinates":[-5.7712,43.6074]},"properties":{}},{"type":"Feature","geometry":{"type":"Point","coordinates":[-5.7717,43.6068]},"properties":{}},{"type":"Feature","geometry":{"type":"Point","coordinates":[-5.7719,43.6068]},"properties":{}},{"type":"Feature","geometry":{"type":"Point","coordinates":[-5.7721,43.6067]},"properties":{}},{"type":"Feature","geometry":{"type":"Point","coordinates":[-5.7751,43.6058]},"properties":{}},{"type":"Feature","geometry":{"type":"Point","coordinates":[-5.7767,43.6066]},"properties":{}},{"type":"Feature","geometry":{"type":"Point","coordinates":[-5.7767,43.6077]},"properties":{}},{"type":"Feature","geometry":{"type":"Point","coordinates":[-5.7786,43.6091]},"properties":{}},{"type":"Feature","geometry":{"type":"Point","coordinates":[-5.8214,43.6434]},"properties":{}},{"type":"Feature","geometry":{"type":"Point","coordinates":[-5.8212,43.6443]},"properties":{}},{"type":"Feature","geometry":{"type":"Point","coordinates":[-5.8219,43.6444]},"properties":{}},{"type":"Feature","geometry":{"type":"Point","coordinates":[-5.8227,43.6437]},"properties":{}},{"type":"Feature","geometry":{"type":"Point","coordinates":[-5.8252,43.6395]},"properties":{}},{"type":"Feature","geometry":{"type":"Point","coordinates":[-5.8302,43.6398]},"properties":{}},{"type":"Feature","geometry":{"type":"Point","coordinates":[-5.8353,43.6449]},"properties":{}},{"type":"Feature","geometry":{"type":"Point","coordinates":[-5.8362,43.645]},"properties":{}},{"type":"Feature","geometry":{"type":"Point","coordinates":[-5.8356,43.6466]},"properties":{}},{"type":"Feature","geometry":{"type":"Point","coordinates":[-5.8361,43.6472]},"properties":{}},{"type":"Feature","geometry":{"type":"Point","coordinates":[-5.835,43.6506]},"properties":{}},{"type":"Feature","geometry":{"type":"Point","coordinates":[-5.8356,43.6515]},"properties":{}},{"type":"Feature","geometry":{"type":"Point","coordinates":[-5.8357,43.6518]},"properties":{}},{"type":"Feature","geometry":{"type":"Point","coordinates":[-5.8307,43.6407]},"properties":{}},{"type":"Feature","geometry":{"type":"Point","coordinates":[-5.8306,43.6411]},"properties":{}},{"type":"Feature","geometry":{"type":"Point","coordinates":[-5.8299,43.6412]},"properties":{}},{"type":"Feature","geometry":{"type":"Point","coordinates":[-5.8301,43.6413]},"properties":{}},{"type":"Feature","geometry":{"type":"Point","coordinates":[-5.831,43.6411]},"properties":{}},{"type":"Feature","geometry":{"type":"Point","coordinates":[-5.8312,43.6419]},"properties":{}},{"type":"Feature","geometry":{"type":"Point","coordinates":[-5.8355,43.6435]},"properties":{}},{"type":"Feature","geometry":{"type":"Point","coordinates":[-5.835,43.6446]},"properties":{}},{"type":"Feature","geometry":{"type":"Point","coordinates":[-5.8349,43.645]},"properties":{}},{"type":"Feature","geometry":{"type":"Point","coordinates":[-3.3153,43.4067]},"properties":{}},{"type":"Feature","geometry":{"type":"Point","coordinates":[-3.3154,43.4066]},"properties":{}},{"type":"Feature","geometry":{"type":"Point","coordinates":[-3.3155,43.4064]},"properties":{}},{"type":"Feature","geometry":{"type":"Point","coordinates":[-3.3154,43.4062]},"properties":{}},{"type":"Feature","geometry":{"type":"Point","coordinates":[-3.3151,43.4063]},"properties":{}},{"type":"Feature","geometry":{"type":"Point","coordinates":[-3.3151,43.4066]},"properties":{}},{"type":"Feature","geometry":{"type":"Point","coordinates":[-3.3153,43.4067]},"properties":{}},{"type":"Feature","geometry":{"type":"Point","coordinates":[-6.0771,43.5702]},"properties":{}},{"type":"Feature","geometry":{"type":"Point","coordinates":[-4.281,43.3872]},"properties":{}},{"type":"Feature","geometry":{"type":"Point","coordinates":[-3.4159,43.4172]},"properties":{}},{"type":"Feature","geometry":{"type":"Point","coordinates":[-3.4162,43.4153]},"properties":{}},{"type":"Feature","geometry":{"type":"Point","coordinates":[-3.4141,43.4142]},"properties":{}},{"type":"Feature","geometry":{"type":"Point","coordinates":[-3.4141,43.4133]},"properties":{}},{"type":"Feature","geometry":{"type":"Point","coordinates":[-3.4156,43.4138]},"properties":{}},{"type":"Feature","geometry":{"type":"Point","coordinates":[-3.42,43.4152]},"properties":{}},{"type":"Feature","geometry":{"type":"Point","coordinates":[-3.4196,43.4168]},"properties":{}},{"type":"Feature","geometry":{"type":"Point","coordinates":[-3.418,43.4179]},"properties":{}},{"type":"Feature","geometry":{"type":"Point","coordinates":[-3.4198,43.417]},"properties":{}},{"type":"Feature","geometry":{"type":"Point","coordinates":[-3.4202,43.4156]},"properties":{}},{"type":"Feature","geometry":{"type":"Point","coordinates":[-3.42,43.415]},"properties":{}},{"type":"Feature","geometry":{"type":"Point","coordinates":[-3.4192,43.415]},"properties":{}},{"type":"Feature","geometry":{"type":"Point","coordinates":[-3.4186,43.4139]},"properties":{}},{"type":"Feature","geometry":{"type":"Point","coordinates":[-3.4244,43.4121]},"properties":{}},{"type":"Feature","geometry":{"type":"Point","coordinates":[-3.4353,43.4162]},"properties":{}},{"type":"Feature","geometry":{"type":"Point","coordinates":[-3.4461,43.4293]},"properties":{}},{"type":"Feature","geometry":{"type":"Point","coordinates":[-3.4507,43.435]},"properties":{}},{"type":"Feature","geometry":{"type":"Point","coordinates":[-4.4753,43.3962]},"properties":{}},{"type":"Feature","geometry":{"type":"Point","coordinates":[-4.4754,43.3961]},"properties":{}},{"type":"Feature","geometry":{"type":"Point","coordinates":[-4.4753,43.3962]},"properties":{}},{"type":"Feature","geometry":{"type":"Point","coordinates":[-4.4757,43.3957]},"properties":{}},{"type":"Feature","geometry":{"type":"Point","coordinates":[-4.4759,43.396]},"properties":{}},{"type":"Feature","geometry":{"type":"Point","coordinates":[-4.4759,43.3959]},"properties":{}},{"type":"Feature","geometry":{"type":"Point","coordinates":[-4.4759,43.3958]},"properties":{}},{"type":"Feature","geometry":{"type":"Point","coordinates":[-4.4757,43.3957]},"properties":{}},{"type":"Feature","geometry":{"type":"Point","coordinates":[-4.4757,43.3956]},"properties":{}},{"type":"Feature","geometry":{"type":"Point","coordinates":[-4.4754,43.3958]},"properties":{}},{"type":"Feature","geometry":{"type":"Point","coordinates":[-4.4753,43.396]},"properties":{}},{"type":"Feature","geometry":{"type":"Point","coordinates":[-4.4756,43.3959]},"properties":{}},{"type":"Feature","geometry":{"type":"Point","coordinates":[-4.4756,43.3959]},"properties":{}},{"type":"Feature","geometry":{"type":"Point","coordinates":[-4.4756,43.396]},"properties":{}},{"type":"Feature","geometry":{"type":"Point","coordinates":[-4.4758,43.3961]},"properties":{}},{"type":"Feature","geometry":{"type":"Point","coordinates":[-4.4759,43.396]},"properties":{}},{"type":"Feature","geometry":{"type":"Point","coordinates":[-4.4759,43.396]},"properties":{}},{"type":"Feature","geometry":{"type":"Point","coordinates":[-4.4994,43.3969]},"properties":{}},{"type":"Feature","geometry":{"type":"Point","coordinates":[-4.4994,43.3971]},"properties":{}},{"type":"Feature","geometry":{"type":"Point","coordinates":[-4.4996,43.3973]},"properties":{}},{"type":"Feature","geometry":{"type":"Point","coordinates":[-4.4999,43.3974]},"properties":{}},{"type":"Feature","geometry":{"type":"Point","coordinates":[-4.5005,43.3973]},"properties":{}},{"type":"Feature","geometry":{"type":"Point","coordinates":[-4.5009,43.3972]},"properties":{}},{"type":"Feature","geometry":{"type":"Point","coordinates":[-4.5014,43.3971]},"properties":{}},{"type":"Feature","geometry":{"type":"Point","coordinates":[-4.5015,43.3969]},"properties":{}},{"type":"Feature","geometry":{"type":"Point","coordinates":[-4.5013,43.3967]},"properties":{}},{"type":"Feature","geometry":{"type":"Point","coordinates":[-4.501,43.3966]},"properties":{}},{"type":"Feature","geometry":{"type":"Point","coordinates":[-4.5008,43.3963]},"properties":{}},{"type":"Feature","geometry":{"type":"Point","coordinates":[-4.5006,43.3962]},"properties":{}},{"type":"Feature","geometry":{"type":"Point","coordinates":[-4.5005,43.3961]},"properties":{}},{"type":"Feature","geometry":{"type":"Point","coordinates":[-4.5004,43.3961]},"properties":{}},{"type":"Feature","geometry":{"type":"Point","coordinates":[-4.5003,43.3961]},"properties":{}},{"type":"Feature","geometry":{"type":"Point","coordinates":[-4.5002,43.3961]},"properties":{}},{"type":"Feature","geometry":{"type":"Point","coordinates":[-4.4999,43.3961]},"properties":{}},{"type":"Feature","geometry":{"type":"Point","coordinates":[-4.4997,43.3962]},"properties":{}},{"type":"Feature","geometry":{"type":"Point","coordinates":[-4.4995,43.3961]},"properties":{}},{"type":"Feature","geometry":{"type":"Point","coordinates":[-4.4993,43.3962]},"properties":{}},{"type":"Feature","geometry":{"type":"Point","coordinates":[-4.4992,43.3963]},"properties":{}},{"type":"Feature","geometry":{"type":"Point","coordinates":[-4.4993,43.3964]},"properties":{}},{"type":"Feature","geometry":{"type":"Point","coordinates":[-4.4995,43.3966]},"properties":{}},{"type":"Feature","geometry":{"type":"Point","coordinates":[-4.4994,43.3967]},"properties":{}},{"type":"Feature","geometry":{"type":"Point","coordinates":[-4.4995,43.3968]},"properties":{}},{"type":"Feature","geometry":{"type":"Point","coordinates":[-4.4785,43.395]},"properties":{}},{"type":"Feature","geometry":{"type":"Point","coordinates":[-4.4787,43.3948]},"properties":{}},{"type":"Feature","geometry":{"type":"Point","coordinates":[-4.4787,43.3948]},"properties":{}},{"type":"Feature","geometry":{"type":"Point","coordinates":[-4.4787,43.395]},"properties":{}},{"type":"Feature","geometry":{"type":"Point","coordinates":[-4.478,43.395]},"properties":{}},{"type":"Feature","geometry":{"type":"Point","coordinates":[-4.4781,43.3949]},"properties":{}},{"type":"Feature","geometry":{"type":"Point","coordinates":[-4.4766,43.3956]},"properties":{}},{"type":"Feature","geometry":{"type":"Point","coordinates":[-4.4767,43.3956]},"properties":{}},{"type":"Feature","geometry":{"type":"Point","coordinates":[-4.4806,43.3949]},"properties":{}},{"type":"Feature","geometry":{"type":"Point","coordinates":[-4.4805,43.3948]},"properties":{}},{"type":"Feature","geometry":{"type":"Point","coordinates":[-4.4805,43.3949]},"properties":{}},{"type":"Feature","geometry":{"type":"Point","coordinates":[-4.4822,43.3957]},"properties":{}},{"type":"Feature","geometry":{"type":"Point","coordinates":[-4.4823,43.3956]},"properties":{}},{"type":"Feature","geometry":{"type":"Point","coordinates":[-4.4821,43.396]},"properties":{}},{"type":"Feature","geometry":{"type":"Point","coordinates":[-4.4821,43.396]},"properties":{}},{"type":"Feature","geometry":{"type":"Point","coordinates":[-4.4821,43.3957]},"properties":{}},{"type":"Feature","geometry":{"type":"Point","coordinates":[-4.4831,43.3952]},"properties":{}},{"type":"Feature","geometry":{"type":"Point","coordinates":[-4.4831,43.3952]},"properties":{}},{"type":"Feature","geometry":{"type":"Point","coordinates":[-4.4825,43.3954]},"properties":{}},{"type":"Feature","geometry":{"type":"Point","coordinates":[-4.4827,43.3954]},"properties":{}},{"type":"Feature","geometry":{"type":"Point","coordinates":[-4.4824,43.3955]},"properties":{}},{"type":"Feature","geometry":{"type":"Point","coordinates":[-4.4832,43.3954]},"properties":{}},{"type":"Feature","geometry":{"type":"Point","coordinates":[-4.4829,43.3955]},"properties":{}},{"type":"Feature","geometry":{"type":"Point","coordinates":[-4.4826,43.3956]},"properties":{}},{"type":"Feature","geometry":{"type":"Point","coordinates":[-4.4823,43.3958]},"properties":{}},{"type":"Feature","geometry":{"type":"Point","coordinates":[-4.4823,43.3959]},"properties":{}},{"type":"Feature","geometry":{"type":"Point","coordinates":[-4.4825,43.3958]},"properties":{}},{"type":"Feature","geometry":{"type":"Point","coordinates":[-4.4825,43.3958]},"properties":{}},{"type":"Feature","geometry":{"type":"Point","coordinates":[-4.4826,43.3957]},"properties":{}},{"type":"Feature","geometry":{"type":"Point","coordinates":[-4.4827,43.3958]},"properties":{}},{"type":"Feature","geometry":{"type":"Point","coordinates":[-4.483,43.3958]},"properties":{}},{"type":"Feature","geometry":{"type":"Point","coordinates":[-4.4829,43.3959]},"properties":{}},{"type":"Feature","geometry":{"type":"Point","coordinates":[-4.4825,43.3959]},"properties":{}},{"type":"Feature","geometry":{"type":"Point","coordinates":[-4.4823,43.396]},"properties":{}},{"type":"Feature","geometry":{"type":"Point","coordinates":[-4.4822,43.3961]},"properties":{}},{"type":"Feature","geometry":{"type":"Point","coordinates":[-4.4825,43.396]},"properties":{}},{"type":"Feature","geometry":{"type":"Point","coordinates":[-4.4826,43.396]},"properties":{}},{"type":"Feature","geometry":{"type":"Point","coordinates":[-4.4829,43.396]},"properties":{}},{"type":"Feature","geometry":{"type":"Point","coordinates":[-4.4827,43.3961]},"properties":{}},{"type":"Feature","geometry":{"type":"Point","coordinates":[-4.4825,43.3963]},"properties":{}},{"type":"Feature","geometry":{"type":"Point","coordinates":[-4.4826,43.3962]},"properties":{}},{"type":"Feature","geometry":{"type":"Point","coordinates":[-4.4828,43.3963]},"properties":{}},{"type":"Feature","geometry":{"type":"Point","coordinates":[-4.4828,43.3962]},"properties":{}},{"type":"Feature","geometry":{"type":"Point","coordinates":[-4.4831,43.3961]},"properties":{}},{"type":"Feature","geometry":{"type":"Point","coordinates":[-4.4835,43.396]},"properties":{}},{"type":"Feature","geometry":{"type":"Point","coordinates":[-4.4836,43.396]},"properties":{}},{"type":"Feature","geometry":{"type":"Point","coordinates":[-4.4831,43.3961]},"properties":{}},{"type":"Feature","geometry":{"type":"Point","coordinates":[-4.4829,43.3962]},"properties":{}},{"type":"Feature","geometry":{"type":"Point","coordinates":[-4.4829,43.3964]},"properties":{}},{"type":"Feature","geometry":{"type":"Point","coordinates":[-4.483,43.3963]},"properties":{}},{"type":"Feature","geometry":{"type":"Point","coordinates":[-4.4831,43.3963]},"properties":{}},{"type":"Feature","geometry":{"type":"Point","coordinates":[-4.4833,43.3964]},"properties":{}},{"type":"Feature","geometry":{"type":"Point","coordinates":[-4.4835,43.3963]},"properties":{}},{"type":"Feature","geometry":{"type":"Point","coordinates":[-4.4836,43.3962]},"properties":{}},{"type":"Feature","geometry":{"type":"Point","coordinates":[-4.4838,43.3962]},"properties":{}},{"type":"Feature","geometry":{"type":"Point","coordinates":[-4.4839,43.3961]},"properties":{}},{"type":"Feature","geometry":{"type":"Point","coordinates":[-4.4841,43.3961]},"properties":{}},{"type":"Feature","geometry":{"type":"Point","coordinates":[-4.4844,43.396]},"properties":{}},{"type":"Feature","geometry":{"type":"Point","coordinates":[-4.4842,43.396]},"properties":{}},{"type":"Feature","geometry":{"type":"Point","coordinates":[-4.4842,43.3959]},"properties":{}},{"type":"Feature","geometry":{"type":"Point","coordinates":[-4.4841,43.3959]},"properties":{}},{"type":"Feature","geometry":{"type":"Point","coordinates":[-4.4844,43.3959]},"properties":{}},{"type":"Feature","geometry":{"type":"Point","coordinates":[-4.4845,43.396]},"properties":{}},{"type":"Feature","geometry":{"type":"Point","coordinates":[-4.4844,43.3959]},"properties":{}},{"type":"Feature","geometry":{"type":"Point","coordinates":[-4.484,43.3959]},"properties":{}},{"type":"Feature","geometry":{"type":"Point","coordinates":[-4.4839,43.3958]},"properties":{}},{"type":"Feature","geometry":{"type":"Point","coordinates":[-4.484,43.3958]},"properties":{}},{"type":"Feature","geometry":{"type":"Point","coordinates":[-4.4842,43.3958]},"properties":{}},{"type":"Feature","geometry":{"type":"Point","coordinates":[-4.4844,43.3958]},"properties":{}},{"type":"Feature","geometry":{"type":"Point","coordinates":[-4.4846,43.3957]},"properties":{}},{"type":"Feature","geometry":{"type":"Point","coordinates":[-4.4847,43.3956]},"properties":{}},{"type":"Feature","geometry":{"type":"Point","coordinates":[-4.4847,43.3955]},"properties":{}},{"type":"Feature","geometry":{"type":"Point","coordinates":[-4.4845,43.3956]},"properties":{}},{"type":"Feature","geometry":{"type":"Point","coordinates":[-4.4844,43.3955]},"properties":{}},{"type":"Feature","geometry":{"type":"Point","coordinates":[-4.4845,43.3954]},"properties":{}},{"type":"Feature","geometry":{"type":"Point","coordinates":[-4.4843,43.3954]},"properties":{}},{"type":"Feature","geometry":{"type":"Point","coordinates":[-4.4846,43.3954]},"properties":{}},{"type":"Feature","geometry":{"type":"Point","coordinates":[-4.4846,43.3953]},"properties":{}},{"type":"Feature","geometry":{"type":"Point","coordinates":[-4.4843,43.3953]},"properties":{}},{"type":"Feature","geometry":{"type":"Point","coordinates":[-4.4841,43.3953]},"properties":{}},{"type":"Feature","geometry":{"type":"Point","coordinates":[-4.4836,43.3953]},"properties":{}},{"type":"Feature","geometry":{"type":"Point","coordinates":[-4.4825,43.3956]},"properties":{}},{"type":"Feature","geometry":{"type":"Point","coordinates":[-4.4825,43.3956]},"properties":{}},{"type":"Feature","geometry":{"type":"Point","coordinates":[-4.484,43.3951]},"properties":{}},{"type":"Feature","geometry":{"type":"Point","coordinates":[-4.4853,43.3952]},"properties":{}},{"type":"Feature","geometry":{"type":"Point","coordinates":[-4.4829,43.3962]},"properties":{}},{"type":"Feature","geometry":{"type":"Point","coordinates":[-4.4829,43.3962]},"properties":{}},{"type":"Feature","geometry":{"type":"Point","coordinates":[-4.4851,43.3956]},"properties":{}},{"type":"Feature","geometry":{"type":"Point","coordinates":[-4.4852,43.3955]},"properties":{}},{"type":"Feature","geometry":{"type":"Point","coordinates":[-4.4849,43.3956]},"properties":{}},{"type":"Feature","geometry":{"type":"Point","coordinates":[-4.485,43.3957]},"properties":{}},{"type":"Feature","geometry":{"type":"Point","coordinates":[-4.4839,43.3962]},"properties":{}},{"type":"Feature","geometry":{"type":"Point","coordinates":[-4.4842,43.3962]},"properties":{}},{"type":"Feature","geometry":{"type":"Point","coordinates":[-4.4841,43.3962]},"properties":{}},{"type":"Feature","geometry":{"type":"Point","coordinates":[-4.4838,43.3962]},"properties":{}},{"type":"Feature","geometry":{"type":"Point","coordinates":[-4.4853,43.3952]},"properties":{}},{"type":"Feature","geometry":{"type":"Point","coordinates":[-4.485,43.3959]},"properties":{}},{"type":"Feature","geometry":{"type":"Point","coordinates":[-4.485,43.3959]},"properties":{}},{"type":"Feature","geometry":{"type":"Point","coordinates":[-4.4852,43.3956]},"properties":{}},{"type":"Feature","geometry":{"type":"Point","coordinates":[-4.4845,43.3962]},"properties":{}},{"type":"Feature","geometry":{"type":"Point","coordinates":[-4.4846,43.3962]},"properties":{}},{"type":"Feature","geometry":{"type":"Point","coordinates":[-4.4845,43.3962]},"properties":{}},{"type":"Feature","geometry":{"type":"Point","coordinates":[-4.4842,43.3968]},"properties":{}},{"type":"Feature","geometry":{"type":"Point","coordinates":[-4.4842,43.3968]},"properties":{}},{"type":"Feature","geometry":{"type":"Point","coordinates":[-4.4844,43.3969]},"properties":{}},{"type":"Feature","geometry":{"type":"Point","coordinates":[-4.4844,43.3968]},"properties":{}},{"type":"Feature","geometry":{"type":"Point","coordinates":[-4.4844,43.3967]},"properties":{}},{"type":"Feature","geometry":{"type":"Point","coordinates":[-4.4849,43.3955]},"properties":{}},{"type":"Feature","geometry":{"type":"Point","coordinates":[-4.484,43.3963]},"properties":{}},{"type":"Feature","geometry":{"type":"Point","coordinates":[-4.4843,43.3963]},"properties":{}},{"type":"Feature","geometry":{"type":"Point","coordinates":[-4.4845,43.3961]},"properties":{}},{"type":"Feature","geometry":{"type":"Point","coordinates":[-4.4842,43.3962]},"properties":{}},{"type":"Feature","geometry":{"type":"Point","coordinates":[-4.484,43.3963]},"properties":{}},{"type":"Feature","geometry":{"type":"Point","coordinates":[-4.4837,43.3965]},"properties":{}},{"type":"Feature","geometry":{"type":"Point","coordinates":[-4.4838,43.3966]},"properties":{}},{"type":"Feature","geometry":{"type":"Point","coordinates":[-4.4843,43.3966]},"properties":{}},{"type":"Feature","geometry":{"type":"Point","coordinates":[-4.4843,43.3965]},"properties":{}},{"type":"Feature","geometry":{"type":"Point","coordinates":[-4.484,43.3965]},"properties":{}},{"type":"Feature","geometry":{"type":"Point","coordinates":[-4.4849,43.3954]},"properties":{}},{"type":"Feature","geometry":{"type":"Point","coordinates":[-4.4851,43.3954]},"properties":{}},{"type":"Feature","geometry":{"type":"Point","coordinates":[-4.4846,43.3966]},"properties":{}},{"type":"Feature","geometry":{"type":"Point","coordinates":[-4.4847,43.3967]},"properties":{}},{"type":"Feature","geometry":{"type":"Point","coordinates":[-4.4846,43.3966]},"properties":{}},{"type":"Feature","geometry":{"type":"Point","coordinates":[-4.4823,43.3963]},"properties":{}},{"type":"Feature","geometry":{"type":"Point","coordinates":[-4.4823,43.3963]},"properties":{}},{"type":"Feature","geometry":{"type":"Point","coordinates":[-4.4848,43.3952]},"properties":{}},{"type":"Feature","geometry":{"type":"Point","coordinates":[-4.4848,43.3952]},"properties":{}},{"type":"Feature","geometry":{"type":"Point","coordinates":[-4.4846,43.3964]},"properties":{}},{"type":"Feature","geometry":{"type":"Point","coordinates":[-4.4844,43.3964]},"properties":{}},{"type":"Feature","geometry":{"type":"Point","coordinates":[-4.4845,43.3965]},"properties":{}},{"type":"Feature","geometry":{"type":"Point","coordinates":[-4.4848,43.3965]},"properties":{}},{"type":"Feature","geometry":{"type":"Point","coordinates":[-4.4847,43.3964]},"properties":{}},{"type":"Feature","geometry":{"type":"Point","coordinates":[-4.4848,43.3966]},"properties":{}},{"type":"Feature","geometry":{"type":"Point","coordinates":[-4.4849,43.3967]},"properties":{}},{"type":"Feature","geometry":{"type":"Point","coordinates":[-4.485,43.3966]},"properties":{}},{"type":"Feature","geometry":{"type":"Point","coordinates":[-4.4848,43.3963]},"properties":{}},{"type":"Feature","geometry":{"type":"Point","coordinates":[-4.4846,43.3963]},"properties":{}},{"type":"Feature","geometry":{"type":"Point","coordinates":[-4.4844,43.3963]},"properties":{}},{"type":"Feature","geometry":{"type":"Point","coordinates":[-4.4851,43.3965]},"properties":{}},{"type":"Feature","geometry":{"type":"Point","coordinates":[-4.4851,43.3964]},"properties":{}},{"type":"Feature","geometry":{"type":"Point","coordinates":[-4.4854,43.3952]},"properties":{}},{"type":"Feature","geometry":{"type":"Point","coordinates":[-4.4882,43.3937]},"properties":{}},{"type":"Feature","geometry":{"type":"Point","coordinates":[-4.4882,43.3937]},"properties":{}},{"type":"Feature","geometry":{"type":"Point","coordinates":[-4.4883,43.3935]},"properties":{}},{"type":"Feature","geometry":{"type":"Point","coordinates":[-4.4882,43.3936]},"properties":{}},{"type":"Feature","geometry":{"type":"Point","coordinates":[-4.4883,43.3936]},"properties":{}},{"type":"Feature","geometry":{"type":"Point","coordinates":[-4.4881,43.3936]},"properties":{}},{"type":"Feature","geometry":{"type":"Point","coordinates":[-4.4885,43.3935]},"properties":{}},{"type":"Feature","geometry":{"type":"Point","coordinates":[-4.4907,43.3961]},"properties":{}},{"type":"Feature","geometry":{"type":"Point","coordinates":[-4.4907,43.3958]},"properties":{}},{"type":"Feature","geometry":{"type":"Point","coordinates":[-4.4907,43.3958]},"properties":{}},{"type":"Feature","geometry":{"type":"Point","coordinates":[-4.4924,43.397]},"properties":{}},{"type":"Feature","geometry":{"type":"Point","coordinates":[-4.4937,43.3971]},"properties":{}},{"type":"Feature","geometry":{"type":"Point","coordinates":[-4.4947,43.3977]},"properties":{}},{"type":"Feature","geometry":{"type":"Point","coordinates":[-4.4945,43.3977]},"properties":{}},{"type":"Feature","geometry":{"type":"Point","coordinates":[-4.4948,43.3978]},"properties":{}},{"type":"Feature","geometry":{"type":"Point","coordinates":[-4.4946,43.3975]},"properties":{}},{"type":"Feature","geometry":{"type":"Point","coordinates":[-4.4946,43.3975]},"properties":{}},{"type":"Feature","geometry":{"type":"Point","coordinates":[-4.4951,43.3977]},"properties":{}},{"type":"Feature","geometry":{"type":"Point","coordinates":[-4.495,43.3977]},"properties":{}},{"type":"Feature","geometry":{"type":"Point","coordinates":[-4.4952,43.3978]},"properties":{}},{"type":"Feature","geometry":{"type":"Point","coordinates":[-4.4998,43.3961]},"properties":{}},{"type":"Feature","geometry":{"type":"Point","coordinates":[-4.4996,43.3961]},"properties":{}},{"type":"Feature","geometry":{"type":"Point","coordinates":[-4.4992,43.3962]},"properties":{}},{"type":"Feature","geometry":{"type":"Point","coordinates":[-4.4992,43.3962]},"properties":{}},{"type":"Feature","geometry":{"type":"Point","coordinates":[-4.4991,43.396]},"properties":{}},{"type":"Feature","geometry":{"type":"Point","coordinates":[-4.5,43.3958]},"properties":{}},{"type":"Feature","geometry":{"type":"Point","coordinates":[-4.5,43.3958]},"properties":{}},{"type":"Feature","geometry":{"type":"Point","coordinates":[-4.5003,43.3958]},"properties":{}},{"type":"Feature","geometry":{"type":"Point","coordinates":[-4.5081,43.394]},"properties":{}},{"type":"Feature","geometry":{"type":"Point","coordinates":[-4.5082,43.394]},"properties":{}},{"type":"Feature","geometry":{"type":"Point","coordinates":[-4.5118,43.3933]},"properties":{}},{"type":"Feature","geometry":{"type":"Point","coordinates":[-4.5118,43.3933]},"properties":{}},{"type":"Feature","geometry":{"type":"Point","coordinates":[-4.5062,43.3949]},"properties":{}},{"type":"Feature","geometry":{"type":"Point","coordinates":[-4.5063,43.395]},"properties":{}},{"type":"Feature","geometry":{"type":"Point","coordinates":[-4.5077,43.3941]},"properties":{}},{"type":"Feature","geometry":{"type":"Point","coordinates":[-4.5077,43.3941]},"properties":{}},{"type":"Feature","geometry":{"type":"Point","coordinates":[-4.5098,43.3932]},"properties":{}},{"type":"Feature","geometry":{"type":"Point","coordinates":[-4.5098,43.3932]},"properties":{}},{"type":"Feature","geometry":{"type":"Point","coordinates":[-4.5013,43.3952]},"properties":{}},{"type":"Feature","geometry":{"type":"Point","coordinates":[-4.5013,43.3952]},"properties":{}},{"type":"Feature","geometry":{"type":"Point","coordinates":[-4.5012,43.3952]},"properties":{}},{"type":"Feature","geometry":{"type":"Point","coordinates":[-4.5012,43.3952]},"properties":{}},{"type":"Feature","geometry":{"type":"Point","coordinates":[-6.2369,43.5937]},"properties":{}},{"type":"Feature","geometry":{"type":"Point","coordinates":[-6.2371,43.5933]},"properties":{}},{"type":"Feature","geometry":{"type":"Point","coordinates":[-6.2366,43.5937]},"properties":{}},{"type":"Feature","geometry":{"type":"Point","coordinates":[-6.2461,43.5882]},"properties":{}},{"type":"Feature","geometry":{"type":"Point","coordinates":[-6.2459,43.588]},"properties":{}},{"type":"Feature","geometry":{"type":"Point","coordinates":[-6.246,43.5884]},"properties":{}},{"type":"Feature","geometry":{"type":"Point","coordinates":[-6.2465,43.5884]},"properties":{}},{"type":"Feature","geometry":{"type":"Point","coordinates":[-6.2467,43.5881]},"properties":{}},{"type":"Feature","geometry":{"type":"Point","coordinates":[-6.2463,43.5883]},"properties":{}},{"type":"Feature","geometry":{"type":"Point","coordinates":[-6.2465,43.5884]},"properties":{}},{"type":"Feature","geometry":{"type":"Point","coordinates":[-6.2465,43.5874]},"properties":{}},{"type":"Feature","geometry":{"type":"Point","coordinates":[-6.2464,43.5874]},"properties":{}},{"type":"Feature","geometry":{"type":"Point","coordinates":[-6.246,43.5875]},"properties":{}},{"type":"Feature","geometry":{"type":"Point","coordinates":[-6.2463,43.5878]},"properties":{}},{"type":"Feature","geometry":{"type":"Point","coordinates":[-6.2333,43.5907]},"properties":{}},{"type":"Feature","geometry":{"type":"Point","coordinates":[-6.2353,43.5902]},"properties":{}},{"type":"Feature","geometry":{"type":"Point","coordinates":[-6.2378,43.5915]},"properties":{}},{"type":"Feature","geometry":{"type":"Point","coordinates":[-6.2373,43.5921]},"properties":{}},{"type":"Feature","geometry":{"type":"Point","coordinates":[-6.237,43.5931]},"properties":{}},{"type":"Feature","geometry":{"type":"Point","coordinates":[-6.2376,43.593]},"properties":{}},{"type":"Feature","geometry":{"type":"Point","coordinates":[-6.2382,43.5931]},"properties":{}},{"type":"Feature","geometry":{"type":"Point","coordinates":[-6.2387,43.593]},"properties":{}},{"type":"Feature","geometry":{"type":"Point","coordinates":[-6.2389,43.5924]},"properties":{}},{"type":"Feature","geometry":{"type":"Point","coordinates":[-6.2394,43.592]},"properties":{}},{"type":"Feature","geometry":{"type":"Point","coordinates":[-6.2411,43.592]},"properties":{}},{"type":"Feature","geometry":{"type":"Point","coordinates":[-6.2422,43.5928]},"properties":{}},{"type":"Feature","geometry":{"type":"Point","coordinates":[-6.2417,43.5936]},"properties":{}},{"type":"Feature","geometry":{"type":"Point","coordinates":[-6.2416,43.5944]},"properties":{}},{"type":"Feature","geometry":{"type":"Point","coordinates":[-6.2418,43.5941]},"properties":{}},{"type":"Feature","geometry":{"type":"Point","coordinates":[-6.2422,43.5936]},"properties":{}},{"type":"Feature","geometry":{"type":"Point","coordinates":[-6.243,43.5937]},"properties":{}},{"type":"Feature","geometry":{"type":"Point","coordinates":[-6.2435,43.5943]},"properties":{}},{"type":"Feature","geometry":{"type":"Point","coordinates":[-6.2432,43.5951]},"properties":{}},{"type":"Feature","geometry":{"type":"Point","coordinates":[-6.2437,43.5949]},"properties":{}},{"type":"Feature","geometry":{"type":"Point","coordinates":[-6.2444,43.5949]},"properties":{}},{"type":"Feature","geometry":{"type":"Point","coordinates":[-6.2446,43.5949]},"properties":{}},{"type":"Feature","geometry":{"type":"Point","coordinates":[-6.2449,43.5946]},"properties":{}},{"type":"Feature","geometry":{"type":"Point","coordinates":[-6.2449,43.5944]},"properties":{}},{"type":"Feature","geometry":{"type":"Point","coordinates":[-6.245,43.5943]},"properties":{}},{"type":"Feature","geometry":{"type":"Point","coordinates":[-6.2452,43.5943]},"properties":{}},{"type":"Feature","geometry":{"type":"Point","coordinates":[-6.2453,43.5939]},"properties":{}},{"type":"Feature","geometry":{"type":"Point","coordinates":[-6.2444,43.5936]},"properties":{}},{"type":"Feature","geometry":{"type":"Point","coordinates":[-6.2442,43.5931]},"properties":{}},{"type":"Feature","geometry":{"type":"Point","coordinates":[-6.2444,43.5928]},"properties":{}},{"type":"Feature","geometry":{"type":"Point","coordinates":[-6.2445,43.5924]},"properties":{}},{"type":"Feature","geometry":{"type":"Point","coordinates":[-6.2435,43.5921]},"properties":{}},{"type":"Feature","geometry":{"type":"Point","coordinates":[-6.2425,43.5906]},"properties":{}},{"type":"Feature","geometry":{"type":"Point","coordinates":[-6.242,43.5891]},"properties":{}},{"type":"Feature","geometry":{"type":"Point","coordinates":[-6.2447,43.5876]},"properties":{}},{"type":"Feature","geometry":{"type":"Point","coordinates":[-6.2455,43.5866]},"properties":{}},{"type":"Feature","geometry":{"type":"Point","coordinates":[-6.2452,43.5856]},"properties":{}},{"type":"Feature","geometry":{"type":"Point","coordinates":[-6.2463,43.5833]},"properties":{}},{"type":"Feature","geometry":{"type":"Point","coordinates":[-6.2489,43.583]},"properties":{}},{"type":"Feature","geometry":{"type":"Point","coordinates":[-6.2511,43.5804]},"properties":{}},{"type":"Feature","geometry":{"type":"Point","coordinates":[-6.2552,43.5781]},"properties":{}},{"type":"Feature","geometry":{"type":"Point","coordinates":[-6.2471,43.5874]},"properties":{}},{"type":"Feature","geometry":{"type":"Point","coordinates":[-6.2471,43.5874]},"properties":{}},{"type":"Feature","geometry":{"type":"Point","coordinates":[-6.2461,43.5887]},"properties":{}},{"type":"Feature","geometry":{"type":"Point","coordinates":[-6.246,43.589]},"properties":{}},{"type":"Feature","geometry":{"type":"Point","coordinates":[-6.2454,43.5884]},"properties":{}},{"type":"Feature","geometry":{"type":"Point","coordinates":[-6.2454,43.5886]},"properties":{}},{"type":"Feature","geometry":{"type":"Point","coordinates":[-6.2888,43.571]},"properties":{}},{"type":"Feature","geometry":{"type":"Point","coordinates":[-6.2889,43.5715]},"properties":{}},{"type":"Feature","geometry":{"type":"Point","coordinates":[-6.2944,43.572]},"properties":{}},{"type":"Feature","geometry":{"type":"Point","coordinates":[-6.2929,43.5726]},"properties":{}},{"type":"Feature","geometry":{"type":"Point","coordinates":[-6.2946,43.5721]},"properties":{}},{"type":"Feature","geometry":{"type":"Point","coordinates":[-6.2812,43.5741]},"properties":{}},{"type":"Feature","geometry":{"type":"Point","coordinates":[-6.2817,43.574]},"properties":{}},{"type":"Feature","geometry":{"type":"Point","coordinates":[-6.2817,43.574]},"properties":{}},{"type":"Feature","geometry":{"type":"Point","coordinates":[-6.2819,43.5733]},"properties":{}},{"type":"Feature","geometry":{"type":"Point","coordinates":[-6.2816,43.5731]},"properties":{}},{"type":"Feature","geometry":{"type":"Point","coordinates":[-6.2808,43.5733]},"properties":{}},{"type":"Feature","geometry":{"type":"Point","coordinates":[-6.2812,43.5741]},"properties":{}},{"type":"Feature","geometry":{"type":"Point","coordinates":[-6.2834,43.5719]},"properties":{}},{"type":"Feature","geometry":{"type":"Point","coordinates":[-6.2831,43.5718]},"properties":{}},{"type":"Feature","geometry":{"type":"Point","coordinates":[-6.2831,43.572]},"properties":{}},{"type":"Feature","geometry":{"type":"Point","coordinates":[-6.2928,43.5716]},"properties":{}},{"type":"Feature","geometry":{"type":"Point","coordinates":[-6.2878,43.5729]},"properties":{}},{"type":"Feature","geometry":{"type":"Point","coordinates":[-6.2877,43.5727]},"properties":{}},{"type":"Feature","geometry":{"type":"Point","coordinates":[-6.2948,43.5726]},"properties":{}},{"type":"Feature","geometry":{"type":"Point","coordinates":[-6.2951,43.5724]},"properties":{}},{"type":"Feature","geometry":{"type":"Point","coordinates":[-6.2937,43.5718]},"properties":{}},{"type":"Feature","geometry":{"type":"Point","coordinates":[-6.2932,43.572]},"properties":{}},{"type":"Feature","geometry":{"type":"Point","coordinates":[-4.7097,43.4115]},"properties":{}},{"type":"Feature","geometry":{"type":"Point","coordinates":[-4.7097,43.412]},"properties":{}},{"type":"Feature","geometry":{"type":"Point","coordinates":[-4.7116,43.4121]},"properties":{}},{"type":"Feature","geometry":{"type":"Point","coordinates":[-4.7121,43.4115]},"properties":{}},{"type":"Feature","geometry":{"type":"Point","coordinates":[-4.7134,43.4118]},"properties":{}},{"type":"Feature","geometry":{"type":"Point","coordinates":[-4.7147,43.4138]},"properties":{}},{"type":"Feature","geometry":{"type":"Point","coordinates":[-4.7086,43.4107]},"properties":{}},{"type":"Feature","geometry":{"type":"Point","coordinates":[-4.7097,43.4115]},"properties":{}},{"type":"Feature","geometry":{"type":"Point","coordinates":[-5.5927,43.5481]},"properties":{}},{"type":"Feature","geometry":{"type":"Point","coordinates":[-5.5948,43.5481]},"properties":{}},{"type":"Feature","geometry":{"type":"Point","coordinates":[-5.5961,43.5478]},"properties":{}},{"type":"Feature","geometry":{"type":"Point","coordinates":[-5.5975,43.5478]},"properties":{}},{"type":"Feature","geometry":{"type":"Point","coordinates":[-5.5984,43.5478]},"properties":{}},{"type":"Feature","geometry":{"type":"Point","coordinates":[-5.5991,43.5479]},"properties":{}},{"type":"Feature","geometry":{"type":"Point","coordinates":[-5.6015,43.5493]},"properties":{}},{"type":"Feature","geometry":{"type":"Point","coordinates":[-5.6036,43.549]},"properties":{}},{"type":"Feature","geometry":{"type":"Point","coordinates":[-5.6052,43.5496]},"properties":{}},{"type":"Feature","geometry":{"type":"Point","coordinates":[-5.606,43.5491]},"properties":{}},{"type":"Feature","geometry":{"type":"Point","coordinates":[-5.607,43.5495]},"properties":{}},{"type":"Feature","geometry":{"type":"Point","coordinates":[-5.6081,43.5495]},"properties":{}},{"type":"Feature","geometry":{"type":"Point","coordinates":[-5.6112,43.5509]},"properties":{}},{"type":"Feature","geometry":{"type":"Point","coordinates":[-5.6127,43.5528]},"properties":{}},{"type":"Feature","geometry":{"type":"Point","coordinates":[-5.6134,43.5537]},"properties":{}},{"type":"Feature","geometry":{"type":"Point","coordinates":[-5.6141,43.5555]},"properties":{}},{"type":"Feature","geometry":{"type":"Point","coordinates":[-5.6151,43.557]},"properties":{}},{"type":"Feature","geometry":{"type":"Point","coordinates":[-5.6168,43.5571]},"properties":{}},{"type":"Feature","geometry":{"type":"Point","coordinates":[-5.6188,43.557]},"properties":{}},{"type":"Feature","geometry":{"type":"Point","coordinates":[-5.6199,43.5572]},"properties":{}},{"type":"Feature","geometry":{"type":"Point","coordinates":[-5.621,43.5572]},"properties":{}},{"type":"Feature","geometry":{"type":"Point","coordinates":[-5.6221,43.5569]},"properties":{}},{"type":"Feature","geometry":{"type":"Point","coordinates":[-5.6218,43.5559]},"properties":{}},{"type":"Feature","geometry":{"type":"Point","coordinates":[-5.6218,43.5547]},"properties":{}},{"type":"Feature","geometry":{"type":"Point","coordinates":[-5.6219,43.5534]},"properties":{}},{"type":"Feature","geometry":{"type":"Point","coordinates":[-5.6224,43.5528]},"properties":{}},{"type":"Feature","geometry":{"type":"Point","coordinates":[-5.6261,43.551]},"properties":{}},{"type":"Feature","geometry":{"type":"Point","coordinates":[-5.6272,43.5507]},"properties":{}},{"type":"Feature","geometry":{"type":"Point","coordinates":[-5.628,43.5503]},"properties":{}},{"type":"Feature","geometry":{"type":"Point","coordinates":[-5.6293,43.5502]},"properties":{}},{"type":"Feature","geometry":{"type":"Point","coordinates":[-5.6302,43.5503]},"properties":{}},{"type":"Feature","geometry":{"type":"Point","coordinates":[-5.6317,43.5509]},"properties":{}},{"type":"Feature","geometry":{"type":"Point","coordinates":[-5.6326,43.551]},"properties":{}},{"type":"Feature","geometry":{"type":"Point","coordinates":[-5.6345,43.551]},"properties":{}},{"type":"Feature","geometry":{"type":"Point","coordinates":[-5.6362,43.5518]},"properties":{}},{"type":"Feature","geometry":{"type":"Point","coordinates":[-5.6373,43.5522]},"properties":{}},{"type":"Feature","geometry":{"type":"Point","coordinates":[-5.6384,43.5519]},"properties":{}},{"type":"Feature","geometry":{"type":"Point","coordinates":[-5.6388,43.5516]},"properties":{}},{"type":"Feature","geometry":{"type":"Point","coordinates":[-5.6394,43.5511]},"properties":{}},{"type":"Feature","geometry":{"type":"Point","coordinates":[-5.6386,43.5501]},"properties":{}},{"type":"Feature","geometry":{"type":"Point","coordinates":[-5.6383,43.5491]},"properties":{}},{"type":"Feature","geometry":{"type":"Point","coordinates":[-5.6401,43.5481]},"properties":{}},{"type":"Feature","geometry":{"type":"Point","coordinates":[-5.6409,43.5482]},"properties":{}},{"type":"Feature","geometry":{"type":"Point","coordinates":[-5.6412,43.5486]},"properties":{}},{"type":"Feature","geometry":{"type":"Point","coordinates":[-5.6413,43.5482]},"properties":{}},{"type":"Feature","geometry":{"type":"Point","coordinates":[-5.6429,43.5476]},"properties":{}},{"type":"Feature","geometry":{"type":"Point","coordinates":[-5.6429,43.5474]},"properties":{}},{"type":"Feature","geometry":{"type":"Point","coordinates":[-5.643,43.5462]},"properties":{}},{"type":"Feature","geometry":{"type":"Point","coordinates":[-5.6427,43.5454]},"properties":{}},{"type":"Feature","geometry":{"type":"Point","coordinates":[-5.6451,43.5442]},"properties":{}},{"type":"Feature","geometry":{"type":"Point","coordinates":[-5.6464,43.544]},"properties":{}},{"type":"Feature","geometry":{"type":"Point","coordinates":[-5.6458,43.5427]},"properties":{}},{"type":"Feature","geometry":{"type":"Point","coordinates":[-5.8787,43.6254]},"properties":{}},{"type":"Feature","geometry":{"type":"Point","coordinates":[-5.8798,43.6258]},"properties":{}},{"type":"Feature","geometry":{"type":"Point","coordinates":[-5.8796,43.6249]},"properties":{}},{"type":"Feature","geometry":{"type":"Point","coordinates":[-5.8818,43.6234]},"properties":{}},{"type":"Feature","geometry":{"type":"Point","coordinates":[-5.8836,43.6238]},"properties":{}},{"type":"Feature","geometry":{"type":"Point","coordinates":[-5.8847,43.624]},"properties":{}},{"type":"Feature","geometry":{"type":"Point","coordinates":[-5.8851,43.6232]},"properties":{}},{"type":"Feature","geometry":{"type":"Point","coordinates":[-5.8857,43.623]},"properties":{}},{"type":"Feature","geometry":{"type":"Point","coordinates":[-5.8891,43.6229]},"properties":{}},{"type":"Feature","geometry":{"type":"Point","coordinates":[-6.1141,43.5559]},"properties":{}},{"type":"Feature","geometry":{"type":"Point","coordinates":[-6.1145,43.556]},"properties":{}},{"type":"Feature","geometry":{"type":"Point","coordinates":[-6.1147,43.5564]},"properties":{}},{"type":"Feature","geometry":{"type":"Point","coordinates":[-6.1149,43.5566]},"properties":{}},{"type":"Feature","geometry":{"type":"Point","coordinates":[-6.1154,43.5548]},"properties":{}},{"type":"Feature","geometry":{"type":"Point","coordinates":[-6.1206,43.5555]},"properties":{}},{"type":"Feature","geometry":{"type":"Point","coordinates":[-6.1921,43.5699]},"properties":{}},{"type":"Feature","geometry":{"type":"Point","coordinates":[-6.1913,43.5707]},"properties":{}},{"type":"Feature","geometry":{"type":"Point","coordinates":[-6.1915,43.5715]},"properties":{}},{"type":"Feature","geometry":{"type":"Point","coordinates":[-6.1907,43.5723]},"properties":{}},{"type":"Feature","geometry":{"type":"Point","coordinates":[-6.1908,43.5729]},"properties":{}},{"type":"Feature","geometry":{"type":"Point","coordinates":[-6.1901,43.5735]},"properties":{}},{"type":"Feature","geometry":{"type":"Point","coordinates":[-6.1895,43.5747]},"properties":{}},{"type":"Feature","geometry":{"type":"Point","coordinates":[-6.1884,43.576]},"properties":{}},{"type":"Feature","geometry":{"type":"Point","coordinates":[-6.1881,43.5774]},"properties":{}},{"type":"Feature","geometry":{"type":"Point","coordinates":[-6.1886,43.578]},"properties":{}},{"type":"Feature","geometry":{"type":"Point","coordinates":[-6.1882,43.5791]},"properties":{}},{"type":"Feature","geometry":{"type":"Point","coordinates":[-6.1892,43.5794]},"properties":{}},{"type":"Feature","geometry":{"type":"Point","coordinates":[-6.192,43.5795]},"properties":{}},{"type":"Feature","geometry":{"type":"Point","coordinates":[-6.1924,43.5801]},"properties":{}},{"type":"Feature","geometry":{"type":"Point","coordinates":[-6.1932,43.5801]},"properties":{}},{"type":"Feature","geometry":{"type":"Point","coordinates":[-6.194,43.5802]},"properties":{}},{"type":"Feature","geometry":{"type":"Point","coordinates":[-6.1942,43.5795]},"properties":{}},{"type":"Feature","geometry":{"type":"Point","coordinates":[-6.1946,43.579]},"properties":{}},{"type":"Feature","geometry":{"type":"Point","coordinates":[-6.1941,43.5787]},"properties":{}},{"type":"Feature","geometry":{"type":"Point","coordinates":[-6.1938,43.5769]},"properties":{}},{"type":"Feature","geometry":{"type":"Point","coordinates":[-6.1961,43.5749]},"properties":{}},{"type":"Feature","geometry":{"type":"Point","coordinates":[-6.1978,43.5742]},"properties":{}},{"type":"Feature","geometry":{"type":"Point","coordinates":[-6.1994,43.5724]},"properties":{}},{"type":"Feature","geometry":{"type":"Point","coordinates":[-6.2028,43.5726]},"properties":{}},{"type":"Feature","geometry":{"type":"Point","coordinates":[-6.205,43.574]},"properties":{}},{"type":"Feature","geometry":{"type":"Point","coordinates":[-6.2055,43.5757]},"properties":{}},{"type":"Feature","geometry":{"type":"Point","coordinates":[-6.1123,43.5551]},"properties":{}},{"type":"Feature","geometry":{"type":"Point","coordinates":[-6.1142,43.5553]},"properties":{}},{"type":"Feature","geometry":{"type":"Point","coordinates":[-6.2223,43.5825]},"properties":{}},{"type":"Feature","geometry":{"type":"Point","coordinates":[-6.2244,43.5822]},"properties":{}},{"type":"Feature","geometry":{"type":"Point","coordinates":[-6.3717,43.5543]},"properties":{}},{"type":"Feature","geometry":{"type":"Point","coordinates":[-6.3693,43.5563]},"properties":{}},{"type":"Feature","geometry":{"type":"Point","coordinates":[-6.3699,43.5577]},"properties":{}},{"type":"Feature","geometry":{"type":"Point","coordinates":[-6.3733,43.5555]},"properties":{}},{"type":"Feature","geometry":{"type":"Point","coordinates":[-6.3783,43.556]},"properties":{}},{"type":"Feature","geometry":{"type":"Point","coordinates":[-6.3833,43.5558]},"properties":{}},{"type":"Feature","geometry":{"type":"Point","coordinates":[-6.3848,43.5565]},"properties":{}},{"type":"Feature","geometry":{"type":"Point","coordinates":[-6.3875,43.5571]},"properties":{}},{"type":"Feature","geometry":{"type":"Point","coordinates":[-6.3892,43.5579]},"properties":{}},{"type":"Feature","geometry":{"type":"Point","coordinates":[-6.3899,43.5583]},"properties":{}},{"type":"Feature","geometry":{"type":"Point","coordinates":[-6.3914,43.5585]},"properties":{}},{"type":"Feature","geometry":{"type":"Point","coordinates":[-6.3946,43.5588]},"properties":{}},{"type":"Feature","geometry":{"type":"Point","coordinates":[-6.3955,43.5593]},"properties":{}},{"type":"Feature","geometry":{"type":"Point","coordinates":[-6.397,43.5594]},"properties":{}},{"type":"Feature","geometry":{"type":"Point","coordinates":[-6.3715,43.5518]},"properties":{}},{"type":"Feature","geometry":{"type":"Point","coordinates":[-6.3723,43.5541]},"properties":{}},{"type":"Feature","geometry":{"type":"Point","coordinates":[-6.5353,43.5463]},"properties":{}},{"type":"Feature","geometry":{"type":"Point","coordinates":[-6.5298,43.548]},"properties":{}},{"type":"Feature","geometry":{"type":"Point","coordinates":[-6.5314,43.5483]},"properties":{}},{"type":"Feature","geometry":{"type":"Point","coordinates":[-6.5315,43.5498]},"properties":{}},{"type":"Feature","geometry":{"type":"Point","coordinates":[-6.532,43.5501]},"properties":{}},{"type":"Feature","geometry":{"type":"Point","coordinates":[-6.5326,43.5503]},"properties":{}},{"type":"Feature","geometry":{"type":"Point","coordinates":[-6.5327,43.5504]},"properties":{}},{"type":"Feature","geometry":{"type":"Point","coordinates":[-6.5331,43.55]},"properties":{}},{"type":"Feature","geometry":{"type":"Point","coordinates":[-6.5331,43.5493]},"properties":{}},{"type":"Feature","geometry":{"type":"Point","coordinates":[-6.5344,43.5484]},"properties":{}},{"type":"Feature","geometry":{"type":"Point","coordinates":[-6.5196,43.549]},"properties":{}},{"type":"Feature","geometry":{"type":"Point","coordinates":[-6.5207,43.5495]},"properties":{}},{"type":"Feature","geometry":{"type":"Point","coordinates":[-6.5212,43.5501]},"properties":{}},{"type":"Feature","geometry":{"type":"Point","coordinates":[-6.523,43.5501]},"properties":{}},{"type":"Feature","geometry":{"type":"Point","coordinates":[-6.5244,43.5504]},"properties":{}},{"type":"Feature","geometry":{"type":"Point","coordinates":[-6.5264,43.5495]},"properties":{}},{"type":"Feature","geometry":{"type":"Point","coordinates":[-6.5274,43.5496]},"properties":{}},{"type":"Feature","geometry":{"type":"Point","coordinates":[-6.5291,43.549]},"properties":{}},{"type":"Feature","geometry":{"type":"Point","coordinates":[-4.7304,43.4172]},"properties":{}},{"type":"Feature","geometry":{"type":"Point","coordinates":[-4.7305,43.4175]},"properties":{}},{"type":"Feature","geometry":{"type":"Point","coordinates":[-4.7299,43.4179]},"properties":{}},{"type":"Feature","geometry":{"type":"Point","coordinates":[-4.7297,43.4183]},"properties":{}},{"type":"Feature","geometry":{"type":"Point","coordinates":[-4.7306,43.4186]},"properties":{}},{"type":"Feature","geometry":{"type":"Point","coordinates":[-4.7313,43.4186]},"properties":{}},{"type":"Feature","geometry":{"type":"Point","coordinates":[-4.7319,43.4178]},"properties":{}},{"type":"Feature","geometry":{"type":"Point","coordinates":[-4.7317,43.4175]},"properties":{}},{"type":"Feature","geometry":{"type":"Point","coordinates":[-4.7312,43.4174]},"properties":{}},{"type":"Feature","geometry":{"type":"Point","coordinates":[-4.731,43.4172]},"properties":{}},{"type":"Feature","geometry":{"type":"Point","coordinates":[-4.7306,43.4172]},"properties":{}},{"type":"Feature","geometry":{"type":"Point","coordinates":[-4.7286,43.4166]},"properties":{}},{"type":"Feature","geometry":{"type":"Point","coordinates":[-4.7282,43.417]},"properties":{}},{"type":"Feature","geometry":{"type":"Point","coordinates":[-4.7289,43.4171]},"properties":{}},{"type":"Feature","geometry":{"type":"Point","coordinates":[-4.7295,43.4169]},"properties":{}},{"type":"Feature","geometry":{"type":"Point","coordinates":[-4.7292,43.4166]},"properties":{}},{"type":"Feature","geometry":{"type":"Point","coordinates":[-5.696,43.5546]},"properties":{}},{"type":"Feature","geometry":{"type":"Point","coordinates":[-5.6928,43.5525]},"properties":{}},{"type":"Feature","geometry":{"type":"Point","coordinates":[-5.6943,43.551]},"properties":{}},{"type":"Feature","geometry":{"type":"Point","coordinates":[-5.6952,43.5502]},"properties":{}},{"type":"Feature","geometry":{"type":"Point","coordinates":[-3.8289,43.408]},"properties":{}},{"type":"Feature","geometry":{"type":"Point","coordinates":[-3.8279,43.4122]},"properties":{}},{"type":"Feature","geometry":{"type":"Point","coordinates":[-3.8228,43.414]},"properties":{}},{"type":"Feature","geometry":{"type":"Point","coordinates":[-3.8202,43.4146]},"properties":{}},{"type":"Feature","geometry":{"type":"Point","coordinates":[-3.817,43.4143]},"properties":{}},{"type":"Feature","geometry":{"type":"Point","coordinates":[-3.8146,43.4161]},"properties":{}},{"type":"Feature","geometry":{"type":"Point","coordinates":[-3.8144,43.4161]},"properties":{}},{"type":"Feature","geometry":{"type":"Point","coordinates":[-3.8101,43.4195]},"properties":{}},{"type":"Feature","geometry":{"type":"Point","coordinates":[-3.8161,43.4022]},"properties":{}},{"type":"Feature","geometry":{"type":"Point","coordinates":[-3.8158,43.4023]},"properties":{}},{"type":"Feature","geometry":{"type":"Point","coordinates":[-3.8156,43.4026]},"properties":{}},{"type":"Feature","geometry":{"type":"Point","coordinates":[-3.8156,43.4027]},"properties":{}},{"type":"Feature","geometry":{"type":"Point","coordinates":[-3.8156,43.4026]},"properties":{}},{"type":"Feature","geometry":{"type":"Point","coordinates":[-3.8157,43.4025]},"properties":{}},{"type":"Feature","geometry":{"type":"Point","coordinates":[-3.8157,43.4025]},"properties":{}},{"type":"Feature","geometry":{"type":"Point","coordinates":[-3.8163,43.4025]},"properties":{}},{"type":"Feature","geometry":{"type":"Point","coordinates":[-3.8164,43.4028]},"properties":{}},{"type":"Feature","geometry":{"type":"Point","coordinates":[-3.8199,43.408]},"properties":{}},{"type":"Feature","geometry":{"type":"Point","coordinates":[-3.8203,43.4087]},"properties":{}},{"type":"Feature","geometry":{"type":"Point","coordinates":[-3.8207,43.4099]},"properties":{}},{"type":"Feature","geometry":{"type":"Point","coordinates":[-3.8211,43.4117]},"properties":{}},{"type":"Feature","geometry":{"type":"Point","coordinates":[-3.8218,43.4123]},"properties":{}},{"type":"Feature","geometry":{"type":"Point","coordinates":[-3.8233,43.4118]},"properties":{}},{"type":"Feature","geometry":{"type":"Point","coordinates":[-3.8248,43.4109]},"properties":{}},{"type":"Feature","geometry":{"type":"Point","coordinates":[-3.8261,43.41]},"properties":{}},{"type":"Feature","geometry":{"type":"Point","coordinates":[-3.8264,43.4086]},"properties":{}},{"type":"Feature","geometry":{"type":"Point","coordinates":[-3.828,43.4076]},"properties":{}},{"type":"Feature","geometry":{"type":"Point","coordinates":[-3.8098,43.3948]},"properties":{}},{"type":"Feature","geometry":{"type":"Point","coordinates":[-3.8109,43.3956]},"properties":{}},{"type":"Feature","geometry":{"type":"Point","coordinates":[-3.8126,43.3965]},"properties":{}},{"type":"Feature","geometry":{"type":"Point","coordinates":[-3.8135,43.3974]},"properties":{}},{"type":"Feature","geometry":{"type":"Point","coordinates":[-3.8134,43.3978]},"properties":{}},{"type":"Feature","geometry":{"type":"Point","coordinates":[-3.8136,43.3983]},"properties":{}},{"type":"Feature","geometry":{"type":"Point","coordinates":[-3.8139,43.3992]},"properties":{}},{"type":"Feature","geometry":{"type":"Point","coordinates":[-3.8142,43.3993]},"properties":{}},{"type":"Feature","geometry":{"type":"Point","coordinates":[-3.8147,43.3992]},"properties":{}},{"type":"Feature","geometry":{"type":"Point","coordinates":[-3.8151,43.3995]},"properties":{}},{"type":"Feature","geometry":{"type":"Point","coordinates":[-3.8158,43.4009]},"properties":{}},{"type":"Feature","geometry":{"type":"Point","coordinates":[-3.8161,43.4015]},"properties":{}},{"type":"Feature","geometry":{"type":"Point","coordinates":[-3.8283,43.4077]},"properties":{}},{"type":"Feature","geometry":{"type":"Point","coordinates":[-3.828,43.4076]},"properties":{}},{"type":"Feature","geometry":{"type":"Point","coordinates":[-6.1474,43.5639]},"properties":{}},{"type":"Feature","geometry":{"type":"Point","coordinates":[-6.1477,43.565]},"properties":{}},{"type":"Feature","geometry":{"type":"Point","coordinates":[-6.1487,43.5652]},"properties":{}},{"type":"Feature","geometry":{"type":"Point","coordinates":[-6.1493,43.5649]},"properties":{}},{"type":"Feature","geometry":{"type":"Point","coordinates":[-6.1502,43.5661]},"properties":{}},{"type":"Feature","geometry":{"type":"Point","coordinates":[-6.1523,43.5674]},"properties":{}},{"type":"Feature","geometry":{"type":"Point","coordinates":[-6.1529,43.568]},"properties":{}},{"type":"Feature","geometry":{"type":"Point","coordinates":[-6.1479,43.5665]},"properties":{}},{"type":"Feature","geometry":{"type":"Point","coordinates":[-6.1478,43.5655]},"properties":{}},{"type":"Feature","geometry":{"type":"Point","coordinates":[-3.5264,43.4957]},"properties":{}},{"type":"Feature","geometry":{"type":"Point","coordinates":[-3.5264,43.4956]},"properties":{}},{"type":"Feature","geometry":{"type":"Point","coordinates":[-3.5264,43.4956]},"properties":{}},{"type":"Feature","geometry":{"type":"Point","coordinates":[-3.5265,43.4956]},"properties":{}},{"type":"Feature","geometry":{"type":"Point","coordinates":[-3.5265,43.4955]},"properties":{}},{"type":"Feature","geometry":{"type":"Point","coordinates":[-3.5264,43.4955]},"properties":{}},{"type":"Feature","geometry":{"type":"Point","coordinates":[-3.5262,43.4955]},"properties":{}},{"type":"Feature","geometry":{"type":"Point","coordinates":[-3.5261,43.4956]},"properties":{}},{"type":"Feature","geometry":{"type":"Point","coordinates":[-3.5261,43.4956]},"properties":{}},{"type":"Feature","geometry":{"type":"Point","coordinates":[-3.526,43.4956]},"properties":{}},{"type":"Feature","geometry":{"type":"Point","coordinates":[-3.526,43.4956]},"properties":{}},{"type":"Feature","geometry":{"type":"Point","coordinates":[-3.526,43.4955]},"properties":{}},{"type":"Feature","geometry":{"type":"Point","coordinates":[-3.526,43.4954]},"properties":{}},{"type":"Feature","geometry":{"type":"Point","coordinates":[-3.526,43.4954]},"properties":{}},{"type":"Feature","geometry":{"type":"Point","coordinates":[-3.5261,43.4955]},"properties":{}},{"type":"Feature","geometry":{"type":"Point","coordinates":[-3.5262,43.4953]},"properties":{}},{"type":"Feature","geometry":{"type":"Point","coordinates":[-3.5261,43.4952]},"properties":{}},{"type":"Feature","geometry":{"type":"Point","coordinates":[-3.526,43.4952]},"properties":{}},{"type":"Feature","geometry":{"type":"Point","coordinates":[-3.526,43.4952]},"properties":{}},{"type":"Feature","geometry":{"type":"Point","coordinates":[-3.5255,43.4951]},"properties":{}},{"type":"Feature","geometry":{"type":"Point","coordinates":[-3.5253,43.495]},"properties":{}},{"type":"Feature","geometry":{"type":"Point","coordinates":[-3.5252,43.495]},"properties":{}},{"type":"Feature","geometry":{"type":"Point","coordinates":[-3.5251,43.495]},"properties":{}},{"type":"Feature","geometry":{"type":"Point","coordinates":[-3.5249,43.4951]},"properties":{}},{"type":"Feature","geometry":{"type":"Point","coordinates":[-3.5248,43.4951]},"properties":{}},{"type":"Feature","geometry":{"type":"Point","coordinates":[-3.5248,43.4952]},"properties":{}},{"type":"Feature","geometry":{"type":"Point","coordinates":[-3.5248,43.4952]},"properties":{}},{"type":"Feature","geometry":{"type":"Point","coordinates":[-3.5248,43.4953]},"properties":{}},{"type":"Feature","geometry":{"type":"Point","coordinates":[-3.5249,43.4953]},"properties":{}},{"type":"Feature","geometry":{"type":"Point","coordinates":[-3.525,43.4954]},"properties":{}},{"type":"Feature","geometry":{"type":"Point","coordinates":[-3.5251,43.4954]},"properties":{}},{"type":"Feature","geometry":{"type":"Point","coordinates":[-3.5252,43.4954]},"properties":{}},{"type":"Feature","geometry":{"type":"Point","coordinates":[-3.5253,43.4955]},"properties":{}},{"type":"Feature","geometry":{"type":"Point","coordinates":[-3.5254,43.4956]},"properties":{}},{"type":"Feature","geometry":{"type":"Point","coordinates":[-3.5254,43.4956]},"properties":{}},{"type":"Feature","geometry":{"type":"Point","coordinates":[-3.5255,43.4957]},"properties":{}},{"type":"Feature","geometry":{"type":"Point","coordinates":[-3.5255,43.4958]},"properties":{}},{"type":"Feature","geometry":{"type":"Point","coordinates":[-3.5255,43.4958]},"properties":{}},{"type":"Feature","geometry":{"type":"Point","coordinates":[-3.5256,43.4959]},"properties":{}},{"type":"Feature","geometry":{"type":"Point","coordinates":[-3.5257,43.4959]},"properties":{}},{"type":"Feature","geometry":{"type":"Point","coordinates":[-3.5257,43.4959]},"properties":{}},{"type":"Feature","geometry":{"type":"Point","coordinates":[-3.5259,43.496]},"properties":{}},{"type":"Feature","geometry":{"type":"Point","coordinates":[-3.526,43.4959]},"properties":{}},{"type":"Feature","geometry":{"type":"Point","coordinates":[-3.526,43.4958]},"properties":{}},{"type":"Feature","geometry":{"type":"Point","coordinates":[-3.526,43.4958]},"properties":{}},{"type":"Feature","geometry":{"type":"Point","coordinates":[-3.526,43.4957]},"properties":{}},{"type":"Feature","geometry":{"type":"Point","coordinates":[-3.526,43.4958]},"properties":{}},{"type":"Feature","geometry":{"type":"Point","coordinates":[-3.526,43.4958]},"properties":{}},{"type":"Feature","geometry":{"type":"Point","coordinates":[-3.526,43.4958]},"properties":{}},{"type":"Feature","geometry":{"type":"Point","coordinates":[-3.526,43.4959]},"properties":{}},{"type":"Feature","geometry":{"type":"Point","coordinates":[-3.526,43.496]},"properties":{}},{"type":"Feature","geometry":{"type":"Point","coordinates":[-3.5262,43.496]},"properties":{}},{"type":"Feature","geometry":{"type":"Point","coordinates":[-3.5263,43.496]},"properties":{}},{"type":"Feature","geometry":{"type":"Point","coordinates":[-3.5264,43.4961]},"properties":{}},{"type":"Feature","geometry":{"type":"Point","coordinates":[-3.5263,43.4961]},"properties":{}},{"type":"Feature","geometry":{"type":"Point","coordinates":[-3.5262,43.4961]},"properties":{}},{"type":"Feature","geometry":{"type":"Point","coordinates":[-3.5262,43.4961]},"properties":{}},{"type":"Feature","geometry":{"type":"Point","coordinates":[-3.5263,43.4961]},"properties":{}},{"type":"Feature","geometry":{"type":"Point","coordinates":[-3.5264,43.4961]},"properties":{}},{"type":"Feature","geometry":{"type":"Point","coordinates":[-3.5265,43.4961]},"properties":{}},{"type":"Feature","geometry":{"type":"Point","coordinates":[-3.5265,43.496]},"properties":{}},{"type":"Feature","geometry":{"type":"Point","coordinates":[-3.5265,43.4959]},"properties":{}},{"type":"Feature","geometry":{"type":"Point","coordinates":[-3.5265,43.4959]},"properties":{}},{"type":"Feature","geometry":{"type":"Point","coordinates":[-3.5265,43.4958]},"properties":{}},{"type":"Feature","geometry":{"type":"Point","coordinates":[-3.5265,43.4957]},"properties":{}},{"type":"Feature","geometry":{"type":"Point","coordinates":[-3.5405,43.4951]},"properties":{}},{"type":"Feature","geometry":{"type":"Point","coordinates":[-3.5408,43.4949]},"properties":{}},{"type":"Feature","geometry":{"type":"Point","coordinates":[-3.5403,43.4948]},"properties":{}},{"type":"Feature","geometry":{"type":"Point","coordinates":[-3.5404,43.4951]},"properties":{}},{"type":"Feature","geometry":{"type":"Point","coordinates":[-3.5399,43.4947]},"properties":{}},{"type":"Feature","geometry":{"type":"Point","coordinates":[-3.5401,43.4947]},"properties":{}},{"type":"Feature","geometry":{"type":"Point","coordinates":[-3.5404,43.4946]},"properties":{}},{"type":"Feature","geometry":{"type":"Point","coordinates":[-3.5405,43.4944]},"properties":{}},{"type":"Feature","geometry":{"type":"Point","coordinates":[-3.5406,43.4943]},"properties":{}},{"type":"Feature","geometry":{"type":"Point","coordinates":[-3.5404,43.4941]},"properties":{}},{"type":"Feature","geometry":{"type":"Point","coordinates":[-3.54,43.4941]},"properties":{}},{"type":"Feature","geometry":{"type":"Point","coordinates":[-3.54,43.4943]},"properties":{}},{"type":"Feature","geometry":{"type":"Point","coordinates":[-3.5397,43.4944]},"properties":{}},{"type":"Feature","geometry":{"type":"Point","coordinates":[-3.5398,43.4946]},"properties":{}},{"type":"Feature","geometry":{"type":"Point","coordinates":[-3.5398,43.4947]},"properties":{}},{"type":"Feature","geometry":{"type":"Point","coordinates":[-3.5248,43.494]},"properties":{}},{"type":"Feature","geometry":{"type":"Point","coordinates":[-3.5247,43.494]},"properties":{}},{"type":"Feature","geometry":{"type":"Point","coordinates":[-3.5247,43.4941]},"properties":{}},{"type":"Feature","geometry":{"type":"Point","coordinates":[-3.5247,43.4941]},"properties":{}},{"type":"Feature","geometry":{"type":"Point","coordinates":[-3.5247,43.4942]},"properties":{}},{"type":"Feature","geometry":{"type":"Point","coordinates":[-3.5247,43.4942]},"properties":{}},{"type":"Feature","geometry":{"type":"Point","coordinates":[-3.5249,43.4942]},"properties":{}},{"type":"Feature","geometry":{"type":"Point","coordinates":[-3.5249,43.4941]},"properties":{}},{"type":"Feature","geometry":{"type":"Point","coordinates":[-3.5249,43.4941]},"properties":{}},{"type":"Feature","geometry":{"type":"Point","coordinates":[-3.5249,43.494]},"properties":{}},{"type":"Feature","geometry":{"type":"Point","coordinates":[-3.5236,43.4949]},"properties":{}},{"type":"Feature","geometry":{"type":"Point","coordinates":[-3.5237,43.4949]},"properties":{}},{"type":"Feature","geometry":{"type":"Point","coordinates":[-3.5237,43.4949]},"properties":{}},{"type":"Feature","geometry":{"type":"Point","coordinates":[-3.5237,43.495]},"properties":{}},{"type":"Feature","geometry":{"type":"Point","coordinates":[-3.5238,43.495]},"properties":{}},{"type":"Feature","geometry":{"type":"Point","coordinates":[-3.5239,43.495]},"properties":{}},{"type":"Feature","geometry":{"type":"Point","coordinates":[-3.5239,43.495]},"properties":{}},{"type":"Feature","geometry":{"type":"Point","coordinates":[-3.5239,43.495]},"properties":{}},{"type":"Feature","geometry":{"type":"Point","coordinates":[-3.5238,43.495]},"properties":{}},{"type":"Feature","geometry":{"type":"Point","coordinates":[-3.5238,43.4949]},"properties":{}},{"type":"Feature","geometry":{"type":"Point","coordinates":[-3.5238,43.4949]},"properties":{}},{"type":"Feature","geometry":{"type":"Point","coordinates":[-3.5238,43.4949]},"properties":{}},{"type":"Feature","geometry":{"type":"Point","coordinates":[-3.5238,43.4949]},"properties":{}},{"type":"Feature","geometry":{"type":"Point","coordinates":[-3.5238,43.4948]},"properties":{}},{"type":"Feature","geometry":{"type":"Point","coordinates":[-3.5237,43.4948]},"properties":{}},{"type":"Feature","geometry":{"type":"Point","coordinates":[-3.5237,43.4948]},"properties":{}},{"type":"Feature","geometry":{"type":"Point","coordinates":[-3.5235,43.4948]},"properties":{}},{"type":"Feature","geometry":{"type":"Point","coordinates":[-3.5235,43.4948]},"properties":{}},{"type":"Feature","geometry":{"type":"Point","coordinates":[-3.5234,43.4947]},"properties":{}},{"type":"Feature","geometry":{"type":"Point","coordinates":[-3.5234,43.4947]},"properties":{}},{"type":"Feature","geometry":{"type":"Point","coordinates":[-3.5232,43.4946]},"properties":{}},{"type":"Feature","geometry":{"type":"Point","coordinates":[-3.5232,43.4947]},"properties":{}},{"type":"Feature","geometry":{"type":"Point","coordinates":[-3.5231,43.4947]},"properties":{}},{"type":"Feature","geometry":{"type":"Point","coordinates":[-3.5231,43.4947]},"properties":{}},{"type":"Feature","geometry":{"type":"Point","coordinates":[-3.523,43.4948]},"properties":{}},{"type":"Feature","geometry":{"type":"Point","coordinates":[-3.523,43.4948]},"properties":{}},{"type":"Feature","geometry":{"type":"Point","coordinates":[-3.5229,43.4948]},"properties":{}},{"type":"Feature","geometry":{"type":"Point","coordinates":[-3.5229,43.4948]},"properties":{}},{"type":"Feature","geometry":{"type":"Point","coordinates":[-3.5229,43.4949]},"properties":{}},{"type":"Feature","geometry":{"type":"Point","coordinates":[-3.5228,43.4949]},"properties":{}},{"type":"Feature","geometry":{"type":"Point","coordinates":[-3.5228,43.495]},"properties":{}},{"type":"Feature","geometry":{"type":"Point","coordinates":[-3.5227,43.495]},"properties":{}},{"type":"Feature","geometry":{"type":"Point","coordinates":[-3.5227,43.495]},"properties":{}},{"type":"Feature","geometry":{"type":"Point","coordinates":[-3.5226,43.4951]},"properties":{}},{"type":"Feature","geometry":{"type":"Point","coordinates":[-3.5227,43.4951]},"properties":{}},{"type":"Feature","geometry":{"type":"Point","coordinates":[-3.5227,43.4952]},"properties":{}},{"type":"Feature","geometry":{"type":"Point","coordinates":[-3.5227,43.4952]},"properties":{}},{"type":"Feature","geometry":{"type":"Point","coordinates":[-3.5227,43.4952]},"properties":{}},{"type":"Feature","geometry":{"type":"Point","coordinates":[-3.5227,43.4953]},"properties":{}},{"type":"Feature","geometry":{"type":"Point","coordinates":[-3.5227,43.4953]},"properties":{}},{"type":"Feature","geometry":{"type":"Point","coordinates":[-3.5227,43.4954]},"properties":{}},{"type":"Feature","geometry":{"type":"Point","coordinates":[-3.5228,43.4954]},"properties":{}},{"type":"Feature","geometry":{"type":"Point","coordinates":[-3.5228,43.4954]},"properties":{}},{"type":"Feature","geometry":{"type":"Point","coordinates":[-3.5228,43.4955]},"properties":{}},{"type":"Feature","geometry":{"type":"Point","coordinates":[-3.5229,43.4955]},"properties":{}},{"type":"Feature","geometry":{"type":"Point","coordinates":[-3.5229,43.4955]},"properties":{}},{"type":"Feature","geometry":{"type":"Point","coordinates":[-3.5229,43.4955]},"properties":{}},{"type":"Feature","geometry":{"type":"Point","coordinates":[-3.523,43.4956]},"properties":{}},{"type":"Feature","geometry":{"type":"Point","coordinates":[-3.5231,43.4956]},"properties":{}},{"type":"Feature","geometry":{"type":"Point","coordinates":[-3.5232,43.4956]},"properties":{}},{"type":"Feature","geometry":{"type":"Point","coordinates":[-3.5232,43.4956]},"properties":{}},{"type":"Feature","geometry":{"type":"Point","coordinates":[-3.5232,43.4956]},"properties":{}},{"type":"Feature","geometry":{"type":"Point","coordinates":[-3.5233,43.4956]},"properties":{}},{"type":"Feature","geometry":{"type":"Point","coordinates":[-3.5233,43.4956]},"properties":{}},{"type":"Feature","geometry":{"type":"Point","coordinates":[-3.5234,43.4956]},"properties":{}},{"type":"Feature","geometry":{"type":"Point","coordinates":[-3.5234,43.4956]},"properties":{}},{"type":"Feature","geometry":{"type":"Point","coordinates":[-3.5235,43.4955]},"properties":{}},{"type":"Feature","geometry":{"type":"Point","coordinates":[-3.5235,43.4955]},"properties":{}},{"type":"Feature","geometry":{"type":"Point","coordinates":[-3.5235,43.4955]},"properties":{}},{"type":"Feature","geometry":{"type":"Point","coordinates":[-3.5235,43.4954]},"properties":{}},{"type":"Feature","geometry":{"type":"Point","coordinates":[-3.5235,43.4954]},"properties":{}},{"type":"Feature","geometry":{"type":"Point","coordinates":[-3.5235,43.4954]},"properties":{}},{"type":"Feature","geometry":{"type":"Point","coordinates":[-3.5235,43.4953]},"properties":{}},{"type":"Feature","geometry":{"type":"Point","coordinates":[-3.5235,43.4953]},"properties":{}},{"type":"Feature","geometry":{"type":"Point","coordinates":[-3.5235,43.4952]},"properties":{}},{"type":"Feature","geometry":{"type":"Point","coordinates":[-3.5235,43.4952]},"properties":{}},{"type":"Feature","geometry":{"type":"Point","coordinates":[-3.5235,43.4952]},"properties":{}},{"type":"Feature","geometry":{"type":"Point","coordinates":[-3.5235,43.4951]},"properties":{}},{"type":"Feature","geometry":{"type":"Point","coordinates":[-3.5235,43.4951]},"properties":{}},{"type":"Feature","geometry":{"type":"Point","coordinates":[-3.5236,43.4951]},"properties":{}},{"type":"Feature","geometry":{"type":"Point","coordinates":[-3.5237,43.4951]},"properties":{}},{"type":"Feature","geometry":{"type":"Point","coordinates":[-3.5237,43.495]},"properties":{}},{"type":"Feature","geometry":{"type":"Point","coordinates":[-3.5237,43.495]},"properties":{}},{"type":"Feature","geometry":{"type":"Point","coordinates":[-3.5236,43.495]},"properties":{}},{"type":"Feature","geometry":{"type":"Point","coordinates":[-3.5236,43.4949]},"properties":{}},{"type":"Feature","geometry":{"type":"Point","coordinates":[-3.5232,43.4944]},"properties":{}},{"type":"Feature","geometry":{"type":"Point","coordinates":[-3.5232,43.4943]},"properties":{}},{"type":"Feature","geometry":{"type":"Point","coordinates":[-3.523,43.4942]},"properties":{}},{"type":"Feature","geometry":{"type":"Point","coordinates":[-3.5229,43.4943]},"properties":{}},{"type":"Feature","geometry":{"type":"Point","coordinates":[-3.5232,43.4944]},"properties":{}},{"type":"Feature","geometry":{"type":"Point","coordinates":[-3.5309,43.493]},"properties":{}},{"type":"Feature","geometry":{"type":"Point","coordinates":[-3.5312,43.4931]},"properties":{}},{"type":"Feature","geometry":{"type":"Point","coordinates":[-3.5308,43.4929]},"properties":{}},{"type":"Feature","geometry":{"type":"Point","coordinates":[-3.5248,43.4979]},"properties":{}},{"type":"Feature","geometry":{"type":"Point","coordinates":[-3.5248,43.4982]},"properties":{}},{"type":"Feature","geometry":{"type":"Point","coordinates":[-3.5248,43.4979]},"properties":{}},{"type":"Feature","geometry":{"type":"Point","coordinates":[-3.514,43.4866]},"properties":{}},{"type":"Feature","geometry":{"type":"Point","coordinates":[-3.5138,43.4867]},"properties":{}},{"type":"Feature","geometry":{"type":"Point","coordinates":[-5.2542,43.5007]},"properties":{}},{"type":"Feature","geometry":{"type":"Point","coordinates":[-5.262,43.5011]},"properties":{}},{"type":"Feature","geometry":{"type":"Point","coordinates":[-5.2653,43.5037]},"properties":{}},{"type":"Feature","geometry":{"type":"Point","coordinates":[-5.2697,43.5071]},"properties":{}},{"type":"Feature","geometry":{"type":"Point","coordinates":[-5.2245,43.4814]},"properties":{}},{"type":"Feature","geometry":{"type":"Point","coordinates":[-5.2238,43.4829]},"properties":{}},{"type":"Feature","geometry":{"type":"Point","coordinates":[-5.224,43.4841]},"properties":{}},{"type":"Feature","geometry":{"type":"Point","coordinates":[-5.2255,43.4844]},"properties":{}},{"type":"Feature","geometry":{"type":"Point","coordinates":[-5.2262,43.4852]},"properties":{}},{"type":"Feature","geometry":{"type":"Point","coordinates":[-5.227,43.486]},"properties":{}},{"type":"Feature","geometry":{"type":"Point","coordinates":[-5.2275,43.4863]},"properties":{}},{"type":"Feature","geometry":{"type":"Point","coordinates":[-5.2285,43.4861]},"properties":{}},{"type":"Feature","geometry":{"type":"Point","coordinates":[-5.2298,43.4857]},"properties":{}},{"type":"Feature","geometry":{"type":"Point","coordinates":[-5.2305,43.4868]},"properties":{}},{"type":"Feature","geometry":{"type":"Point","coordinates":[-5.7443,43.5814]},"properties":{}},{"type":"Feature","geometry":{"type":"Point","coordinates":[-5.7443,43.5817]},"properties":{}},{"type":"Feature","geometry":{"type":"Point","coordinates":[-5.7435,43.5821]},"properties":{}},{"type":"Feature","geometry":{"type":"Point","coordinates":[-5.7441,43.5823]},"properties":{}},{"type":"Feature","geometry":{"type":"Point","coordinates":[-5.7443,43.5828]},"properties":{}},{"type":"Feature","geometry":{"type":"Point","coordinates":[-5.7459,43.5833]},"properties":{}},{"type":"Feature","geometry":{"type":"Point","coordinates":[-5.7471,43.5837]},"properties":{}},{"type":"Feature","geometry":{"type":"Point","coordinates":[-5.7472,43.5844]},"properties":{}},{"type":"Feature","geometry":{"type":"Point","coordinates":[-5.749,43.5851]},"properties":{}},{"type":"Feature","geometry":{"type":"Point","coordinates":[-5.7504,43.5842]},"properties":{}},{"type":"Feature","geometry":{"type":"Point","coordinates":[-5.751,43.5833]},"properties":{}},{"type":"Feature","geometry":{"type":"Point","coordinates":[-5.7513,43.5825]},"properties":{}},{"type":"Feature","geometry":{"type":"Point","coordinates":[-5.7532,43.5827]},"properties":{}},{"type":"Feature","geometry":{"type":"Point","coordinates":[-5.7543,43.5831]},"properties":{}},{"type":"Feature","geometry":{"type":"Point","coordinates":[-5.7543,43.5833]},"properties":{}},{"type":"Feature","geometry":{"type":"Point","coordinates":[-5.7121,43.5684]},"properties":{}},{"type":"Feature","geometry":{"type":"Point","coordinates":[-5.7126,43.5686]},"properties":{}},{"type":"Feature","geometry":{"type":"Point","coordinates":[-5.7131,43.5686]},"properties":{}},{"type":"Feature","geometry":{"type":"Point","coordinates":[-5.7138,43.5685]},"properties":{}},{"type":"Feature","geometry":{"type":"Point","coordinates":[-5.7147,43.5689]},"properties":{}},{"type":"Feature","geometry":{"type":"Point","coordinates":[-5.7156,43.5688]},"properties":{}},{"type":"Feature","geometry":{"type":"Point","coordinates":[-5.7181,43.5691]},"properties":{}},{"type":"Feature","geometry":{"type":"Point","coordinates":[-5.7182,43.5699]},"properties":{}},{"type":"Feature","geometry":{"type":"Point","coordinates":[-5.7194,43.5696]},"properties":{}},{"type":"Feature","geometry":{"type":"Point","coordinates":[-5.7217,43.57]},"properties":{}},{"type":"Feature","geometry":{"type":"Point","coordinates":[-3.1684,43.3561]},"properties":{}},{"type":"Feature","geometry":{"type":"Point","coordinates":[-3.1682,43.3561]},"properties":{}},{"type":"Feature","geometry":{"type":"Point","coordinates":[-3.1968,43.3717]},"properties":{}},{"type":"Feature","geometry":{"type":"Point","coordinates":[-3.1968,43.3718]},"properties":{}},{"type":"Feature","geometry":{"type":"Point","coordinates":[-3.1968,43.3719]},"properties":{}},{"type":"Feature","geometry":{"type":"Point","coordinates":[-3.1968,43.3717]},"properties":{}},{"type":"Feature","geometry":{"type":"Point","coordinates":[-3.1959,43.3713]},"properties":{}},{"type":"Feature","geometry":{"type":"Point","coordinates":[-3.1958,43.3715]},"properties":{}},{"type":"Feature","geometry":{"type":"Point","coordinates":[-3.1958,43.3714]},"properties":{}},{"type":"Feature","geometry":{"type":"Point","coordinates":[-3.1958,43.3715]},"properties":{}},{"type":"Feature","geometry":{"type":"Point","coordinates":[-3.1962,43.3714]},"properties":{}},{"type":"Feature","geometry":{"type":"Point","coordinates":[-3.1962,43.3714]},"properties":{}},{"type":"Feature","geometry":{"type":"Point","coordinates":[-3.1588,43.3526]},"properties":{}},{"type":"Feature","geometry":{"type":"Point","coordinates":[-3.1588,43.3525]},"properties":{}},{"type":"Feature","geometry":{"type":"Point","coordinates":[-3.1591,43.3524]},"properties":{}},{"type":"Feature","geometry":{"type":"Point","coordinates":[-3.1593,43.3523]},"properties":{}},{"type":"Feature","geometry":{"type":"Point","coordinates":[-3.1596,43.3523]},"properties":{}},{"type":"Feature","geometry":{"type":"Point","coordinates":[-3.1597,43.3522]},"properties":{}},{"type":"Feature","geometry":{"type":"Point","coordinates":[-3.1599,43.3522]},"properties":{}},{"type":"Feature","geometry":{"type":"Point","coordinates":[-3.16,43.3521]},"properties":{}},{"type":"Feature","geometry":{"type":"Point","coordinates":[-3.1603,43.3522]},"properties":{}},{"type":"Feature","geometry":{"type":"Point","coordinates":[-3.1607,43.3521]},"properties":{}},{"type":"Feature","geometry":{"type":"Point","coordinates":[-3.1606,43.3518]},"properties":{}},{"type":"Feature","geometry":{"type":"Point","coordinates":[-3.1605,43.3516]},"properties":{}},{"type":"Feature","geometry":{"type":"Point","coordinates":[-3.1606,43.3515]},"properties":{}},{"type":"Feature","geometry":{"type":"Point","coordinates":[-3.1611,43.3514]},"properties":{}},{"type":"Feature","geometry":{"type":"Point","coordinates":[-3.1612,43.3513]},"properties":{}},{"type":"Feature","geometry":{"type":"Point","coordinates":[-3.1528,43.3533]},"properties":{}},{"type":"Feature","geometry":{"type":"Point","coordinates":[-3.1538,43.3534]},"properties":{}},{"type":"Feature","geometry":{"type":"Point","coordinates":[-3.1554,43.353]},"properties":{}},{"type":"Feature","geometry":{"type":"Point","coordinates":[-3.1574,43.3531]},"properties":{}},{"type":"Feature","geometry":{"type":"Point","coordinates":[-3.1795,43.3582]},"properties":{}},{"type":"Feature","geometry":{"type":"Point","coordinates":[-3.1795,43.3581]},"properties":{}},{"type":"Feature","geometry":{"type":"Point","coordinates":[-3.1796,43.3582]},"properties":{}},{"type":"Feature","geometry":{"type":"Point","coordinates":[-3.1796,43.3581]},"properties":{}},{"type":"Feature","geometry":{"type":"Point","coordinates":[-3.1795,43.3581]},"properties":{}},{"type":"Feature","geometry":{"type":"Point","coordinates":[-3.1795,43.3582]},"properties":{}},{"type":"Feature","geometry":{"type":"Point","coordinates":[-3.1798,43.358]},"properties":{}},{"type":"Feature","geometry":{"type":"Point","coordinates":[-3.1789,43.3577]},"properties":{}},{"type":"Feature","geometry":{"type":"Point","coordinates":[-3.1791,43.3578]},"properties":{}},{"type":"Feature","geometry":{"type":"Point","coordinates":[-3.1792,43.3579]},"properties":{}},{"type":"Feature","geometry":{"type":"Point","coordinates":[-3.1793,43.3575]},"properties":{}},{"type":"Feature","geometry":{"type":"Point","coordinates":[-3.1795,43.3576]},"properties":{}},{"type":"Feature","geometry":{"type":"Point","coordinates":[-3.1797,43.3577]},"properties":{}},{"type":"Feature","geometry":{"type":"Point","coordinates":[-3.1799,43.3577]},"properties":{}},{"type":"Feature","geometry":{"type":"Point","coordinates":[-3.1799,43.3578]},"properties":{}},{"type":"Feature","geometry":{"type":"Point","coordinates":[-3.1773,43.3569]},"properties":{}},{"type":"Feature","geometry":{"type":"Point","coordinates":[-3.1779,43.357]},"properties":{}},{"type":"Feature","geometry":{"type":"Point","coordinates":[-3.1779,43.3572]},"properties":{}},{"type":"Feature","geometry":{"type":"Point","coordinates":[-3.1784,43.3572]},"properties":{}},{"type":"Feature","geometry":{"type":"Point","coordinates":[-3.1784,43.3575]},"properties":{}},{"type":"Feature","geometry":{"type":"Point","coordinates":[-3.1786,43.3576]},"properties":{}},{"type":"Feature","geometry":{"type":"Point","coordinates":[-3.1786,43.3578]},"properties":{}},{"type":"Feature","geometry":{"type":"Point","coordinates":[-3.1788,43.3578]},"properties":{}},{"type":"Feature","geometry":{"type":"Point","coordinates":[-3.1613,43.3512]},"properties":{}},{"type":"Feature","geometry":{"type":"Point","coordinates":[-3.1624,43.3513]},"properties":{}},{"type":"Feature","geometry":{"type":"Point","coordinates":[-3.1628,43.3515]},"properties":{}},{"type":"Feature","geometry":{"type":"Point","coordinates":[-3.163,43.3515]},"properties":{}},{"type":"Feature","geometry":{"type":"Point","coordinates":[-3.1633,43.3516]},"properties":{}},{"type":"Feature","geometry":{"type":"Point","coordinates":[-3.1635,43.3518]},"properties":{}},{"type":"Feature","geometry":{"type":"Point","coordinates":[-3.1638,43.352]},"properties":{}},{"type":"Feature","geometry":{"type":"Point","coordinates":[-3.1639,43.3522]},"properties":{}},{"type":"Feature","geometry":{"type":"Point","coordinates":[-3.1639,43.3525]},"properties":{}},{"type":"Feature","geometry":{"type":"Point","coordinates":[-3.164,43.3527]},"properties":{}},{"type":"Feature","geometry":{"type":"Point","coordinates":[-3.1641,43.3526]},"properties":{}},{"type":"Feature","geometry":{"type":"Point","coordinates":[-3.1643,43.3529]},"properties":{}},{"type":"Feature","geometry":{"type":"Point","coordinates":[-3.1644,43.3529]},"properties":{}},{"type":"Feature","geometry":{"type":"Point","coordinates":[-3.1646,43.3527]},"properties":{}},{"type":"Feature","geometry":{"type":"Point","coordinates":[-3.1648,43.3529]},"properties":{}},{"type":"Feature","geometry":{"type":"Point","coordinates":[-3.1648,43.353]},"properties":{}},{"type":"Feature","geometry":{"type":"Point","coordinates":[-3.1649,43.3533]},"properties":{}},{"type":"Feature","geometry":{"type":"Point","coordinates":[-3.1653,43.3536]},"properties":{}},{"type":"Feature","geometry":{"type":"Point","coordinates":[-3.1655,43.3537]},"properties":{}},{"type":"Feature","geometry":{"type":"Point","coordinates":[-3.166,43.354]},"properties":{}},{"type":"Feature","geometry":{"type":"Point","coordinates":[-3.1666,43.3542]},"properties":{}},{"type":"Feature","geometry":{"type":"Point","coordinates":[-3.1669,43.3542]},"properties":{}},{"type":"Feature","geometry":{"type":"Point","coordinates":[-3.167,43.3544]},"properties":{}},{"type":"Feature","geometry":{"type":"Point","coordinates":[-3.1672,43.3544]},"properties":{}},{"type":"Feature","geometry":{"type":"Point","coordinates":[-3.1675,43.3546]},"properties":{}},{"type":"Feature","geometry":{"type":"Point","coordinates":[-3.1674,43.3548]},"properties":{}},{"type":"Feature","geometry":{"type":"Point","coordinates":[-3.1678,43.3551]},"properties":{}},{"type":"Feature","geometry":{"type":"Point","coordinates":[-3.168,43.3551]},"properties":{}},{"type":"Feature","geometry":{"type":"Point","coordinates":[-3.1684,43.3549]},"properties":{}},{"type":"Feature","geometry":{"type":"Point","coordinates":[-3.1688,43.355]},"properties":{}},{"type":"Feature","geometry":{"type":"Point","coordinates":[-3.1693,43.355]},"properties":{}},{"type":"Feature","geometry":{"type":"Point","coordinates":[-3.1695,43.3553]},"properties":{}},{"type":"Feature","geometry":{"type":"Point","coordinates":[-3.1694,43.3556]},"properties":{}},{"type":"Feature","geometry":{"type":"Point","coordinates":[-3.1693,43.3556]},"properties":{}},{"type":"Feature","geometry":{"type":"Point","coordinates":[-3.1691,43.356]},"properties":{}},{"type":"Feature","geometry":{"type":"Point","coordinates":[-3.1689,43.3562]},"properties":{}},{"type":"Feature","geometry":{"type":"Point","coordinates":[-3.169,43.3563]},"properties":{}},{"type":"Feature","geometry":{"type":"Point","coordinates":[-3.169,43.3565]},"properties":{}},{"type":"Feature","geometry":{"type":"Point","coordinates":[-3.1689,43.3566]},"properties":{}},{"type":"Feature","geometry":{"type":"Point","coordinates":[-3.1688,43.3568]},"properties":{}},{"type":"Feature","geometry":{"type":"Point","coordinates":[-3.1689,43.3569]},"properties":{}},{"type":"Feature","geometry":{"type":"Point","coordinates":[-3.1691,43.3571]},"properties":{}},{"type":"Feature","geometry":{"type":"Point","coordinates":[-3.1691,43.3573]},"properties":{}},{"type":"Feature","geometry":{"type":"Point","coordinates":[-3.1693,43.3574]},"properties":{}},{"type":"Feature","geometry":{"type":"Point","coordinates":[-3.1695,43.3576]},"properties":{}},{"type":"Feature","geometry":{"type":"Point","coordinates":[-3.1694,43.3577]},"properties":{}},{"type":"Feature","geometry":{"type":"Point","coordinates":[-3.1696,43.3578]},"properties":{}},{"type":"Feature","geometry":{"type":"Point","coordinates":[-3.1704,43.3582]},"properties":{}},{"type":"Feature","geometry":{"type":"Point","coordinates":[-3.1707,43.3585]},"properties":{}},{"type":"Feature","geometry":{"type":"Point","coordinates":[-3.1733,43.3587]},"properties":{}},{"type":"Feature","geometry":{"type":"Point","coordinates":[-3.1737,43.3582]},"properties":{}},{"type":"Feature","geometry":{"type":"Point","coordinates":[-3.1739,43.3571]},"properties":{}},{"type":"Feature","geometry":{"type":"Point","coordinates":[-3.1752,43.3567]},"properties":{}},{"type":"Feature","geometry":{"type":"Point","coordinates":[-3.1755,43.3568]},"properties":{}},{"type":"Feature","geometry":{"type":"Point","coordinates":[-3.1756,43.3568]},"properties":{}},{"type":"Feature","geometry":{"type":"Point","coordinates":[-3.1757,43.3569]},"properties":{}},{"type":"Feature","geometry":{"type":"Point","coordinates":[-3.1758,43.3569]},"properties":{}},{"type":"Feature","geometry":{"type":"Point","coordinates":[-3.1761,43.357]},"properties":{}},{"type":"Feature","geometry":{"type":"Point","coordinates":[-3.1763,43.3571]},"properties":{}},{"type":"Feature","geometry":{"type":"Point","coordinates":[-3.1765,43.3571]},"properties":{}},{"type":"Feature","geometry":{"type":"Point","coordinates":[-3.1767,43.3569]},"properties":{}},{"type":"Feature","geometry":{"type":"Point","coordinates":[-3.177,43.3569]},"properties":{}},{"type":"Feature","geometry":{"type":"Point","coordinates":[-3.1773,43.3569]},"properties":{}},{"type":"Feature","geometry":{"type":"Point","coordinates":[-3.1772,43.3571]},"properties":{}},{"type":"Feature","geometry":{"type":"Point","coordinates":[-3.1771,43.3571]},"properties":{}},{"type":"Feature","geometry":{"type":"Point","coordinates":[-3.1772,43.3572]},"properties":{}},{"type":"Feature","geometry":{"type":"Point","coordinates":[-3.1772,43.3571]},"properties":{}},{"type":"Feature","geometry":{"type":"Point","coordinates":[-3.1772,43.3571]},"properties":{}},{"type":"Feature","geometry":{"type":"Point","coordinates":[-3.1773,43.3571]},"properties":{}},{"type":"Feature","geometry":{"type":"Point","coordinates":[-3.1772,43.357]},"properties":{}},{"type":"Feature","geometry":{"type":"Point","coordinates":[-3.1779,43.3573]},"properties":{}},{"type":"Feature","geometry":{"type":"Point","coordinates":[-3.178,43.3574]},"properties":{}},{"type":"Feature","geometry":{"type":"Point","coordinates":[-3.178,43.3574]},"properties":{}},{"type":"Feature","geometry":{"type":"Point","coordinates":[-3.178,43.3573]},"properties":{}},{"type":"Feature","geometry":{"type":"Point","coordinates":[-3.1783,43.3578]},"properties":{}},{"type":"Feature","geometry":{"type":"Point","coordinates":[-3.1783,43.3579]},"properties":{}},{"type":"Feature","geometry":{"type":"Point","coordinates":[-3.1783,43.3579]},"properties":{}},{"type":"Feature","geometry":{"type":"Point","coordinates":[-3.1783,43.3578]},"properties":{}},{"type":"Feature","geometry":{"type":"Point","coordinates":[-3.1787,43.3579]},"properties":{}},{"type":"Feature","geometry":{"type":"Point","coordinates":[-3.1787,43.358]},"properties":{}},{"type":"Feature","geometry":{"type":"Point","coordinates":[-3.1787,43.3579]},"properties":{}},{"type":"Feature","geometry":{"type":"Point","coordinates":[-3.1788,43.3579]},"properties":{}},{"type":"Feature","geometry":{"type":"Point","coordinates":[-3.1788,43.358]},"properties":{}},{"type":"Feature","geometry":{"type":"Point","coordinates":[-3.1788,43.3579]},"properties":{}},{"type":"Feature","geometry":{"type":"Point","coordinates":[-3.1789,43.358]},"properties":{}},{"type":"Feature","geometry":{"type":"Point","coordinates":[-3.1789,43.358]},"properties":{}},{"type":"Feature","geometry":{"type":"Point","coordinates":[-3.179,43.358]},"properties":{}},{"type":"Feature","geometry":{"type":"Point","coordinates":[-3.1805,43.3585]},"properties":{}},{"type":"Feature","geometry":{"type":"Point","coordinates":[-3.1809,43.3585]},"properties":{}},{"type":"Feature","geometry":{"type":"Point","coordinates":[-3.1811,43.3587]},"properties":{}},{"type":"Feature","geometry":{"type":"Point","coordinates":[-3.1814,43.3587]},"properties":{}},{"type":"Feature","geometry":{"type":"Point","coordinates":[-3.1815,43.3589]},"properties":{}},{"type":"Feature","geometry":{"type":"Point","coordinates":[-3.1817,43.3589]},"properties":{}},{"type":"Feature","geometry":{"type":"Point","coordinates":[-3.1823,43.3592]},"properties":{}},{"type":"Feature","geometry":{"type":"Point","coordinates":[-3.1799,43.3582]},"properties":{}},{"type":"Feature","geometry":{"type":"Point","coordinates":[-3.1802,43.3584]},"properties":{}},{"type":"Feature","geometry":{"type":"Point","coordinates":[-3.1803,43.3585]},"properties":{}},{"type":"Feature","geometry":{"type":"Point","coordinates":[-3.1803,43.3587]},"properties":{}},{"type":"Feature","geometry":{"type":"Point","coordinates":[-3.1803,43.3588]},"properties":{}},{"type":"Feature","geometry":{"type":"Point","coordinates":[-3.1803,43.359]},"properties":{}},{"type":"Feature","geometry":{"type":"Point","coordinates":[-3.1803,43.3587]},"properties":{}},{"type":"Feature","geometry":{"type":"Point","coordinates":[-3.1805,43.3585]},"properties":{}},{"type":"Feature","geometry":{"type":"Point","coordinates":[-3.1845,43.3651]},"properties":{}},{"type":"Feature","geometry":{"type":"Point","coordinates":[-3.1848,43.3652]},"properties":{}},{"type":"Feature","geometry":{"type":"Point","coordinates":[-3.1852,43.3654]},"properties":{}},{"type":"Feature","geometry":{"type":"Point","coordinates":[-3.1863,43.3657]},"properties":{}},{"type":"Feature","geometry":{"type":"Point","coordinates":[-3.1865,43.3656]},"properties":{}},{"type":"Feature","geometry":{"type":"Point","coordinates":[-3.1865,43.3654]},"properties":{}},{"type":"Feature","geometry":{"type":"Point","coordinates":[-3.1866,43.3653]},"properties":{}},{"type":"Feature","geometry":{"type":"Point","coordinates":[-3.1867,43.3653]},"properties":{}},{"type":"Feature","geometry":{"type":"Point","coordinates":[-3.187,43.3653]},"properties":{}},{"type":"Feature","geometry":{"type":"Point","coordinates":[-3.1872,43.3653]},"properties":{}},{"type":"Feature","geometry":{"type":"Point","coordinates":[-3.1873,43.3652]},"properties":{}},{"type":"Feature","geometry":{"type":"Point","coordinates":[-3.1875,43.3651]},"properties":{}},{"type":"Feature","geometry":{"type":"Point","coordinates":[-3.1876,43.365]},"properties":{}},{"type":"Feature","geometry":{"type":"Point","coordinates":[-3.1879,43.365]},"properties":{}},{"type":"Feature","geometry":{"type":"Point","coordinates":[-3.1879,43.3651]},"properties":{}},{"type":"Feature","geometry":{"type":"Point","coordinates":[-3.1881,43.3651]},"properties":{}},{"type":"Feature","geometry":{"type":"Point","coordinates":[-3.1882,43.3651]},"properties":{}},{"type":"Feature","geometry":{"type":"Point","coordinates":[-3.1886,43.3649]},"properties":{}},{"type":"Feature","geometry":{"type":"Point","coordinates":[-3.1885,43.3648]},"properties":{}},{"type":"Feature","geometry":{"type":"Point","coordinates":[-3.1883,43.3646]},"properties":{}},{"type":"Feature","geometry":{"type":"Point","coordinates":[-3.1885,43.3645]},"properties":{}},{"type":"Feature","geometry":{"type":"Point","coordinates":[-3.1888,43.3641]},"properties":{}},{"type":"Feature","geometry":{"type":"Point","coordinates":[-3.1844,43.3631]},"properties":{}},{"type":"Feature","geometry":{"type":"Point","coordinates":[-3.1844,43.3632]},"properties":{}},{"type":"Feature","geometry":{"type":"Point","coordinates":[-3.1844,43.3634]},"properties":{}},{"type":"Feature","geometry":{"type":"Point","coordinates":[-3.1844,43.3634]},"properties":{}},{"type":"Feature","geometry":{"type":"Point","coordinates":[-3.1845,43.3636]},"properties":{}},{"type":"Feature","geometry":{"type":"Point","coordinates":[-3.1843,43.3638]},"properties":{}},{"type":"Feature","geometry":{"type":"Point","coordinates":[-3.1841,43.3637]},"properties":{}},{"type":"Feature","geometry":{"type":"Point","coordinates":[-3.1841,43.3639]},"properties":{}},{"type":"Feature","geometry":{"type":"Point","coordinates":[-3.1844,43.3643]},"properties":{}},{"type":"Feature","geometry":{"type":"Point","coordinates":[-3.1844,43.3645]},"properties":{}},{"type":"Feature","geometry":{"type":"Point","coordinates":[-3.1842,43.3647]},"properties":{}},{"type":"Feature","geometry":{"type":"Point","coordinates":[-3.1843,43.3649]},"properties":{}},{"type":"Feature","geometry":{"type":"Point","coordinates":[-3.1845,43.3651]},"properties":{}},{"type":"Feature","geometry":{"type":"Point","coordinates":[-3.1826,43.3598]},"properties":{}},{"type":"Feature","geometry":{"type":"Point","coordinates":[-3.1824,43.3603]},"properties":{}},{"type":"Feature","geometry":{"type":"Point","coordinates":[-3.1827,43.3601]},"properties":{}},{"type":"Feature","geometry":{"type":"Point","coordinates":[-3.1828,43.3599]},"properties":{}},{"type":"Feature","geometry":{"type":"Point","coordinates":[-3.1829,43.3602]},"properties":{}},{"type":"Feature","geometry":{"type":"Point","coordinates":[-3.1829,43.3605]},"properties":{}},{"type":"Feature","geometry":{"type":"Point","coordinates":[-3.1831,43.3605]},"properties":{}},{"type":"Feature","geometry":{"type":"Point","coordinates":[-3.1834,43.3609]},"properties":{}},{"type":"Feature","geometry":{"type":"Point","coordinates":[-3.1837,43.3614]},"properties":{}},{"type":"Feature","geometry":{"type":"Point","coordinates":[-3.1837,43.3617]},"properties":{}},{"type":"Feature","geometry":{"type":"Point","coordinates":[-3.184,43.3622]},"properties":{}},{"type":"Feature","geometry":{"type":"Point","coordinates":[-3.1843,43.3631]},"properties":{}},{"type":"Feature","geometry":{"type":"Point","coordinates":[-3.1852,43.3654]},"properties":{}},{"type":"Feature","geometry":{"type":"Point","coordinates":[-3.1852,43.3655]},"properties":{}},{"type":"Feature","geometry":{"type":"Point","coordinates":[-3.1854,43.3655]},"properties":{}},{"type":"Feature","geometry":{"type":"Point","coordinates":[-3.1855,43.3656]},"properties":{}},{"type":"Feature","geometry":{"type":"Point","coordinates":[-3.1857,43.3656]},"properties":{}},{"type":"Feature","geometry":{"type":"Point","coordinates":[-3.1857,43.3656]},"properties":{}},{"type":"Feature","geometry":{"type":"Point","coordinates":[-3.1858,43.3657]},"properties":{}},{"type":"Feature","geometry":{"type":"Point","coordinates":[-3.186,43.3657]},"properties":{}},{"type":"Feature","geometry":{"type":"Point","coordinates":[-3.1888,43.364]},"properties":{}},{"type":"Feature","geometry":{"type":"Point","coordinates":[-3.189,43.3636]},"properties":{}},{"type":"Feature","geometry":{"type":"Point","coordinates":[-3.1896,43.3641]},"properties":{}},{"type":"Feature","geometry":{"type":"Point","coordinates":[-3.1895,43.3646]},"properties":{}},{"type":"Feature","geometry":{"type":"Point","coordinates":[-3.1896,43.3647]},"properties":{}},{"type":"Feature","geometry":{"type":"Point","coordinates":[-3.1896,43.3649]},"properties":{}},{"type":"Feature","geometry":{"type":"Point","coordinates":[-3.1897,43.3651]},"properties":{}},{"type":"Feature","geometry":{"type":"Point","coordinates":[-3.1897,43.3654]},"properties":{}},{"type":"Feature","geometry":{"type":"Point","coordinates":[-3.1899,43.3657]},"properties":{}},{"type":"Feature","geometry":{"type":"Point","coordinates":[-3.1901,43.3655]},"properties":{}},{"type":"Feature","geometry":{"type":"Point","coordinates":[-3.1903,43.3653]},"properties":{}},{"type":"Feature","geometry":{"type":"Point","coordinates":[-3.1907,43.3654]},"properties":{}},{"type":"Feature","geometry":{"type":"Point","coordinates":[-3.1911,43.3651]},"properties":{}},{"type":"Feature","geometry":{"type":"Point","coordinates":[-3.1941,43.3649]},"properties":{}},{"type":"Feature","geometry":{"type":"Point","coordinates":[-3.1922,43.3639]},"properties":{}},{"type":"Feature","geometry":{"type":"Point","coordinates":[-3.1911,43.3651]},"properties":{}},{"type":"Feature","geometry":{"type":"Point","coordinates":[-3.1916,43.3642]},"properties":{}},{"type":"Feature","geometry":{"type":"Point","coordinates":[-3.1942,43.3655]},"properties":{}},{"type":"Feature","geometry":{"type":"Point","coordinates":[-3.1942,43.3654]},"properties":{}},{"type":"Feature","geometry":{"type":"Point","coordinates":[-3.1941,43.3654]},"properties":{}},{"type":"Feature","geometry":{"type":"Point","coordinates":[-3.1941,43.3649]},"properties":{}},{"type":"Feature","geometry":{"type":"Point","coordinates":[-3.1937,43.3649]},"properties":{}},{"type":"Feature","geometry":{"type":"Point","coordinates":[-3.1938,43.365]},"properties":{}},{"type":"Feature","geometry":{"type":"Point","coordinates":[-3.1937,43.3652]},"properties":{}},{"type":"Feature","geometry":{"type":"Point","coordinates":[-3.194,43.3653]},"properties":{}},{"type":"Feature","geometry":{"type":"Point","coordinates":[-3.1941,43.3654]},"properties":{}},{"type":"Feature","geometry":{"type":"Point","coordinates":[-3.1942,43.3658]},"properties":{}},{"type":"Feature","geometry":{"type":"Point","coordinates":[-3.1939,43.3659]},"properties":{}},{"type":"Feature","geometry":{"type":"Point","coordinates":[-3.1943,43.3662]},"properties":{}},{"type":"Feature","geometry":{"type":"Point","coordinates":[-3.1942,43.3662]},"properties":{}},{"type":"Feature","geometry":{"type":"Point","coordinates":[-3.1944,43.3663]},"properties":{}},{"type":"Feature","geometry":{"type":"Point","coordinates":[-3.1945,43.3666]},"properties":{}},{"type":"Feature","geometry":{"type":"Point","coordinates":[-3.1942,43.3666]},"properties":{}},{"type":"Feature","geometry":{"type":"Point","coordinates":[-3.1945,43.3668]},"properties":{}},{"type":"Feature","geometry":{"type":"Point","coordinates":[-3.1946,43.3668]},"properties":{}},{"type":"Feature","geometry":{"type":"Point","coordinates":[-3.1947,43.3668]},"properties":{}},{"type":"Feature","geometry":{"type":"Point","coordinates":[-3.1949,43.3669]},"properties":{}},{"type":"Feature","geometry":{"type":"Point","coordinates":[-3.1947,43.3673]},"properties":{}},{"type":"Feature","geometry":{"type":"Point","coordinates":[-3.1951,43.3674]},"properties":{}},{"type":"Feature","geometry":{"type":"Point","coordinates":[-3.1953,43.3677]},"properties":{}},{"type":"Feature","geometry":{"type":"Point","coordinates":[-3.1952,43.3679]},"properties":{}},{"type":"Feature","geometry":{"type":"Point","coordinates":[-3.1949,43.368]},"properties":{}},{"type":"Feature","geometry":{"type":"Point","coordinates":[-3.1951,43.3681]},"properties":{}},{"type":"Feature","geometry":{"type":"Point","coordinates":[-3.1952,43.3683]},"properties":{}},{"type":"Feature","geometry":{"type":"Point","coordinates":[-3.1952,43.3686]},"properties":{}},{"type":"Feature","geometry":{"type":"Point","coordinates":[-3.1951,43.3688]},"properties":{}},{"type":"Feature","geometry":{"type":"Point","coordinates":[-3.1952,43.369]},"properties":{}},{"type":"Feature","geometry":{"type":"Point","coordinates":[-3.1949,43.3691]},"properties":{}},{"type":"Feature","geometry":{"type":"Point","coordinates":[-3.1948,43.3691]},"properties":{}},{"type":"Feature","geometry":{"type":"Point","coordinates":[-3.1948,43.3692]},"properties":{}},{"type":"Feature","geometry":{"type":"Point","coordinates":[-3.195,43.3692]},"properties":{}},{"type":"Feature","geometry":{"type":"Point","coordinates":[-3.1951,43.3692]},"properties":{}},{"type":"Feature","geometry":{"type":"Point","coordinates":[-3.1951,43.3693]},"properties":{}},{"type":"Feature","geometry":{"type":"Point","coordinates":[-3.1949,43.3693]},"properties":{}},{"type":"Feature","geometry":{"type":"Point","coordinates":[-3.195,43.3694]},"properties":{}},{"type":"Feature","geometry":{"type":"Point","coordinates":[-3.1949,43.3694]},"properties":{}},{"type":"Feature","geometry":{"type":"Point","coordinates":[-3.1948,43.3695]},"properties":{}},{"type":"Feature","geometry":{"type":"Point","coordinates":[-3.1948,43.3696]},"properties":{}},{"type":"Feature","geometry":{"type":"Point","coordinates":[-3.1948,43.3699]},"properties":{}},{"type":"Feature","geometry":{"type":"Point","coordinates":[-3.1948,43.3699]},"properties":{}},{"type":"Feature","geometry":{"type":"Point","coordinates":[-3.1949,43.37]},"properties":{}},{"type":"Feature","geometry":{"type":"Point","coordinates":[-3.1948,43.3701]},"properties":{}},{"type":"Feature","geometry":{"type":"Point","coordinates":[-3.195,43.3701]},"properties":{}},{"type":"Feature","geometry":{"type":"Point","coordinates":[-3.1951,43.3703]},"properties":{}},{"type":"Feature","geometry":{"type":"Point","coordinates":[-3.1952,43.3702]},"properties":{}},{"type":"Feature","geometry":{"type":"Point","coordinates":[-3.1954,43.3703]},"properties":{}},{"type":"Feature","geometry":{"type":"Point","coordinates":[-3.1953,43.3705]},"properties":{}},{"type":"Feature","geometry":{"type":"Point","coordinates":[-3.1951,43.3704]},"properties":{}},{"type":"Feature","geometry":{"type":"Point","coordinates":[-3.195,43.3704]},"properties":{}},{"type":"Feature","geometry":{"type":"Point","coordinates":[-3.1949,43.3705]},"properties":{}},{"type":"Feature","geometry":{"type":"Point","coordinates":[-3.1949,43.3706]},"properties":{}},{"type":"Feature","geometry":{"type":"Point","coordinates":[-3.1949,43.3709]},"properties":{}},{"type":"Feature","geometry":{"type":"Point","coordinates":[-3.195,43.371]},"properties":{}},{"type":"Feature","geometry":{"type":"Point","coordinates":[-3.195,43.3711]},"properties":{}},{"type":"Feature","geometry":{"type":"Point","coordinates":[-3.1952,43.3711]},"properties":{}},{"type":"Feature","geometry":{"type":"Point","coordinates":[-3.1951,43.3712]},"properties":{}},{"type":"Feature","geometry":{"type":"Point","coordinates":[-3.1952,43.3712]},"properties":{}},{"type":"Feature","geometry":{"type":"Point","coordinates":[-3.1952,43.3713]},"properties":{}},{"type":"Feature","geometry":{"type":"Point","coordinates":[-3.1953,43.3714]},"properties":{}},{"type":"Feature","geometry":{"type":"Point","coordinates":[-3.1954,43.3715]},"properties":{}},{"type":"Feature","geometry":{"type":"Point","coordinates":[-3.1954,43.3714]},"properties":{}},{"type":"Feature","geometry":{"type":"Point","coordinates":[-3.1955,43.3714]},"properties":{}},{"type":"Feature","geometry":{"type":"Point","coordinates":[-3.1955,43.3714]},"properties":{}},{"type":"Feature","geometry":{"type":"Point","coordinates":[-3.1956,43.3714]},"properties":{}},{"type":"Feature","geometry":{"type":"Point","coordinates":[-3.1957,43.3713]},"properties":{}},{"type":"Feature","geometry":{"type":"Point","coordinates":[-3.1957,43.3713]},"properties":{}},{"type":"Feature","geometry":{"type":"Point","coordinates":[-3.1959,43.3712]},"properties":{}},{"type":"Feature","geometry":{"type":"Point","coordinates":[-3.1961,43.3712]},"properties":{}},{"type":"Feature","geometry":{"type":"Point","coordinates":[-3.1963,43.3711]},"properties":{}},{"type":"Feature","geometry":{"type":"Point","coordinates":[-3.1964,43.3712]},"properties":{}},{"type":"Feature","geometry":{"type":"Point","coordinates":[-3.1965,43.3712]},"properties":{}},{"type":"Feature","geometry":{"type":"Point","coordinates":[-3.1966,43.3712]},"properties":{}},{"type":"Feature","geometry":{"type":"Point","coordinates":[-3.1967,43.3713]},"properties":{}},{"type":"Feature","geometry":{"type":"Point","coordinates":[-3.196,43.3713]},"properties":{}},{"type":"Feature","geometry":{"type":"Point","coordinates":[-3.196,43.3713]},"properties":{}},{"type":"Feature","geometry":{"type":"Point","coordinates":[-3.1961,43.3712]},"properties":{}},{"type":"Feature","geometry":{"type":"Point","coordinates":[-3.195,43.3683]},"properties":{}},{"type":"Feature","geometry":{"type":"Point","coordinates":[-3.195,43.3682]},"properties":{}},{"type":"Feature","geometry":{"type":"Point","coordinates":[-3.195,43.3685]},"properties":{}},{"type":"Feature","geometry":{"type":"Point","coordinates":[-3.195,43.3685]},"properties":{}},{"type":"Feature","geometry":{"type":"Point","coordinates":[-3.195,43.3689]},"properties":{}},{"type":"Feature","geometry":{"type":"Point","coordinates":[-3.1948,43.3688]},"properties":{}},{"type":"Feature","geometry":{"type":"Point","coordinates":[-3.1948,43.3688]},"properties":{}},{"type":"Feature","geometry":{"type":"Point","coordinates":[-3.2222,43.3934]},"properties":{}},{"type":"Feature","geometry":{"type":"Point","coordinates":[-3.2221,43.3935]},"properties":{}},{"type":"Feature","geometry":{"type":"Point","coordinates":[-3.222,43.3936]},"properties":{}},{"type":"Feature","geometry":{"type":"Point","coordinates":[-3.2221,43.3937]},"properties":{}},{"type":"Feature","geometry":{"type":"Point","coordinates":[-3.2222,43.3938]},"properties":{}},{"type":"Feature","geometry":{"type":"Point","coordinates":[-3.222,43.3937]},"properties":{}},{"type":"Feature","geometry":{"type":"Point","coordinates":[-3.2219,43.3937]},"properties":{}},{"type":"Feature","geometry":{"type":"Point","coordinates":[-3.2218,43.3937]},"properties":{}},{"type":"Feature","geometry":{"type":"Point","coordinates":[-3.2217,43.3937]},"properties":{}},{"type":"Feature","geometry":{"type":"Point","coordinates":[-3.2216,43.3938]},"properties":{}},{"type":"Feature","geometry":{"type":"Point","coordinates":[-3.2217,43.3939]},"properties":{}},{"type":"Feature","geometry":{"type":"Point","coordinates":[-3.2218,43.3939]},"properties":{}},{"type":"Feature","geometry":{"type":"Point","coordinates":[-3.2218,43.394]},"properties":{}},{"type":"Feature","geometry":{"type":"Point","coordinates":[-3.2219,43.394]},"properties":{}},{"type":"Feature","geometry":{"type":"Point","coordinates":[-3.222,43.3941]},"properties":{}},{"type":"Feature","geometry":{"type":"Point","coordinates":[-3.2224,43.394]},"properties":{}},{"type":"Feature","geometry":{"type":"Point","coordinates":[-3.2224,43.3941]},"properties":{}},{"type":"Feature","geometry":{"type":"Point","coordinates":[-3.2228,43.3941]},"properties":{}},{"type":"Feature","geometry":{"type":"Point","coordinates":[-3.2228,43.3942]},"properties":{}},{"type":"Feature","geometry":{"type":"Point","coordinates":[-3.2229,43.3943]},"properties":{}},{"type":"Feature","geometry":{"type":"Point","coordinates":[-3.2227,43.3944]},"properties":{}},{"type":"Feature","geometry":{"type":"Point","coordinates":[-3.2228,43.3945]},"properties":{}},{"type":"Feature","geometry":{"type":"Point","coordinates":[-3.2229,43.3944]},"properties":{}},{"type":"Feature","geometry":{"type":"Point","coordinates":[-3.2231,43.3943]},"properties":{}},{"type":"Feature","geometry":{"type":"Point","coordinates":[-3.2231,43.3944]},"properties":{}},{"type":"Feature","geometry":{"type":"Point","coordinates":[-3.2233,43.3945]},"properties":{}},{"type":"Feature","geometry":{"type":"Point","coordinates":[-3.2233,43.3947]},"properties":{}},{"type":"Feature","geometry":{"type":"Point","coordinates":[-3.2237,43.3943]},"properties":{}},{"type":"Feature","geometry":{"type":"Point","coordinates":[-3.2258,43.3952]},"properties":{}},{"type":"Feature","geometry":{"type":"Point","coordinates":[-3.2282,43.3965]},"properties":{}},{"type":"Feature","geometry":{"type":"Point","coordinates":[-3.2333,43.3966]},"properties":{}},{"type":"Feature","geometry":{"type":"Point","coordinates":[-3.2355,43.3974]},"properties":{}},{"type":"Feature","geometry":{"type":"Point","coordinates":[-3.2391,43.3985]},"properties":{}},{"type":"Feature","geometry":{"type":"Point","coordinates":[-3.2414,43.3985]},"properties":{}},{"type":"Feature","geometry":{"type":"Point","coordinates":[-3.2432,43.3987]},"properties":{}},{"type":"Feature","geometry":{"type":"Point","coordinates":[-3.2456,43.3986]},"properties":{}},{"type":"Feature","geometry":{"type":"Point","coordinates":[-3.25,43.4001]},"properties":{}},{"type":"Feature","geometry":{"type":"Point","coordinates":[-3.2581,43.4028]},"properties":{}},{"type":"Feature","geometry":{"type":"Point","coordinates":[-3.264,43.4027]},"properties":{}},{"type":"Feature","geometry":{"type":"Point","coordinates":[-3.2222,43.3916]},"properties":{}},{"type":"Feature","geometry":{"type":"Point","coordinates":[-3.2224,43.3916]},"properties":{}},{"type":"Feature","geometry":{"type":"Point","coordinates":[-3.2224,43.3917]},"properties":{}},{"type":"Feature","geometry":{"type":"Point","coordinates":[-3.2223,43.3917]},"properties":{}},{"type":"Feature","geometry":{"type":"Point","coordinates":[-3.2222,43.3918]},"properties":{}},{"type":"Feature","geometry":{"type":"Point","coordinates":[-3.2223,43.3918]},"properties":{}},{"type":"Feature","geometry":{"type":"Point","coordinates":[-3.2223,43.3919]},"properties":{}},{"type":"Feature","geometry":{"type":"Point","coordinates":[-3.2224,43.3919]},"properties":{}},{"type":"Feature","geometry":{"type":"Point","coordinates":[-3.2225,43.3919]},"properties":{}},{"type":"Feature","geometry":{"type":"Point","coordinates":[-3.2225,43.392]},"properties":{}},{"type":"Feature","geometry":{"type":"Point","coordinates":[-3.2227,43.392]},"properties":{}},{"type":"Feature","geometry":{"type":"Point","coordinates":[-3.2227,43.3921]},"properties":{}},{"type":"Feature","geometry":{"type":"Point","coordinates":[-3.2223,43.3923]},"properties":{}},{"type":"Feature","geometry":{"type":"Point","coordinates":[-3.2225,43.3923]},"properties":{}},{"type":"Feature","geometry":{"type":"Point","coordinates":[-3.2225,43.3925]},"properties":{}},{"type":"Feature","geometry":{"type":"Point","coordinates":[-3.2225,43.3925]},"properties":{}},{"type":"Feature","geometry":{"type":"Point","coordinates":[-3.2227,43.3925]},"properties":{}},{"type":"Feature","geometry":{"type":"Point","coordinates":[-3.2228,43.3926]},"properties":{}},{"type":"Feature","geometry":{"type":"Point","coordinates":[-3.2226,43.3927]},"properties":{}},{"type":"Feature","geometry":{"type":"Point","coordinates":[-3.2223,43.3927]},"properties":{}},{"type":"Feature","geometry":{"type":"Point","coordinates":[-3.2224,43.3928]},"properties":{}},{"type":"Feature","geometry":{"type":"Point","coordinates":[-3.2223,43.3929]},"properties":{}},{"type":"Feature","geometry":{"type":"Point","coordinates":[-3.2221,43.3929]},"properties":{}},{"type":"Feature","geometry":{"type":"Point","coordinates":[-3.2221,43.393]},"properties":{}},{"type":"Feature","geometry":{"type":"Point","coordinates":[-3.2221,43.3932]},"properties":{}},{"type":"Feature","geometry":{"type":"Point","coordinates":[-3.2222,43.3932]},"properties":{}},{"type":"Feature","geometry":{"type":"Point","coordinates":[-3.2222,43.3933]},"properties":{}},{"type":"Feature","geometry":{"type":"Point","coordinates":[-3.2223,43.3934]},"properties":{}},{"type":"Feature","geometry":{"type":"Point","coordinates":[-3.4503,43.4394]},"properties":{}},{"type":"Feature","geometry":{"type":"Point","coordinates":[-3.4482,43.4391]},"properties":{}},{"type":"Feature","geometry":{"type":"Point","coordinates":[-3.4464,43.4387]},"properties":{}},{"type":"Feature","geometry":{"type":"Point","coordinates":[-3.445,43.4387]},"properties":{}},{"type":"Feature","geometry":{"type":"Point","coordinates":[-3.4435,43.4383]},"properties":{}},{"type":"Feature","geometry":{"type":"Point","coordinates":[-3.4426,43.4377]},"properties":{}},{"type":"Feature","geometry":{"type":"Point","coordinates":[-5.7671,43.6062]},"properties":{}},{"type":"Feature","geometry":{"type":"Point","coordinates":[-5.7667,43.6057]},"properties":{}},{"type":"Feature","geometry":{"type":"Point","coordinates":[-5.7658,43.6056]},"properties":{}},{"type":"Feature","geometry":{"type":"Point","coordinates":[-5.7658,43.6053]},"properties":{}},{"type":"Feature","geometry":{"type":"Point","coordinates":[-5.7654,43.6056]},"properties":{}},{"type":"Feature","geometry":{"type":"Point","coordinates":[-5.767,43.6066]},"properties":{}},{"type":"Feature","geometry":{"type":"Point","coordinates":[-3.4255,43.4514]},"properties":{}},{"type":"Feature","geometry":{"type":"Point","coordinates":[-3.4256,43.4515]},"properties":{}},{"type":"Feature","geometry":{"type":"Point","coordinates":[-3.4258,43.4515]},"properties":{}},{"type":"Feature","geometry":{"type":"Point","coordinates":[-3.4264,43.4514]},"properties":{}},{"type":"Feature","geometry":{"type":"Point","coordinates":[-3.4263,43.4515]},"properties":{}},{"type":"Feature","geometry":{"type":"Point","coordinates":[-3.4261,43.4517]},"properties":{}},{"type":"Feature","geometry":{"type":"Point","coordinates":[-3.4262,43.4517]},"properties":{}},{"type":"Feature","geometry":{"type":"Point","coordinates":[-3.4262,43.4518]},"properties":{}},{"type":"Feature","geometry":{"type":"Point","coordinates":[-3.4263,43.4518]},"properties":{}},{"type":"Feature","geometry":{"type":"Point","coordinates":[-3.4265,43.452]},"properties":{}},{"type":"Feature","geometry":{"type":"Point","coordinates":[-3.4268,43.4523]},"properties":{}},{"type":"Feature","geometry":{"type":"Point","coordinates":[-3.4266,43.4524]},"properties":{}},{"type":"Feature","geometry":{"type":"Point","coordinates":[-3.4265,43.4526]},"properties":{}},{"type":"Feature","geometry":{"type":"Point","coordinates":[-3.4266,43.4529]},"properties":{}},{"type":"Feature","geometry":{"type":"Point","coordinates":[-3.4266,43.4531]},"properties":{}},{"type":"Feature","geometry":{"type":"Point","coordinates":[-3.4267,43.4532]},"properties":{}},{"type":"Feature","geometry":{"type":"Point","coordinates":[-3.4266,43.4532]},"properties":{}},{"type":"Feature","geometry":{"type":"Point","coordinates":[-3.4265,43.4533]},"properties":{}},{"type":"Feature","geometry":{"type":"Point","coordinates":[-3.4266,43.4533]},"properties":{}},{"type":"Feature","geometry":{"type":"Point","coordinates":[-3.4267,43.4533]},"properties":{}},{"type":"Feature","geometry":{"type":"Point","coordinates":[-3.4267,43.4533]},"properties":{}},{"type":"Feature","geometry":{"type":"Point","coordinates":[-3.4266,43.4534]},"properties":{}},{"type":"Feature","geometry":{"type":"Point","coordinates":[-3.4266,43.4535]},"properties":{}},{"type":"Feature","geometry":{"type":"Point","coordinates":[-3.4266,43.4535]},"properties":{}},{"type":"Feature","geometry":{"type":"Point","coordinates":[-3.4267,43.4535]},"properties":{}},{"type":"Feature","geometry":{"type":"Point","coordinates":[-3.4268,43.4535]},"properties":{}},{"type":"Feature","geometry":{"type":"Point","coordinates":[-3.4272,43.4537]},"properties":{}},{"type":"Feature","geometry":{"type":"Point","coordinates":[-3.4271,43.4542]},"properties":{}},{"type":"Feature","geometry":{"type":"Point","coordinates":[-3.4267,43.4543]},"properties":{}},{"type":"Feature","geometry":{"type":"Point","coordinates":[-3.4267,43.4544]},"properties":{}},{"type":"Feature","geometry":{"type":"Point","coordinates":[-3.4269,43.4549]},"properties":{}},{"type":"Feature","geometry":{"type":"Point","coordinates":[-3.4268,43.4551]},"properties":{}},{"type":"Feature","geometry":{"type":"Point","coordinates":[-3.4267,43.4552]},"properties":{}},{"type":"Feature","geometry":{"type":"Point","coordinates":[-3.4265,43.4553]},"properties":{}},{"type":"Feature","geometry":{"type":"Point","coordinates":[-3.4264,43.4553]},"properties":{}},{"type":"Feature","geometry":{"type":"Point","coordinates":[-3.4267,43.4554]},"properties":{}},{"type":"Feature","geometry":{"type":"Point","coordinates":[-3.4271,43.4553]},"properties":{}},{"type":"Feature","geometry":{"type":"Point","coordinates":[-3.4271,43.4555]},"properties":{}},{"type":"Feature","geometry":{"type":"Point","coordinates":[-3.4271,43.4557]},"properties":{}},{"type":"Feature","geometry":{"type":"Point","coordinates":[-3.4273,43.4559]},"properties":{}},{"type":"Feature","geometry":{"type":"Point","coordinates":[-3.4272,43.4561]},"properties":{}},{"type":"Feature","geometry":{"type":"Point","coordinates":[-3.427,43.4561]},"properties":{}},{"type":"Feature","geometry":{"type":"Point","coordinates":[-3.4267,43.4561]},"properties":{}},{"type":"Feature","geometry":{"type":"Point","coordinates":[-3.4268,43.4562]},"properties":{}},{"type":"Feature","geometry":{"type":"Point","coordinates":[-3.427,43.4562]},"properties":{}},{"type":"Feature","geometry":{"type":"Point","coordinates":[-3.4271,43.4563]},"properties":{}},{"type":"Feature","geometry":{"type":"Point","coordinates":[-3.4273,43.4563]},"properties":{}},{"type":"Feature","geometry":{"type":"Point","coordinates":[-3.4273,43.4565]},"properties":{}},{"type":"Feature","geometry":{"type":"Point","coordinates":[-3.4274,43.4567]},"properties":{}},{"type":"Feature","geometry":{"type":"Point","coordinates":[-3.4272,43.4568]},"properties":{}},{"type":"Feature","geometry":{"type":"Point","coordinates":[-3.4271,43.457]},"properties":{}},{"type":"Feature","geometry":{"type":"Point","coordinates":[-3.4272,43.4571]},"properties":{}},{"type":"Feature","geometry":{"type":"Point","coordinates":[-3.4272,43.4572]},"properties":{}},{"type":"Feature","geometry":{"type":"Point","coordinates":[-3.4272,43.4573]},"properties":{}},{"type":"Feature","geometry":{"type":"Point","coordinates":[-3.4272,43.4574]},"properties":{}},{"type":"Feature","geometry":{"type":"Point","coordinates":[-3.4273,43.4576]},"properties":{}},{"type":"Feature","geometry":{"type":"Point","coordinates":[-3.4275,43.4579]},"properties":{}},{"type":"Feature","geometry":{"type":"Point","coordinates":[-3.4276,43.458]},"properties":{}},{"type":"Feature","geometry":{"type":"Point","coordinates":[-3.4278,43.4582]},"properties":{}},{"type":"Feature","geometry":{"type":"Point","coordinates":[-3.428,43.4584]},"properties":{}},{"type":"Feature","geometry":{"type":"Point","coordinates":[-3.4281,43.4585]},"properties":{}},{"type":"Feature","geometry":{"type":"Point","coordinates":[-3.4282,43.4586]},"properties":{}},{"type":"Feature","geometry":{"type":"Point","coordinates":[-3.4282,43.4588]},"properties":{}},{"type":"Feature","geometry":{"type":"Point","coordinates":[-3.4283,43.4588]},"properties":{}},{"type":"Feature","geometry":{"type":"Point","coordinates":[-3.4284,43.4589]},"properties":{}},{"type":"Feature","geometry":{"type":"Point","coordinates":[-3.4284,43.459]},"properties":{}},{"type":"Feature","geometry":{"type":"Point","coordinates":[-3.4284,43.4591]},"properties":{}},{"type":"Feature","geometry":{"type":"Point","coordinates":[-3.4285,43.4591]},"properties":{}},{"type":"Feature","geometry":{"type":"Point","coordinates":[-3.4285,43.4591]},"properties":{}},{"type":"Feature","geometry":{"type":"Point","coordinates":[-3.4285,43.4592]},"properties":{}},{"type":"Feature","geometry":{"type":"Point","coordinates":[-3.4284,43.4592]},"properties":{}},{"type":"Feature","geometry":{"type":"Point","coordinates":[-3.4286,43.4594]},"properties":{}},{"type":"Feature","geometry":{"type":"Point","coordinates":[-3.4288,43.4594]},"properties":{}},{"type":"Feature","geometry":{"type":"Point","coordinates":[-3.4289,43.4594]},"properties":{}},{"type":"Feature","geometry":{"type":"Point","coordinates":[-3.4289,43.4595]},"properties":{}},{"type":"Feature","geometry":{"type":"Point","coordinates":[-3.429,43.4596]},"properties":{}},{"type":"Feature","geometry":{"type":"Point","coordinates":[-3.4291,43.4596]},"properties":{}},{"type":"Feature","geometry":{"type":"Point","coordinates":[-3.4292,43.4596]},"properties":{}},{"type":"Feature","geometry":{"type":"Point","coordinates":[-3.4293,43.4597]},"properties":{}},{"type":"Feature","geometry":{"type":"Point","coordinates":[-3.4294,43.4598]},"properties":{}},{"type":"Feature","geometry":{"type":"Point","coordinates":[-3.4295,43.4599]},"properties":{}},{"type":"Feature","geometry":{"type":"Point","coordinates":[-3.4298,43.46]},"properties":{}},{"type":"Feature","geometry":{"type":"Point","coordinates":[-3.4298,43.4602]},"properties":{}},{"type":"Feature","geometry":{"type":"Point","coordinates":[-3.4298,43.4603]},"properties":{}},{"type":"Feature","geometry":{"type":"Point","coordinates":[-3.4298,43.4604]},"properties":{}},{"type":"Feature","geometry":{"type":"Point","coordinates":[-3.4299,43.4606]},"properties":{}},{"type":"Feature","geometry":{"type":"Point","coordinates":[-3.43,43.4607]},"properties":{}},{"type":"Feature","geometry":{"type":"Point","coordinates":[-3.4299,43.4607]},"properties":{}},{"type":"Feature","geometry":{"type":"Point","coordinates":[-3.4299,43.4608]},"properties":{}},{"type":"Feature","geometry":{"type":"Point","coordinates":[-3.43,43.4608]},"properties":{}},{"type":"Feature","geometry":{"type":"Point","coordinates":[-3.4301,43.4609]},"properties":{}},{"type":"Feature","geometry":{"type":"Point","coordinates":[-3.4303,43.4611]},"properties":{}},{"type":"Feature","geometry":{"type":"Point","coordinates":[-3.4304,43.4611]},"properties":{}},{"type":"Feature","geometry":{"type":"Point","coordinates":[-3.4305,43.4611]},"properties":{}},{"type":"Feature","geometry":{"type":"Point","coordinates":[-3.4307,43.4613]},"properties":{}},{"type":"Feature","geometry":{"type":"Point","coordinates":[-3.4309,43.4615]},"properties":{}},{"type":"Feature","geometry":{"type":"Point","coordinates":[-3.431,43.4617]},"properties":{}},{"type":"Feature","geometry":{"type":"Point","coordinates":[-3.431,43.4618]},"properties":{}},{"type":"Feature","geometry":{"type":"Point","coordinates":[-3.431,43.4619]},"properties":{}},{"type":"Feature","geometry":{"type":"Point","coordinates":[-3.4309,43.4619]},"properties":{}},{"type":"Feature","geometry":{"type":"Point","coordinates":[-3.431,43.462]},"properties":{}},{"type":"Feature","geometry":{"type":"Point","coordinates":[-3.4311,43.462]},"properties":{}},{"type":"Feature","geometry":{"type":"Point","coordinates":[-3.4313,43.462]},"properties":{}},{"type":"Feature","geometry":{"type":"Point","coordinates":[-3.4315,43.4621]},"properties":{}},{"type":"Feature","geometry":{"type":"Point","coordinates":[-3.4313,43.4622]},"properties":{}},{"type":"Feature","geometry":{"type":"Point","coordinates":[-3.4313,43.4623]},"properties":{}},{"type":"Feature","geometry":{"type":"Point","coordinates":[-3.4315,43.4623]},"properties":{}},{"type":"Feature","geometry":{"type":"Point","coordinates":[-3.4316,43.4623]},"properties":{}},{"type":"Feature","geometry":{"type":"Point","coordinates":[-3.4318,43.4623]},"properties":{}},{"type":"Feature","geometry":{"type":"Point","coordinates":[-3.432,43.4624]},"properties":{}},{"type":"Feature","geometry":{"type":"Point","coordinates":[-3.4321,43.4625]},"properties":{}},{"type":"Feature","geometry":{"type":"Point","coordinates":[-3.4324,43.4626]},"properties":{}},{"type":"Feature","geometry":{"type":"Point","coordinates":[-3.4325,43.4627]},"properties":{}},{"type":"Feature","geometry":{"type":"Point","coordinates":[-3.4326,43.4628]},"properties":{}},{"type":"Feature","geometry":{"type":"Point","coordinates":[-3.4326,43.4629]},"properties":{}},{"type":"Feature","geometry":{"type":"Point","coordinates":[-3.4327,43.463]},"properties":{}},{"type":"Feature","geometry":{"type":"Point","coordinates":[-3.4329,43.4632]},"properties":{}},{"type":"Feature","geometry":{"type":"Point","coordinates":[-3.433,43.4633]},"properties":{}},{"type":"Feature","geometry":{"type":"Point","coordinates":[-3.4331,43.4634]},"properties":{}},{"type":"Feature","geometry":{"type":"Point","coordinates":[-3.4333,43.4635]},"properties":{}},{"type":"Feature","geometry":{"type":"Point","coordinates":[-3.4339,43.4637]},"properties":{}},{"type":"Feature","geometry":{"type":"Point","coordinates":[-3.4338,43.4637]},"properties":{}},{"type":"Feature","geometry":{"type":"Point","coordinates":[-3.4338,43.4638]},"properties":{}},{"type":"Feature","geometry":{"type":"Point","coordinates":[-3.4339,43.4638]},"properties":{}},{"type":"Feature","geometry":{"type":"Point","coordinates":[-3.434,43.4638]},"properties":{}},{"type":"Feature","geometry":{"type":"Point","coordinates":[-3.4341,43.4638]},"properties":{}},{"type":"Feature","geometry":{"type":"Point","coordinates":[-3.4341,43.4638]},"properties":{}},{"type":"Feature","geometry":{"type":"Point","coordinates":[-3.4342,43.4639]},"properties":{}},{"type":"Feature","geometry":{"type":"Point","coordinates":[-3.4344,43.464]},"properties":{}},{"type":"Feature","geometry":{"type":"Point","coordinates":[-3.4345,43.4641]},"properties":{}},{"type":"Feature","geometry":{"type":"Point","coordinates":[-3.4345,43.464]},"properties":{}},{"type":"Feature","geometry":{"type":"Point","coordinates":[-3.4346,43.464]},"properties":{}},{"type":"Feature","geometry":{"type":"Point","coordinates":[-3.4348,43.464]},"properties":{}},{"type":"Feature","geometry":{"type":"Point","coordinates":[-3.4349,43.464]},"properties":{}},{"type":"Feature","geometry":{"type":"Point","coordinates":[-3.4351,43.464]},"properties":{}},{"type":"Feature","geometry":{"type":"Point","coordinates":[-3.4352,43.464]},"properties":{}},{"type":"Feature","geometry":{"type":"Point","coordinates":[-3.4354,43.464]},"properties":{}},{"type":"Feature","geometry":{"type":"Point","coordinates":[-3.4354,43.4641]},"properties":{}},{"type":"Feature","geometry":{"type":"Point","coordinates":[-3.4354,43.4643]},"properties":{}},{"type":"Feature","geometry":{"type":"Point","coordinates":[-3.4358,43.4644]},"properties":{}},{"type":"Feature","geometry":{"type":"Point","coordinates":[-3.4361,43.4643]},"properties":{}},{"type":"Feature","geometry":{"type":"Point","coordinates":[-3.4362,43.4643]},"properties":{}},{"type":"Feature","geometry":{"type":"Point","coordinates":[-3.4364,43.4643]},"properties":{}},{"type":"Feature","geometry":{"type":"Point","coordinates":[-3.4365,43.4643]},"properties":{}},{"type":"Feature","geometry":{"type":"Point","coordinates":[-3.4366,43.4643]},"properties":{}},{"type":"Feature","geometry":{"type":"Point","coordinates":[-3.4367,43.4643]},"properties":{}},{"type":"Feature","geometry":{"type":"Point","coordinates":[-3.4369,43.4643]},"properties":{}},{"type":"Feature","geometry":{"type":"Point","coordinates":[-3.4371,43.4644]},"properties":{}},{"type":"Feature","geometry":{"type":"Point","coordinates":[-3.4371,43.4644]},"properties":{}},{"type":"Feature","geometry":{"type":"Point","coordinates":[-3.4373,43.4644]},"properties":{}},{"type":"Feature","geometry":{"type":"Point","coordinates":[-3.4375,43.4644]},"properties":{}},{"type":"Feature","geometry":{"type":"Point","coordinates":[-3.4374,43.4643]},"properties":{}},{"type":"Feature","geometry":{"type":"Point","coordinates":[-3.4375,43.4643]},"properties":{}},{"type":"Feature","geometry":{"type":"Point","coordinates":[-3.4378,43.4643]},"properties":{}},{"type":"Feature","geometry":{"type":"Point","coordinates":[-3.4377,43.4642]},"properties":{}},{"type":"Feature","geometry":{"type":"Point","coordinates":[-3.4379,43.4642]},"properties":{}},{"type":"Feature","geometry":{"type":"Point","coordinates":[-3.438,43.4643]},"properties":{}},{"type":"Feature","geometry":{"type":"Point","coordinates":[-3.4381,43.4643]},"properties":{}},{"type":"Feature","geometry":{"type":"Point","coordinates":[-3.4382,43.4643]},"properties":{}},{"type":"Feature","geometry":{"type":"Point","coordinates":[-3.4384,43.4643]},"properties":{}},{"type":"Feature","geometry":{"type":"Point","coordinates":[-3.4385,43.4643]},"properties":{}},{"type":"Feature","geometry":{"type":"Point","coordinates":[-3.4386,43.4643]},"properties":{}},{"type":"Feature","geometry":{"type":"Point","coordinates":[-3.4387,43.4645]},"properties":{}},{"type":"Feature","geometry":{"type":"Point","coordinates":[-3.439,43.4645]},"properties":{}},{"type":"Feature","geometry":{"type":"Point","coordinates":[-3.4392,43.4645]},"properties":{}},{"type":"Feature","geometry":{"type":"Point","coordinates":[-3.4392,43.4644]},"properties":{}},{"type":"Feature","geometry":{"type":"Point","coordinates":[-3.4393,43.4644]},"properties":{}},{"type":"Feature","geometry":{"type":"Point","coordinates":[-3.4393,43.4644]},"properties":{}},{"type":"Feature","geometry":{"type":"Point","coordinates":[-3.4393,43.4643]},"properties":{}},{"type":"Feature","geometry":{"type":"Point","coordinates":[-3.4393,43.4642]},"properties":{}},{"type":"Feature","geometry":{"type":"Point","coordinates":[-3.4393,43.4642]},"properties":{}},{"type":"Feature","geometry":{"type":"Point","coordinates":[-3.4393,43.4643]},"properties":{}},{"type":"Feature","geometry":{"type":"Point","coordinates":[-3.4394,43.4644]},"properties":{}},{"type":"Feature","geometry":{"type":"Point","coordinates":[-3.4393,43.4644]},"properties":{}},{"type":"Feature","geometry":{"type":"Point","coordinates":[-3.4394,43.4645]},"properties":{}},{"type":"Feature","geometry":{"type":"Point","coordinates":[-3.4395,43.4644]},"properties":{}},{"type":"Feature","geometry":{"type":"Point","coordinates":[-3.4395,43.4644]},"properties":{}},{"type":"Feature","geometry":{"type":"Point","coordinates":[-3.4396,43.4644]},"properties":{}},{"type":"Feature","geometry":{"type":"Point","coordinates":[-3.4397,43.4645]},"properties":{}},{"type":"Feature","geometry":{"type":"Point","coordinates":[-3.4397,43.4646]},"properties":{}},{"type":"Feature","geometry":{"type":"Point","coordinates":[-3.4398,43.4645]},"properties":{}},{"type":"Feature","geometry":{"type":"Point","coordinates":[-3.4399,43.4646]},"properties":{}},{"type":"Feature","geometry":{"type":"Point","coordinates":[-3.44,43.4646]},"properties":{}},{"type":"Feature","geometry":{"type":"Point","coordinates":[-3.4402,43.4646]},"properties":{}},{"type":"Feature","geometry":{"type":"Point","coordinates":[-3.4403,43.4647]},"properties":{}},{"type":"Feature","geometry":{"type":"Point","coordinates":[-3.4403,43.4647]},"properties":{}},{"type":"Feature","geometry":{"type":"Point","coordinates":[-3.4404,43.4648]},"properties":{}},{"type":"Feature","geometry":{"type":"Point","coordinates":[-3.4405,43.4647]},"properties":{}},{"type":"Feature","geometry":{"type":"Point","coordinates":[-3.4404,43.4647]},"properties":{}},{"type":"Feature","geometry":{"type":"Point","coordinates":[-3.4405,43.4646]},"properties":{}},{"type":"Feature","geometry":{"type":"Point","coordinates":[-3.4406,43.4647]},"properties":{}},{"type":"Feature","geometry":{"type":"Point","coordinates":[-3.4406,43.4647]},"properties":{}},{"type":"Feature","geometry":{"type":"Point","coordinates":[-3.4408,43.4648]},"properties":{}},{"type":"Feature","geometry":{"type":"Point","coordinates":[-3.4408,43.4648]},"properties":{}},{"type":"Feature","geometry":{"type":"Point","coordinates":[-3.4409,43.4648]},"properties":{}},{"type":"Feature","geometry":{"type":"Point","coordinates":[-3.4409,43.4648]},"properties":{}},{"type":"Feature","geometry":{"type":"Point","coordinates":[-3.441,43.4648]},"properties":{}},{"type":"Feature","geometry":{"type":"Point","coordinates":[-3.4411,43.4648]},"properties":{}},{"type":"Feature","geometry":{"type":"Point","coordinates":[-3.4411,43.4649]},"properties":{}},{"type":"Feature","geometry":{"type":"Point","coordinates":[-3.4412,43.4649]},"properties":{}},{"type":"Feature","geometry":{"type":"Point","coordinates":[-3.4412,43.4648]},"properties":{}},{"type":"Feature","geometry":{"type":"Point","coordinates":[-3.4412,43.4648]},"properties":{}},{"type":"Feature","geometry":{"type":"Point","coordinates":[-3.4413,43.4648]},"properties":{}},{"type":"Feature","geometry":{"type":"Point","coordinates":[-3.4414,43.4649]},"properties":{}},{"type":"Feature","geometry":{"type":"Point","coordinates":[-3.4415,43.4648]},"properties":{}},{"type":"Feature","geometry":{"type":"Point","coordinates":[-3.4416,43.4649]},"properties":{}},{"type":"Feature","geometry":{"type":"Point","coordinates":[-3.4417,43.465]},"properties":{}},{"type":"Feature","geometry":{"type":"Point","coordinates":[-3.4417,43.4649]},"properties":{}},{"type":"Feature","geometry":{"type":"Point","coordinates":[-3.4419,43.465]},"properties":{}},{"type":"Feature","geometry":{"type":"Point","coordinates":[-3.442,43.4651]},"properties":{}},{"type":"Feature","geometry":{"type":"Point","coordinates":[-3.4421,43.465]},"properties":{}},{"type":"Feature","geometry":{"type":"Point","coordinates":[-3.4421,43.4651]},"properties":{}},{"type":"Feature","geometry":{"type":"Point","coordinates":[-3.4423,43.4651]},"properties":{}},{"type":"Feature","geometry":{"type":"Point","coordinates":[-3.4424,43.465]},"properties":{}},{"type":"Feature","geometry":{"type":"Point","coordinates":[-3.4424,43.4651]},"properties":{}},{"type":"Feature","geometry":{"type":"Point","coordinates":[-3.4424,43.4652]},"properties":{}},{"type":"Feature","geometry":{"type":"Point","coordinates":[-3.4425,43.4652]},"properties":{}},{"type":"Feature","geometry":{"type":"Point","coordinates":[-3.4425,43.4653]},"properties":{}},{"type":"Feature","geometry":{"type":"Point","coordinates":[-3.4427,43.4654]},"properties":{}},{"type":"Feature","geometry":{"type":"Point","coordinates":[-3.4428,43.4653]},"properties":{}},{"type":"Feature","geometry":{"type":"Point","coordinates":[-3.4428,43.4653]},"properties":{}},{"type":"Feature","geometry":{"type":"Point","coordinates":[-3.443,43.4654]},"properties":{}},{"type":"Feature","geometry":{"type":"Point","coordinates":[-3.443,43.4654]},"properties":{}},{"type":"Feature","geometry":{"type":"Point","coordinates":[-3.4431,43.4654]},"properties":{}},{"type":"Feature","geometry":{"type":"Point","coordinates":[-3.4432,43.4654]},"properties":{}},{"type":"Feature","geometry":{"type":"Point","coordinates":[-3.4433,43.4654]},"properties":{}},{"type":"Feature","geometry":{"type":"Point","coordinates":[-3.4434,43.4653]},"properties":{}},{"type":"Feature","geometry":{"type":"Point","coordinates":[-3.4437,43.4654]},"properties":{}},{"type":"Feature","geometry":{"type":"Point","coordinates":[-3.4439,43.4653]},"properties":{}},{"type":"Feature","geometry":{"type":"Point","coordinates":[-3.4441,43.4654]},"properties":{}},{"type":"Feature","geometry":{"type":"Point","coordinates":[-3.4444,43.4654]},"properties":{}},{"type":"Feature","geometry":{"type":"Point","coordinates":[-3.4446,43.4654]},"properties":{}},{"type":"Feature","geometry":{"type":"Point","coordinates":[-3.4449,43.4655]},"properties":{}},{"type":"Feature","geometry":{"type":"Point","coordinates":[-3.4449,43.4657]},"properties":{}},{"type":"Feature","geometry":{"type":"Point","coordinates":[-3.4451,43.4659]},"properties":{}},{"type":"Feature","geometry":{"type":"Point","coordinates":[-3.4453,43.4659]},"properties":{}},{"type":"Feature","geometry":{"type":"Point","coordinates":[-3.4454,43.466]},"properties":{}},{"type":"Feature","geometry":{"type":"Point","coordinates":[-3.4457,43.466]},"properties":{}},{"type":"Feature","geometry":{"type":"Point","coordinates":[-3.4461,43.466]},"properties":{}},{"type":"Feature","geometry":{"type":"Point","coordinates":[-3.4463,43.466]},"properties":{}},{"type":"Feature","geometry":{"type":"Point","coordinates":[-3.4465,43.4661]},"properties":{}},{"type":"Feature","geometry":{"type":"Point","coordinates":[-3.4467,43.4662]},"properties":{}},{"type":"Feature","geometry":{"type":"Point","coordinates":[-3.4469,43.4664]},"properties":{}},{"type":"Feature","geometry":{"type":"Point","coordinates":[-3.4472,43.4666]},"properties":{}},{"type":"Feature","geometry":{"type":"Point","coordinates":[-3.4475,43.4668]},"properties":{}},{"type":"Feature","geometry":{"type":"Point","coordinates":[-3.4478,43.4669]},"properties":{}},{"type":"Feature","geometry":{"type":"Point","coordinates":[-3.4483,43.4668]},"properties":{}},{"type":"Feature","geometry":{"type":"Point","coordinates":[-3.4486,43.4669]},"properties":{}},{"type":"Feature","geometry":{"type":"Point","coordinates":[-3.4487,43.467]},"properties":{}},{"type":"Feature","geometry":{"type":"Point","coordinates":[-3.4488,43.467]},"properties":{}},{"type":"Feature","geometry":{"type":"Point","coordinates":[-3.449,43.4669]},"properties":{}},{"type":"Feature","geometry":{"type":"Point","coordinates":[-3.4492,43.4667]},"properties":{}},{"type":"Feature","geometry":{"type":"Point","coordinates":[-3.4493,43.4665]},"properties":{}},{"type":"Feature","geometry":{"type":"Point","coordinates":[-3.4494,43.4664]},"properties":{}},{"type":"Feature","geometry":{"type":"Point","coordinates":[-3.4497,43.4662]},"properties":{}},{"type":"Feature","geometry":{"type":"Point","coordinates":[-3.45,43.466]},"properties":{}},{"type":"Feature","geometry":{"type":"Point","coordinates":[-3.4504,43.4658]},"properties":{}},{"type":"Feature","geometry":{"type":"Point","coordinates":[-3.4508,43.4656]},"properties":{}},{"type":"Feature","geometry":{"type":"Point","coordinates":[-3.4515,43.4654]},"properties":{}},{"type":"Feature","geometry":{"type":"Point","coordinates":[-3.4519,43.4653]},"properties":{}},{"type":"Feature","geometry":{"type":"Point","coordinates":[-3.452,43.4654]},"properties":{}},{"type":"Feature","geometry":{"type":"Point","coordinates":[-3.4522,43.4653]},"properties":{}},{"type":"Feature","geometry":{"type":"Point","coordinates":[-3.4525,43.4652]},"properties":{}},{"type":"Feature","geometry":{"type":"Point","coordinates":[-3.4526,43.4651]},"properties":{}},{"type":"Feature","geometry":{"type":"Point","coordinates":[-3.4529,43.465]},"properties":{}},{"type":"Feature","geometry":{"type":"Point","coordinates":[-3.4533,43.465]},"properties":{}},{"type":"Feature","geometry":{"type":"Point","coordinates":[-3.4536,43.4651]},"properties":{}},{"type":"Feature","geometry":{"type":"Point","coordinates":[-3.4539,43.4651]},"properties":{}},{"type":"Feature","geometry":{"type":"Point","coordinates":[-3.4542,43.465]},"properties":{}},{"type":"Feature","geometry":{"type":"Point","coordinates":[-3.4545,43.465]},"properties":{}},{"type":"Feature","geometry":{"type":"Point","coordinates":[-4.3859,43.3948]},"properties":{}},{"type":"Feature","geometry":{"type":"Point","coordinates":[-4.3862,43.3947]},"properties":{}},{"type":"Feature","geometry":{"type":"Point","coordinates":[-4.3864,43.3946]},"properties":{}},{"type":"Feature","geometry":{"type":"Point","coordinates":[-4.3867,43.3945]},"properties":{}},{"type":"Feature","geometry":{"type":"Point","coordinates":[-4.3871,43.3941]},"properties":{}},{"type":"Feature","geometry":{"type":"Point","coordinates":[-4.3888,43.3932]},"properties":{}},{"type":"Feature","geometry":{"type":"Point","coordinates":[-4.3892,43.3929]},"properties":{}},{"type":"Feature","geometry":{"type":"Point","coordinates":[-4.3894,43.3929]},"properties":{}},{"type":"Feature","geometry":{"type":"Point","coordinates":[-4.3897,43.393]},"properties":{}},{"type":"Feature","geometry":{"type":"Point","coordinates":[-4.3898,43.393]},"properties":{}},{"type":"Feature","geometry":{"type":"Point","coordinates":[-4.3898,43.3931]},"properties":{}},{"type":"Feature","geometry":{"type":"Point","coordinates":[-4.3901,43.3931]},"properties":{}},{"type":"Feature","geometry":{"type":"Point","coordinates":[-4.3904,43.3929]},"properties":{}},{"type":"Feature","geometry":{"type":"Point","coordinates":[-4.3903,43.3931]},"properties":{}},{"type":"Feature","geometry":{"type":"Point","coordinates":[-4.3904,43.3931]},"properties":{}},{"type":"Feature","geometry":{"type":"Point","coordinates":[-4.3907,43.3931]},"properties":{}},{"type":"Feature","geometry":{"type":"Point","coordinates":[-4.3908,43.3932]},"properties":{}},{"type":"Feature","geometry":{"type":"Point","coordinates":[-4.3909,43.3931]},"properties":{}},{"type":"Feature","geometry":{"type":"Point","coordinates":[-4.3911,43.3933]},"properties":{}},{"type":"Feature","geometry":{"type":"Point","coordinates":[-4.391,43.3937]},"properties":{}},{"type":"Feature","geometry":{"type":"Point","coordinates":[-4.3909,43.3939]},"properties":{}},{"type":"Feature","geometry":{"type":"Point","coordinates":[-4.3907,43.394]},"properties":{}},{"type":"Feature","geometry":{"type":"Point","coordinates":[-4.3904,43.3942]},"properties":{}},{"type":"Feature","geometry":{"type":"Point","coordinates":[-4.3901,43.3943]},"properties":{}},{"type":"Feature","geometry":{"type":"Point","coordinates":[-4.3898,43.3944]},"properties":{}},{"type":"Feature","geometry":{"type":"Point","coordinates":[-4.3898,43.3946]},"properties":{}},{"type":"Feature","geometry":{"type":"Point","coordinates":[-4.3902,43.3945]},"properties":{}},{"type":"Feature","geometry":{"type":"Point","coordinates":[-4.3904,43.3946]},"properties":{}},{"type":"Feature","geometry":{"type":"Point","coordinates":[-4.3905,43.3946]},"properties":{}},{"type":"Feature","geometry":{"type":"Point","coordinates":[-4.3908,43.3945]},"properties":{}},{"type":"Feature","geometry":{"type":"Point","coordinates":[-4.3909,43.3943]},"properties":{}},{"type":"Feature","geometry":{"type":"Point","coordinates":[-4.3913,43.3943]},"properties":{}},{"type":"Feature","geometry":{"type":"Point","coordinates":[-4.3918,43.3942]},"properties":{}},{"type":"Feature","geometry":{"type":"Point","coordinates":[-4.392,43.3944]},"properties":{}},{"type":"Feature","geometry":{"type":"Point","coordinates":[-4.3917,43.3946]},"properties":{}},{"type":"Feature","geometry":{"type":"Point","coordinates":[-4.3914,43.3948]},"properties":{}},{"type":"Feature","geometry":{"type":"Point","coordinates":[-4.3916,43.3948]},"properties":{}},{"type":"Feature","geometry":{"type":"Point","coordinates":[-4.3919,43.3947]},"properties":{}},{"type":"Feature","geometry":{"type":"Point","coordinates":[-4.3919,43.3947]},"properties":{}},{"type":"Feature","geometry":{"type":"Point","coordinates":[-4.3918,43.3948]},"properties":{}},{"type":"Feature","geometry":{"type":"Point","coordinates":[-4.3922,43.3947]},"properties":{}},{"type":"Feature","geometry":{"type":"Point","coordinates":[-4.3926,43.3947]},"properties":{}},{"type":"Feature","geometry":{"type":"Point","coordinates":[-4.3923,43.3949]},"properties":{}},{"type":"Feature","geometry":{"type":"Point","coordinates":[-4.3923,43.395]},"properties":{}},{"type":"Feature","geometry":{"type":"Point","coordinates":[-4.3926,43.3949]},"properties":{}},{"type":"Feature","geometry":{"type":"Point","coordinates":[-4.3928,43.3947]},"properties":{}},{"type":"Feature","geometry":{"type":"Point","coordinates":[-4.393,43.3946]},"properties":{}},{"type":"Feature","geometry":{"type":"Point","coordinates":[-4.3933,43.3946]},"properties":{}},{"type":"Feature","geometry":{"type":"Point","coordinates":[-4.3935,43.3946]},"properties":{}},{"type":"Feature","geometry":{"type":"Point","coordinates":[-4.3938,43.3945]},"properties":{}},{"type":"Feature","geometry":{"type":"Point","coordinates":[-4.394,43.3945]},"properties":{}},{"type":"Feature","geometry":{"type":"Point","coordinates":[-4.3946,43.3944]},"properties":{}},{"type":"Feature","geometry":{"type":"Point","coordinates":[-4.3951,43.3943]},"properties":{}},{"type":"Feature","geometry":{"type":"Point","coordinates":[-4.3955,43.3942]},"properties":{}},{"type":"Feature","geometry":{"type":"Point","coordinates":[-4.3958,43.3941]},"properties":{}},{"type":"Feature","geometry":{"type":"Point","coordinates":[-4.3962,43.3941]},"properties":{}},{"type":"Feature","geometry":{"type":"Point","coordinates":[-4.3966,43.394]},"properties":{}},{"type":"Feature","geometry":{"type":"Point","coordinates":[-4.397,43.394]},"properties":{}},{"type":"Feature","geometry":{"type":"Point","coordinates":[-4.3973,43.3941]},"properties":{}},{"type":"Feature","geometry":{"type":"Point","coordinates":[-4.3971,43.3942]},"properties":{}},{"type":"Feature","geometry":{"type":"Point","coordinates":[-4.3968,43.3944]},"properties":{}},{"type":"Feature","geometry":{"type":"Point","coordinates":[-4.3965,43.3947]},"properties":{}},{"type":"Feature","geometry":{"type":"Point","coordinates":[-4.3962,43.395]},"properties":{}},{"type":"Feature","geometry":{"type":"Point","coordinates":[-4.3961,43.3953]},"properties":{}},{"type":"Feature","geometry":{"type":"Point","coordinates":[-4.3959,43.3956]},"properties":{}},{"type":"Feature","geometry":{"type":"Point","coordinates":[-4.3961,43.3957]},"properties":{}},{"type":"Feature","geometry":{"type":"Point","coordinates":[-4.3961,43.3958]},"properties":{}},{"type":"Feature","geometry":{"type":"Point","coordinates":[-4.3961,43.3961]},"properties":{}},{"type":"Feature","geometry":{"type":"Point","coordinates":[-4.3964,43.3964]},"properties":{}},{"type":"Feature","geometry":{"type":"Point","coordinates":[-4.3966,43.3966]},"properties":{}},{"type":"Feature","geometry":{"type":"Point","coordinates":[-4.3968,43.3967]},"properties":{}},{"type":"Feature","geometry":{"type":"Point","coordinates":[-4.3972,43.3968]},"properties":{}},{"type":"Feature","geometry":{"type":"Point","coordinates":[-4.3976,43.3969]},"properties":{}},{"type":"Feature","geometry":{"type":"Point","coordinates":[-4.398,43.397]},"properties":{}},{"type":"Feature","geometry":{"type":"Point","coordinates":[-4.3982,43.3969]},"properties":{}},{"type":"Feature","geometry":{"type":"Point","coordinates":[-4.3985,43.397]},"properties":{}},{"type":"Feature","geometry":{"type":"Point","coordinates":[-4.3987,43.3971]},"properties":{}},{"type":"Feature","geometry":{"type":"Point","coordinates":[-4.3992,43.3971]},"properties":{}},{"type":"Feature","geometry":{"type":"Point","coordinates":[-4.3995,43.3972]},"properties":{}},{"type":"Feature","geometry":{"type":"Point","coordinates":[-4.4,43.3973]},"properties":{}},{"type":"Feature","geometry":{"type":"Point","coordinates":[-4.4003,43.3974]},"properties":{}},{"type":"Feature","geometry":{"type":"Point","coordinates":[-4.4005,43.3973]},"properties":{}},{"type":"Feature","geometry":{"type":"Point","coordinates":[-4.4006,43.3974]},"properties":{}},{"type":"Feature","geometry":{"type":"Point","coordinates":[-4.4009,43.3976]},"properties":{}},{"type":"Feature","geometry":{"type":"Point","coordinates":[-4.4014,43.3976]},"properties":{}},{"type":"Feature","geometry":{"type":"Point","coordinates":[-4.4018,43.3975]},"properties":{}},{"type":"Feature","geometry":{"type":"Point","coordinates":[-4.402,43.3975]},"properties":{}},{"type":"Feature","geometry":{"type":"Point","coordinates":[-4.4023,43.3975]},"properties":{}},{"type":"Feature","geometry":{"type":"Point","coordinates":[-4.4027,43.3976]},"properties":{}},{"type":"Feature","geometry":{"type":"Point","coordinates":[-4.4031,43.3976]},"properties":{}},{"type":"Feature","geometry":{"type":"Point","coordinates":[-4.4035,43.3976]},"properties":{}},{"type":"Feature","geometry":{"type":"Point","coordinates":[-4.404,43.3978]},"properties":{}},{"type":"Feature","geometry":{"type":"Point","coordinates":[-4.4046,43.3978]},"properties":{}},{"type":"Feature","geometry":{"type":"Point","coordinates":[-4.4055,43.3979]},"properties":{}},{"type":"Feature","geometry":{"type":"Point","coordinates":[-4.4061,43.3978]},"properties":{}},{"type":"Feature","geometry":{"type":"Point","coordinates":[-4.4068,43.3979]},"properties":{}},{"type":"Feature","geometry":{"type":"Point","coordinates":[-4.4075,43.3978]},"properties":{}},{"type":"Feature","geometry":{"type":"Point","coordinates":[-4.4082,43.3977]},"properties":{}},{"type":"Feature","geometry":{"type":"Point","coordinates":[-4.4088,43.3976]},"properties":{}},{"type":"Feature","geometry":{"type":"Point","coordinates":[-4.4094,43.3975]},"properties":{}},{"type":"Feature","geometry":{"type":"Point","coordinates":[-4.4099,43.3974]},"properties":{}},{"type":"Feature","geometry":{"type":"Point","coordinates":[-4.41,43.3974]},"properties":{}},{"type":"Feature","geometry":{"type":"Point","coordinates":[-4.4104,43.3977]},"properties":{}},{"type":"Feature","geometry":{"type":"Point","coordinates":[-4.4108,43.3978]},"properties":{}},{"type":"Feature","geometry":{"type":"Point","coordinates":[-4.4115,43.3979]},"properties":{}},{"type":"Feature","geometry":{"type":"Point","coordinates":[-4.4121,43.398]},"properties":{}},{"type":"Feature","geometry":{"type":"Point","coordinates":[-4.4127,43.3981]},"properties":{}},{"type":"Feature","geometry":{"type":"Point","coordinates":[-4.4133,43.3982]},"properties":{}},{"type":"Feature","geometry":{"type":"Point","coordinates":[-4.4138,43.3982]},"properties":{}},{"type":"Feature","geometry":{"type":"Point","coordinates":[-4.4145,43.3983]},"properties":{}},{"type":"Feature","geometry":{"type":"Point","coordinates":[-4.415,43.3983]},"properties":{}},{"type":"Feature","geometry":{"type":"Point","coordinates":[-4.4155,43.3983]},"properties":{}},{"type":"Feature","geometry":{"type":"Point","coordinates":[-4.4161,43.3983]},"properties":{}},{"type":"Feature","geometry":{"type":"Point","coordinates":[-4.4166,43.3983]},"properties":{}},{"type":"Feature","geometry":{"type":"Point","coordinates":[-4.4171,43.3982]},"properties":{}},{"type":"Feature","geometry":{"type":"Point","coordinates":[-4.4178,43.3981]},"properties":{}},{"type":"Feature","geometry":{"type":"Point","coordinates":[-4.4181,43.3981]},"properties":{}},{"type":"Feature","geometry":{"type":"Point","coordinates":[-4.4183,43.3981]},"properties":{}},{"type":"Feature","geometry":{"type":"Point","coordinates":[-4.4184,43.3982]},"properties":{}},{"type":"Feature","geometry":{"type":"Point","coordinates":[-4.4189,43.3983]},"properties":{}},{"type":"Feature","geometry":{"type":"Point","coordinates":[-4.4193,43.3983]},"properties":{}},{"type":"Feature","geometry":{"type":"Point","coordinates":[-4.4196,43.3982]},"properties":{}},{"type":"Feature","geometry":{"type":"Point","coordinates":[-4.42,43.3982]},"properties":{}},{"type":"Feature","geometry":{"type":"Point","coordinates":[-4.4203,43.3981]},"properties":{}},{"type":"Feature","geometry":{"type":"Point","coordinates":[-4.4204,43.3979]},"properties":{}},{"type":"Feature","geometry":{"type":"Point","coordinates":[-4.4206,43.3977]},"properties":{}},{"type":"Feature","geometry":{"type":"Point","coordinates":[-4.4209,43.3976]},"properties":{}},{"type":"Feature","geometry":{"type":"Point","coordinates":[-4.4212,43.3974]},"properties":{}},{"type":"Feature","geometry":{"type":"Point","coordinates":[-4.4217,43.3973]},"properties":{}},{"type":"Feature","geometry":{"type":"Point","coordinates":[-4.4219,43.3974]},"properties":{}},{"type":"Feature","geometry":{"type":"Point","coordinates":[-4.4224,43.3974]},"properties":{}},{"type":"Feature","geometry":{"type":"Point","coordinates":[-4.4227,43.3974]},"properties":{}},{"type":"Feature","geometry":{"type":"Point","coordinates":[-4.4229,43.3974]},"properties":{}},{"type":"Feature","geometry":{"type":"Point","coordinates":[-4.4233,43.3972]},"properties":{}},{"type":"Feature","geometry":{"type":"Point","coordinates":[-4.4236,43.3971]},"properties":{}},{"type":"Feature","geometry":{"type":"Point","coordinates":[-4.4238,43.3971]},"properties":{}},{"type":"Feature","geometry":{"type":"Point","coordinates":[-4.4243,43.3972]},"properties":{}},{"type":"Feature","geometry":{"type":"Point","coordinates":[-4.4247,43.3972]},"properties":{}},{"type":"Feature","geometry":{"type":"Point","coordinates":[-4.4253,43.3972]},"properties":{}},{"type":"Feature","geometry":{"type":"Point","coordinates":[-4.4257,43.3972]},"properties":{}},{"type":"Feature","geometry":{"type":"Point","coordinates":[-4.4261,43.3972]},"properties":{}},{"type":"Feature","geometry":{"type":"Point","coordinates":[-4.4263,43.3971]},"properties":{}},{"type":"Feature","geometry":{"type":"Point","coordinates":[-4.4264,43.3971]},"properties":{}},{"type":"Feature","geometry":{"type":"Point","coordinates":[-4.4264,43.397]},"properties":{}},{"type":"Feature","geometry":{"type":"Point","coordinates":[-4.4265,43.3969]},"properties":{}},{"type":"Feature","geometry":{"type":"Point","coordinates":[-4.4268,43.3971]},"properties":{}},{"type":"Feature","geometry":{"type":"Point","coordinates":[-4.4269,43.3971]},"properties":{}},{"type":"Feature","geometry":{"type":"Point","coordinates":[-4.427,43.3969]},"properties":{}},{"type":"Feature","geometry":{"type":"Point","coordinates":[-4.4268,43.3969]},"properties":{}},{"type":"Feature","geometry":{"type":"Point","coordinates":[-4.4268,43.3968]},"properties":{}},{"type":"Feature","geometry":{"type":"Point","coordinates":[-4.4268,43.3967]},"properties":{}},{"type":"Feature","geometry":{"type":"Point","coordinates":[-4.4272,43.3965]},"properties":{}},{"type":"Feature","geometry":{"type":"Point","coordinates":[-4.4276,43.3965]},"properties":{}},{"type":"Feature","geometry":{"type":"Point","coordinates":[-4.4279,43.3964]},"properties":{}},{"type":"Feature","geometry":{"type":"Point","coordinates":[-4.4283,43.3965]},"properties":{}},{"type":"Feature","geometry":{"type":"Point","coordinates":[-4.4287,43.3966]},"properties":{}},{"type":"Feature","geometry":{"type":"Point","coordinates":[-4.4289,43.3967]},"properties":{}},{"type":"Feature","geometry":{"type":"Point","coordinates":[-4.4291,43.3967]},"properties":{}},{"type":"Feature","geometry":{"type":"Point","coordinates":[-4.4294,43.3968]},"properties":{}},{"type":"Feature","geometry":{"type":"Point","coordinates":[-4.4297,43.3968]},"properties":{}},{"type":"Feature","geometry":{"type":"Point","coordinates":[-4.43,43.3969]},"properties":{}},{"type":"Feature","geometry":{"type":"Point","coordinates":[-4.4303,43.3969]},"properties":{}},{"type":"Feature","geometry":{"type":"Point","coordinates":[-4.4307,43.3969]},"properties":{}},{"type":"Feature","geometry":{"type":"Point","coordinates":[-4.4311,43.397]},"properties":{}},{"type":"Feature","geometry":{"type":"Point","coordinates":[-4.4313,43.3969]},"properties":{}},{"type":"Feature","geometry":{"type":"Point","coordinates":[-4.4312,43.3967]},"properties":{}},{"type":"Feature","geometry":{"type":"Point","coordinates":[-4.4317,43.3965]},"properties":{}},{"type":"Feature","geometry":{"type":"Point","coordinates":[-4.432,43.3965]},"properties":{}},{"type":"Feature","geometry":{"type":"Point","coordinates":[-4.4322,43.3963]},"properties":{}},{"type":"Feature","geometry":{"type":"Point","coordinates":[-4.432,43.3961]},"properties":{}},{"type":"Feature","geometry":{"type":"Point","coordinates":[-4.4318,43.3959]},"properties":{}},{"type":"Feature","geometry":{"type":"Point","coordinates":[-4.4317,43.3956]},"properties":{}},{"type":"Feature","geometry":{"type":"Point","coordinates":[-4.4317,43.3953]},"properties":{}},{"type":"Feature","geometry":{"type":"Point","coordinates":[-4.4317,43.3951]},"properties":{}},{"type":"Feature","geometry":{"type":"Point","coordinates":[-4.4316,43.3949]},"properties":{}},{"type":"Feature","geometry":{"type":"Point","coordinates":[-4.4313,43.3947]},"properties":{}},{"type":"Feature","geometry":{"type":"Point","coordinates":[-4.431,43.3946]},"properties":{}},{"type":"Feature","geometry":{"type":"Point","coordinates":[-4.4306,43.3944]},"properties":{}},{"type":"Feature","geometry":{"type":"Point","coordinates":[-4.3556,43.4023]},"properties":{}},{"type":"Feature","geometry":{"type":"Point","coordinates":[-4.3556,43.402]},"properties":{}},{"type":"Feature","geometry":{"type":"Point","coordinates":[-4.3556,43.4016]},"properties":{}},{"type":"Feature","geometry":{"type":"Point","coordinates":[-4.3559,43.4012]},"properties":{}},{"type":"Feature","geometry":{"type":"Point","coordinates":[-4.3566,43.4008]},"properties":{}},{"type":"Feature","geometry":{"type":"Point","coordinates":[-4.3573,43.4002]},"properties":{}},{"type":"Feature","geometry":{"type":"Point","coordinates":[-4.3578,43.3999]},"properties":{}},{"type":"Feature","geometry":{"type":"Point","coordinates":[-4.3581,43.3996]},"properties":{}},{"type":"Feature","geometry":{"type":"Point","coordinates":[-4.3584,43.3992]},"properties":{}},{"type":"Feature","geometry":{"type":"Point","coordinates":[-4.3589,43.3989]},"properties":{}},{"type":"Feature","geometry":{"type":"Point","coordinates":[-4.3596,43.3987]},"properties":{}},{"type":"Feature","geometry":{"type":"Point","coordinates":[-4.36,43.3986]},"properties":{}},{"type":"Feature","geometry":{"type":"Point","coordinates":[-4.3604,43.3986]},"properties":{}},{"type":"Feature","geometry":{"type":"Point","coordinates":[-4.3608,43.3985]},"properties":{}},{"type":"Feature","geometry":{"type":"Point","coordinates":[-4.3611,43.3981]},"properties":{}},{"type":"Feature","geometry":{"type":"Point","coordinates":[-4.3617,43.3978]},"properties":{}},{"type":"Feature","geometry":{"type":"Point","coordinates":[-4.3625,43.3974]},"properties":{}},{"type":"Feature","geometry":{"type":"Point","coordinates":[-4.3629,43.3971]},"properties":{}},{"type":"Feature","geometry":{"type":"Point","coordinates":[-4.3635,43.3967]},"properties":{}},{"type":"Feature","geometry":{"type":"Point","coordinates":[-4.3638,43.3964]},"properties":{}},{"type":"Feature","geometry":{"type":"Point","coordinates":[-4.3644,43.396]},"properties":{}},{"type":"Feature","geometry":{"type":"Point","coordinates":[-4.3651,43.3958]},"properties":{}},{"type":"Feature","geometry":{"type":"Point","coordinates":[-4.3655,43.3955]},"properties":{}},{"type":"Feature","geometry":{"type":"Point","coordinates":[-4.3662,43.3952]},"properties":{}},{"type":"Feature","geometry":{"type":"Point","coordinates":[-4.367,43.3949]},"properties":{}},{"type":"Feature","geometry":{"type":"Point","coordinates":[-4.3677,43.3945]},"properties":{}},{"type":"Feature","geometry":{"type":"Point","coordinates":[-4.3681,43.3944]},"properties":{}},{"type":"Feature","geometry":{"type":"Point","coordinates":[-4.3687,43.394]},"properties":{}},{"type":"Feature","geometry":{"type":"Point","coordinates":[-4.37,43.3935]},"properties":{}},{"type":"Feature","geometry":{"type":"Point","coordinates":[-4.3711,43.393]},"properties":{}},{"type":"Feature","geometry":{"type":"Point","coordinates":[-4.3719,43.3928]},"properties":{}},{"type":"Feature","geometry":{"type":"Point","coordinates":[-4.3726,43.3925]},"properties":{}},{"type":"Feature","geometry":{"type":"Point","coordinates":[-4.3733,43.3923]},"properties":{}},{"type":"Feature","geometry":{"type":"Point","coordinates":[-4.3737,43.3923]},"properties":{}},{"type":"Feature","geometry":{"type":"Point","coordinates":[-4.3741,43.3922]},"properties":{}},{"type":"Feature","geometry":{"type":"Point","coordinates":[-4.3746,43.392]},"properties":{}},{"type":"Feature","geometry":{"type":"Point","coordinates":[-4.3752,43.3919]},"properties":{}},{"type":"Feature","geometry":{"type":"Point","coordinates":[-4.3757,43.3918]},"properties":{}},{"type":"Feature","geometry":{"type":"Point","coordinates":[-4.3766,43.3918]},"properties":{}},{"type":"Feature","geometry":{"type":"Point","coordinates":[-4.3772,43.3917]},"properties":{}},{"type":"Feature","geometry":{"type":"Point","coordinates":[-4.3778,43.3917]},"properties":{}},{"type":"Feature","geometry":{"type":"Point","coordinates":[-4.3784,43.3916]},"properties":{}},{"type":"Feature","geometry":{"type":"Point","coordinates":[-4.3793,43.3916]},"properties":{}},{"type":"Feature","geometry":{"type":"Point","coordinates":[-4.3798,43.3916]},"properties":{}},{"type":"Feature","geometry":{"type":"Point","coordinates":[-4.3802,43.3915]},"properties":{}},{"type":"Feature","geometry":{"type":"Point","coordinates":[-4.3807,43.3915]},"properties":{}},{"type":"Feature","geometry":{"type":"Point","coordinates":[-4.3814,43.3914]},"properties":{}},{"type":"Feature","geometry":{"type":"Point","coordinates":[-4.382,43.3914]},"properties":{}},{"type":"Feature","geometry":{"type":"Point","coordinates":[-4.3827,43.3914]},"properties":{}},{"type":"Feature","geometry":{"type":"Point","coordinates":[-4.3835,43.3915]},"properties":{}},{"type":"Feature","geometry":{"type":"Point","coordinates":[-4.384,43.3916]},"properties":{}},{"type":"Feature","geometry":{"type":"Point","coordinates":[-4.3849,43.3919]},"properties":{}},{"type":"Feature","geometry":{"type":"Point","coordinates":[-4.3852,43.392]},"properties":{}},{"type":"Feature","geometry":{"type":"Point","coordinates":[-4.3855,43.3922]},"properties":{}},{"type":"Feature","geometry":{"type":"Point","coordinates":[-4.3857,43.3924]},"properties":{}},{"type":"Feature","geometry":{"type":"Point","coordinates":[-4.3858,43.3925]},"properties":{}},{"type":"Feature","geometry":{"type":"Point","coordinates":[-4.385,43.3933]},"properties":{}},{"type":"Feature","geometry":{"type":"Point","coordinates":[-4.3851,43.3936]},"properties":{}},{"type":"Feature","geometry":{"type":"Point","coordinates":[-4.3852,43.395]},"properties":{}},{"type":"Feature","geometry":{"type":"Point","coordinates":[-4.8061,43.4322]},"properties":{}},{"type":"Feature","geometry":{"type":"Point","coordinates":[-4.8065,43.4316]},"properties":{}},{"type":"Feature","geometry":{"type":"Point","coordinates":[-4.8072,43.4319]},"properties":{}},{"type":"Feature","geometry":{"type":"Point","coordinates":[-4.5562,43.3956]},"properties":{}},{"type":"Feature","geometry":{"type":"Point","coordinates":[-4.5573,43.394]},"properties":{}},{"type":"Feature","geometry":{"type":"Point","coordinates":[-4.5599,43.3929]},"properties":{}},{"type":"Feature","geometry":{"type":"Point","coordinates":[-4.5619,43.3926]},"properties":{}},{"type":"Feature","geometry":{"type":"Point","coordinates":[-4.5636,43.3933]},"properties":{}},{"type":"Feature","geometry":{"type":"Point","coordinates":[-4.565,43.3931]},"properties":{}},{"type":"Feature","geometry":{"type":"Point","coordinates":[-4.5662,43.3921]},"properties":{}},{"type":"Feature","geometry":{"type":"Point","coordinates":[-4.5675,43.3919]},"properties":{}},{"type":"Feature","geometry":{"type":"Point","coordinates":[-4.5696,43.3927]},"properties":{}},{"type":"Feature","geometry":{"type":"Point","coordinates":[-4.57,43.3936]},"properties":{}},{"type":"Feature","geometry":{"type":"Point","coordinates":[-4.5711,43.394]},"properties":{}},{"type":"Feature","geometry":{"type":"Point","coordinates":[-4.7444,43.4171]},"properties":{}},{"type":"Feature","geometry":{"type":"Point","coordinates":[-4.7448,43.418]},"properties":{}},{"type":"Feature","geometry":{"type":"Point","coordinates":[-4.7447,43.4185]},"properties":{}},{"type":"Feature","geometry":{"type":"Point","coordinates":[-4.745,43.4192]},"properties":{}},{"type":"Feature","geometry":{"type":"Point","coordinates":[-4.7457,43.4191]},"properties":{}},{"type":"Feature","geometry":{"type":"Point","coordinates":[-4.7464,43.4192]},"properties":{}},{"type":"Feature","geometry":{"type":"Point","coordinates":[-4.7467,43.4192]},"properties":{}},{"type":"Feature","geometry":{"type":"Point","coordinates":[-4.7468,43.4187]},"properties":{}},{"type":"Feature","geometry":{"type":"Point","coordinates":[-4.747,43.4185]},"properties":{}},{"type":"Feature","geometry":{"type":"Point","coordinates":[-4.7472,43.4186]},"properties":{}},{"type":"Feature","geometry":{"type":"Point","coordinates":[-4.7473,43.4186]},"properties":{}},{"type":"Feature","geometry":{"type":"Point","coordinates":[-4.7474,43.4187]},"properties":{}},{"type":"Feature","geometry":{"type":"Point","coordinates":[-4.7477,43.4188]},"properties":{}},{"type":"Feature","geometry":{"type":"Point","coordinates":[-4.748,43.4189]},"properties":{}},{"type":"Feature","geometry":{"type":"Point","coordinates":[-4.7483,43.419]},"properties":{}},{"type":"Feature","geometry":{"type":"Point","coordinates":[-4.7482,43.4193]},"properties":{}},{"type":"Feature","geometry":{"type":"Point","coordinates":[-4.7478,43.4193]},"properties":{}},{"type":"Feature","geometry":{"type":"Point","coordinates":[-4.748,43.4195]},"properties":{}},{"type":"Feature","geometry":{"type":"Point","coordinates":[-4.7482,43.4196]},"properties":{}},{"type":"Feature","geometry":{"type":"Point","coordinates":[-4.7483,43.4197]},"properties":{}},{"type":"Feature","geometry":{"type":"Point","coordinates":[-4.748,43.4197]},"properties":{}},{"type":"Feature","geometry":{"type":"Point","coordinates":[-4.7476,43.4199]},"properties":{}},{"type":"Feature","geometry":{"type":"Point","coordinates":[-4.7471,43.4199]},"properties":{}},{"type":"Feature","geometry":{"type":"Point","coordinates":[-4.747,43.4203]},"properties":{}},{"type":"Feature","geometry":{"type":"Point","coordinates":[-4.7472,43.4204]},"properties":{}},{"type":"Feature","geometry":{"type":"Point","coordinates":[-4.7477,43.4204]},"properties":{}},{"type":"Feature","geometry":{"type":"Point","coordinates":[-4.748,43.4205]},"properties":{}},{"type":"Feature","geometry":{"type":"Point","coordinates":[-4.7482,43.4203]},"properties":{}},{"type":"Feature","geometry":{"type":"Point","coordinates":[-4.7488,43.4205]},"properties":{}},{"type":"Feature","geometry":{"type":"Point","coordinates":[-4.7494,43.4207]},"properties":{}},{"type":"Feature","geometry":{"type":"Point","coordinates":[-4.7502,43.4207]},"properties":{}},{"type":"Feature","geometry":{"type":"Point","coordinates":[-4.7517,43.4202]},"properties":{}},{"type":"Feature","geometry":{"type":"Point","coordinates":[-4.7528,43.4199]},"properties":{}},{"type":"Feature","geometry":{"type":"Point","coordinates":[-4.7539,43.4197]},"properties":{}},{"type":"Feature","geometry":{"type":"Point","coordinates":[-4.7534,43.4202]},"properties":{}},{"type":"Feature","geometry":{"type":"Point","coordinates":[-4.7534,43.4205]},"properties":{}},{"type":"Feature","geometry":{"type":"Point","coordinates":[-4.7528,43.4205]},"properties":{}},{"type":"Feature","geometry":{"type":"Point","coordinates":[-4.7524,43.4201]},"properties":{}},{"type":"Feature","geometry":{"type":"Point","coordinates":[-4.752,43.4205]},"properties":{}},{"type":"Feature","geometry":{"type":"Point","coordinates":[-4.7515,43.4209]},"properties":{}},{"type":"Feature","geometry":{"type":"Point","coordinates":[-4.7506,43.421]},"properties":{}},{"type":"Feature","geometry":{"type":"Point","coordinates":[-4.75,43.4212]},"properties":{}},{"type":"Feature","geometry":{"type":"Point","coordinates":[-4.7491,43.4213]},"properties":{}},{"type":"Feature","geometry":{"type":"Point","coordinates":[-4.7488,43.4211]},"properties":{}},{"type":"Feature","geometry":{"type":"Point","coordinates":[-4.7481,43.421]},"properties":{}},{"type":"Feature","geometry":{"type":"Point","coordinates":[-4.7477,43.4212]},"properties":{}},{"type":"Feature","geometry":{"type":"Point","coordinates":[-4.7474,43.4213]},"properties":{}},{"type":"Feature","geometry":{"type":"Point","coordinates":[-4.7467,43.4215]},"properties":{}},{"type":"Feature","geometry":{"type":"Point","coordinates":[-4.7468,43.4217]},"properties":{}},{"type":"Feature","geometry":{"type":"Point","coordinates":[-4.7485,43.4217]},"properties":{}},{"type":"Feature","geometry":{"type":"Point","coordinates":[-4.7492,43.4217]},"properties":{}},{"type":"Feature","geometry":{"type":"Point","coordinates":[-4.7505,43.4218]},"properties":{}},{"type":"Feature","geometry":{"type":"Point","coordinates":[-4.751,43.4219]},"properties":{}},{"type":"Feature","geometry":{"type":"Point","coordinates":[-4.7511,43.4222]},"properties":{}},{"type":"Feature","geometry":{"type":"Point","coordinates":[-4.7516,43.4221]},"properties":{}},{"type":"Feature","geometry":{"type":"Point","coordinates":[-4.7518,43.4224]},"properties":{}},{"type":"Feature","geometry":{"type":"Point","coordinates":[-4.7524,43.4224]},"properties":{}},{"type":"Feature","geometry":{"type":"Point","coordinates":[-4.8723,43.4416]},"properties":{}},{"type":"Feature","geometry":{"type":"Point","coordinates":[-4.8761,43.4425]},"properties":{}},{"type":"Feature","geometry":{"type":"Point","coordinates":[-4.8749,43.4429]},"properties":{}},{"type":"Feature","geometry":{"type":"Point","coordinates":[-4.8754,43.443]},"properties":{}},{"type":"Feature","geometry":{"type":"Point","coordinates":[-4.8761,43.4437]},"properties":{}},{"type":"Feature","geometry":{"type":"Point","coordinates":[-4.6176,43.3962]},"properties":{}},{"type":"Feature","geometry":{"type":"Point","coordinates":[-4.6177,43.3963]},"properties":{}},{"type":"Feature","geometry":{"type":"Point","coordinates":[-4.7861,43.4271]},"properties":{}},{"type":"Feature","geometry":{"type":"Point","coordinates":[-4.7857,43.4272]},"properties":{}},{"type":"Feature","geometry":{"type":"Point","coordinates":[-4.7854,43.4274]},"properties":{}},{"type":"Feature","geometry":{"type":"Point","coordinates":[-4.7853,43.4277]},"properties":{}},{"type":"Feature","geometry":{"type":"Point","coordinates":[-4.7854,43.4282]},"properties":{}},{"type":"Feature","geometry":{"type":"Point","coordinates":[-4.7857,43.4291]},"properties":{}},{"type":"Feature","geometry":{"type":"Point","coordinates":[-4.7862,43.4301]},"properties":{}},{"type":"Feature","geometry":{"type":"Point","coordinates":[-4.787,43.4308]},"properties":{}},{"type":"Feature","geometry":{"type":"Point","coordinates":[-4.7868,43.4315]},"properties":{}},{"type":"Feature","geometry":{"type":"Point","coordinates":[-4.787,43.432]},"properties":{}},{"type":"Feature","geometry":{"type":"Point","coordinates":[-4.7889,43.4323]},"properties":{}},{"type":"Feature","geometry":{"type":"Point","coordinates":[-4.618,43.3966]},"properties":{}},{"type":"Feature","geometry":{"type":"Point","coordinates":[-4.6176,43.398]},"properties":{}},{"type":"Feature","geometry":{"type":"Point","coordinates":[-4.6181,43.3984]},"properties":{}},{"type":"Feature","geometry":{"type":"Point","coordinates":[-4.6184,43.3984]},"properties":{}},{"type":"Feature","geometry":{"type":"Point","coordinates":[-4.6199,43.3988]},"properties":{}},{"type":"Feature","geometry":{"type":"Point","coordinates":[-4.6208,43.3989]},"properties":{}},{"type":"Feature","geometry":{"type":"Point","coordinates":[-4.6211,43.3985]},"properties":{}},{"type":"Feature","geometry":{"type":"Point","coordinates":[-4.6224,43.3981]},"properties":{}},{"type":"Feature","geometry":{"type":"Point","coordinates":[-4.6233,43.3976]},"properties":{}},{"type":"Feature","geometry":{"type":"Point","coordinates":[-4.6237,43.3979]},"properties":{}},{"type":"Feature","geometry":{"type":"Point","coordinates":[-4.6246,43.3978]},"properties":{}},{"type":"Feature","geometry":{"type":"Point","coordinates":[-4.6251,43.3982]},"properties":{}},{"type":"Feature","geometry":{"type":"Point","coordinates":[-4.6261,43.398]},"properties":{}},{"type":"Feature","geometry":{"type":"Point","coordinates":[-4.6277,43.3982]},"properties":{}},{"type":"Feature","geometry":{"type":"Point","coordinates":[-4.6295,43.3983]},"properties":{}},{"type":"Feature","geometry":{"type":"Point","coordinates":[-4.6306,43.3987]},"properties":{}},{"type":"Feature","geometry":{"type":"Point","coordinates":[-4.6303,43.3996]},"properties":{}},{"type":"Feature","geometry":{"type":"Point","coordinates":[-4.6344,43.4002]},"properties":{}},{"type":"Feature","geometry":{"type":"Point","coordinates":[-4.6386,43.4016]},"properties":{}},{"type":"Feature","geometry":{"type":"Point","coordinates":[-4.6427,43.4025]},"properties":{}},{"type":"Feature","geometry":{"type":"Point","coordinates":[-4.0311,43.4378]},"properties":{}},{"type":"Feature","geometry":{"type":"Point","coordinates":[-4.0308,43.4375]},"properties":{}},{"type":"Feature","geometry":{"type":"Point","coordinates":[-4.031,43.4363]},"properties":{}},{"type":"Feature","geometry":{"type":"Point","coordinates":[-4.0338,43.4351]},"properties":{}},{"type":"Feature","geometry":{"type":"Point","coordinates":[-4.0356,43.4383]},"properties":{}},{"type":"Feature","geometry":{"type":"Point","coordinates":[-4.0348,43.4369]},"properties":{}},{"type":"Feature","geometry":{"type":"Point","coordinates":[-4.0343,43.435]},"properties":{}},{"type":"Feature","geometry":{"type":"Point","coordinates":[-4.0508,43.4368]},"properties":{}},{"type":"Feature","geometry":{"type":"Point","coordinates":[-4.053,43.436]},"properties":{}},{"type":"Feature","geometry":{"type":"Point","coordinates":[-4.0556,43.4345]},"properties":{}},{"type":"Feature","geometry":{"type":"Point","coordinates":[-4.0589,43.4331]},"properties":{}},{"type":"Feature","geometry":{"type":"Point","coordinates":[-4.0601,43.4332]},"properties":{}},{"type":"Feature","geometry":{"type":"Point","coordinates":[-4.0623,43.4329]},"properties":{}},{"type":"Feature","geometry":{"type":"Point","coordinates":[-4.0648,43.4322]},"properties":{}},{"type":"Feature","geometry":{"type":"Point","coordinates":[-4.0663,43.4319]},"properties":{}},{"type":"Feature","geometry":{"type":"Point","coordinates":[-4.0683,43.4319]},"properties":{}},{"type":"Feature","geometry":{"type":"Point","coordinates":[-4.0696,43.4318]},"properties":{}},{"type":"Feature","geometry":{"type":"Point","coordinates":[-4.0703,43.432]},"properties":{}},{"type":"Feature","geometry":{"type":"Point","coordinates":[-4.0712,43.4318]},"properties":{}},{"type":"Feature","geometry":{"type":"Point","coordinates":[-4.0728,43.4315]},"properties":{}},{"type":"Feature","geometry":{"type":"Point","coordinates":[-4.0745,43.4309]},"properties":{}},{"type":"Feature","geometry":{"type":"Point","coordinates":[-4.0755,43.4306]},"properties":{}},{"type":"Feature","geometry":{"type":"Point","coordinates":[-4.0772,43.431]},"properties":{}},{"type":"Feature","geometry":{"type":"Point","coordinates":[-4.0781,43.4312]},"properties":{}},{"type":"Feature","geometry":{"type":"Point","coordinates":[-4.079,43.4323]},"properties":{}},{"type":"Feature","geometry":{"type":"Point","coordinates":[-4.08,43.4328]},"properties":{}},{"type":"Feature","geometry":{"type":"Point","coordinates":[-4.0818,43.4334]},"properties":{}},{"type":"Feature","geometry":{"type":"Point","coordinates":[-4.082,43.4341]},"properties":{}},{"type":"Feature","geometry":{"type":"Point","coordinates":[-4.0821,43.4347]},"properties":{}},{"type":"Feature","geometry":{"type":"Point","coordinates":[-4.0813,43.4363]},"properties":{}},{"type":"Feature","geometry":{"type":"Point","coordinates":[-4.0806,43.4382]},"properties":{}},{"type":"Feature","geometry":{"type":"Point","coordinates":[-4.0815,43.438]},"properties":{}},{"type":"Feature","geometry":{"type":"Point","coordinates":[-4.0825,43.4376]},"properties":{}},{"type":"Feature","geometry":{"type":"Point","coordinates":[-4.0838,43.4369]},"properties":{}},{"type":"Feature","geometry":{"type":"Point","coordinates":[-4.0851,43.436]},"properties":{}},{"type":"Feature","geometry":{"type":"Point","coordinates":[-4.0861,43.4356]},"properties":{}},{"type":"Feature","geometry":{"type":"Point","coordinates":[-4.0874,43.4346]},"properties":{}},{"type":"Feature","geometry":{"type":"Point","coordinates":[-4.0889,43.4337]},"properties":{}},{"type":"Feature","geometry":{"type":"Point","coordinates":[-4.0905,43.4329]},"properties":{}},{"type":"Feature","geometry":{"type":"Point","coordinates":[-4.0915,43.4329]},"properties":{}},{"type":"Feature","geometry":{"type":"Point","coordinates":[-4.0923,43.4331]},"properties":{}},{"type":"Feature","geometry":{"type":"Point","coordinates":[-4.093,43.4322]},"properties":{}},{"type":"Feature","geometry":{"type":"Point","coordinates":[-4.094,43.4318]},"properties":{}},{"type":"Feature","geometry":{"type":"Point","coordinates":[-4.0946,43.4305]},"properties":{}},{"type":"Feature","geometry":{"type":"Point","coordinates":[-4.0949,43.4293]},"properties":{}},{"type":"Feature","geometry":{"type":"Point","coordinates":[-4.0939,43.4285]},"properties":{}},{"type":"Feature","geometry":{"type":"Point","coordinates":[-4.0938,43.4276]},"properties":{}},{"type":"Feature","geometry":{"type":"Point","coordinates":[-4.0948,43.427]},"properties":{}},{"type":"Feature","geometry":{"type":"Point","coordinates":[-4.0955,43.4265]},"properties":{}},{"type":"Feature","geometry":{"type":"Point","coordinates":[-4.0962,43.4267]},"properties":{}},{"type":"Feature","geometry":{"type":"Point","coordinates":[-4.0978,43.4266]},"properties":{}},{"type":"Feature","geometry":{"type":"Point","coordinates":[-4.0242,43.4412]},"properties":{}},{"type":"Feature","geometry":{"type":"Point","coordinates":[-4.0246,43.441]},"properties":{}},{"type":"Feature","geometry":{"type":"Point","coordinates":[-4.025,43.441]},"properties":{}},{"type":"Feature","geometry":{"type":"Point","coordinates":[-4.0254,43.441]},"properties":{}},{"type":"Feature","geometry":{"type":"Point","coordinates":[-4.0274,43.441]},"properties":{}},{"type":"Feature","geometry":{"type":"Point","coordinates":[-4.0309,43.4407]},"properties":{}},{"type":"Feature","geometry":{"type":"Point","coordinates":[-4.0324,43.4407]},"properties":{}},{"type":"Feature","geometry":{"type":"Point","coordinates":[-4.0332,43.4399]},"properties":{}},{"type":"Feature","geometry":{"type":"Point","coordinates":[-4.0331,43.4394]},"properties":{}},{"type":"Feature","geometry":{"type":"Point","coordinates":[-4.0339,43.4391]},"properties":{}},{"type":"Feature","geometry":{"type":"Point","coordinates":[-4.0339,43.439]},"properties":{}},{"type":"Feature","geometry":{"type":"Point","coordinates":[-4.0327,43.4386]},"properties":{}},{"type":"Feature","geometry":{"type":"Point","coordinates":[-4.0319,43.4381]},"properties":{}},{"type":"Feature","geometry":{"type":"Point","coordinates":[-4.0315,43.4378]},"properties":{}},{"type":"Feature","geometry":{"type":"Point","coordinates":[-3.9825,43.4435]},"properties":{}},{"type":"Feature","geometry":{"type":"Point","coordinates":[-3.9829,43.4436]},"properties":{}},{"type":"Feature","geometry":{"type":"Point","coordinates":[-3.9834,43.4436]},"properties":{}},{"type":"Feature","geometry":{"type":"Point","coordinates":[-3.9839,43.4438]},"properties":{}},{"type":"Feature","geometry":{"type":"Point","coordinates":[-3.9841,43.4441]},"properties":{}},{"type":"Feature","geometry":{"type":"Point","coordinates":[-3.9841,43.4445]},"properties":{}},{"type":"Feature","geometry":{"type":"Point","coordinates":[-3.9839,43.4449]},"properties":{}},{"type":"Feature","geometry":{"type":"Point","coordinates":[-3.9841,43.4448]},"properties":{}},{"type":"Feature","geometry":{"type":"Point","coordinates":[-3.9844,43.4447]},"properties":{}},{"type":"Feature","geometry":{"type":"Point","coordinates":[-3.9843,43.4451]},"properties":{}},{"type":"Feature","geometry":{"type":"Point","coordinates":[-3.9845,43.4454]},"properties":{}},{"type":"Feature","geometry":{"type":"Point","coordinates":[-3.9848,43.4454]},"properties":{}},{"type":"Feature","geometry":{"type":"Point","coordinates":[-3.9848,43.4457]},"properties":{}},{"type":"Feature","geometry":{"type":"Point","coordinates":[-3.9849,43.446]},"properties":{}},{"type":"Feature","geometry":{"type":"Point","coordinates":[-3.985,43.4463]},"properties":{}},{"type":"Feature","geometry":{"type":"Point","coordinates":[-3.9851,43.4461]},"properties":{}},{"type":"Feature","geometry":{"type":"Point","coordinates":[-3.9853,43.4458]},"properties":{}},{"type":"Feature","geometry":{"type":"Point","coordinates":[-3.9857,43.4458]},"properties":{}},{"type":"Feature","geometry":{"type":"Point","coordinates":[-3.9862,43.4457]},"properties":{}},{"type":"Feature","geometry":{"type":"Point","coordinates":[-3.9865,43.4456]},"properties":{}},{"type":"Feature","geometry":{"type":"Point","coordinates":[-3.9867,43.4458]},"properties":{}},{"type":"Feature","geometry":{"type":"Point","coordinates":[-3.987,43.4455]},"properties":{}},{"type":"Feature","geometry":{"type":"Point","coordinates":[-3.9873,43.4452]},"properties":{}},{"type":"Feature","geometry":{"type":"Point","coordinates":[-3.9874,43.4449]},"properties":{}},{"type":"Feature","geometry":{"type":"Point","coordinates":[-3.9877,43.4446]},"properties":{}},{"type":"Feature","geometry":{"type":"Point","coordinates":[-3.9882,43.4445]},"properties":{}},{"type":"Feature","geometry":{"type":"Point","coordinates":[-3.9886,43.4444]},"properties":{}},{"type":"Feature","geometry":{"type":"Point","coordinates":[-3.9891,43.4442]},"properties":{}},{"type":"Feature","geometry":{"type":"Point","coordinates":[-3.9895,43.4441]},"properties":{}},{"type":"Feature","geometry":{"type":"Point","coordinates":[-3.9899,43.4438]},"properties":{}},{"type":"Feature","geometry":{"type":"Point","coordinates":[-3.9902,43.4436]},"properties":{}},{"type":"Feature","geometry":{"type":"Point","coordinates":[-3.9905,43.4434]},"properties":{}},{"type":"Feature","geometry":{"type":"Point","coordinates":[-3.9908,43.4434]},"properties":{}},{"type":"Feature","geometry":{"type":"Point","coordinates":[-3.991,43.4432]},"properties":{}},{"type":"Feature","geometry":{"type":"Point","coordinates":[-3.9914,43.4431]},"properties":{}},{"type":"Feature","geometry":{"type":"Point","coordinates":[-3.9919,43.443]},"properties":{}},{"type":"Feature","geometry":{"type":"Point","coordinates":[-3.9923,43.4429]},"properties":{}},{"type":"Feature","geometry":{"type":"Point","coordinates":[-3.9927,43.4429]},"properties":{}},{"type":"Feature","geometry":{"type":"Point","coordinates":[-3.9931,43.4427]},"properties":{}},{"type":"Feature","geometry":{"type":"Point","coordinates":[-3.9935,43.4427]},"properties":{}},{"type":"Feature","geometry":{"type":"Point","coordinates":[-3.9939,43.4425]},"properties":{}},{"type":"Feature","geometry":{"type":"Point","coordinates":[-3.9943,43.4423]},"properties":{}},{"type":"Feature","geometry":{"type":"Point","coordinates":[-3.9947,43.4421]},"properties":{}},{"type":"Feature","geometry":{"type":"Point","coordinates":[-3.995,43.442]},"properties":{}},{"type":"Feature","geometry":{"type":"Point","coordinates":[-3.9954,43.4419]},"properties":{}},{"type":"Feature","geometry":{"type":"Point","coordinates":[-3.9958,43.4417]},"properties":{}},{"type":"Feature","geometry":{"type":"Point","coordinates":[-3.9962,43.4415]},"properties":{}},{"type":"Feature","geometry":{"type":"Point","coordinates":[-3.9967,43.4413]},"properties":{}},{"type":"Feature","geometry":{"type":"Point","coordinates":[-3.9971,43.441]},"properties":{}},{"type":"Feature","geometry":{"type":"Point","coordinates":[-3.9975,43.4409]},"properties":{}},{"type":"Feature","geometry":{"type":"Point","coordinates":[-3.9978,43.4406]},"properties":{}},{"type":"Feature","geometry":{"type":"Point","coordinates":[-3.9981,43.4407]},"properties":{}},{"type":"Feature","geometry":{"type":"Point","coordinates":[-3.9983,43.4405]},"properties":{}},{"type":"Feature","geometry":{"type":"Point","coordinates":[-3.9987,43.4404]},"properties":{}},{"type":"Feature","geometry":{"type":"Point","coordinates":[-3.9988,43.44]},"properties":{}},{"type":"Feature","geometry":{"type":"Point","coordinates":[-3.9989,43.4397]},"properties":{}},{"type":"Feature","geometry":{"type":"Point","coordinates":[-3.9994,43.4396]},"properties":{}},{"type":"Feature","geometry":{"type":"Point","coordinates":[-4.0001,43.4396]},"properties":{}},{"type":"Feature","geometry":{"type":"Point","coordinates":[-4.0007,43.4396]},"properties":{}},{"type":"Feature","geometry":{"type":"Point","coordinates":[-4.0014,43.4397]},"properties":{}},{"type":"Feature","geometry":{"type":"Point","coordinates":[-4.002,43.4399]},"properties":{}},{"type":"Feature","geometry":{"type":"Point","coordinates":[-4.0025,43.4402]},"properties":{}},{"type":"Feature","geometry":{"type":"Point","coordinates":[-4.0027,43.4403]},"properties":{}},{"type":"Feature","geometry":{"type":"Point","coordinates":[-4.0026,43.4406]},"properties":{}},{"type":"Feature","geometry":{"type":"Point","coordinates":[-4.0025,43.4409]},"properties":{}},{"type":"Feature","geometry":{"type":"Point","coordinates":[-4.0026,43.4412]},"properties":{}},{"type":"Feature","geometry":{"type":"Point","coordinates":[-4.0028,43.4415]},"properties":{}},{"type":"Feature","geometry":{"type":"Point","coordinates":[-4.0029,43.4417]},"properties":{}},{"type":"Feature","geometry":{"type":"Point","coordinates":[-4.003,43.4416]},"properties":{}},{"type":"Feature","geometry":{"type":"Point","coordinates":[-4.0031,43.4417]},"properties":{}},{"type":"Feature","geometry":{"type":"Point","coordinates":[-4.0032,43.4417]},"properties":{}},{"type":"Feature","geometry":{"type":"Point","coordinates":[-4.0034,43.4416]},"properties":{}},{"type":"Feature","geometry":{"type":"Point","coordinates":[-4.0036,43.4418]},"properties":{}},{"type":"Feature","geometry":{"type":"Point","coordinates":[-4.0037,43.442]},"properties":{}},{"type":"Feature","geometry":{"type":"Point","coordinates":[-4.0038,43.4423]},"properties":{}},{"type":"Feature","geometry":{"type":"Point","coordinates":[-4.004,43.4425]},"properties":{}},{"type":"Feature","geometry":{"type":"Point","coordinates":[-4.0042,43.4426]},"properties":{}},{"type":"Feature","geometry":{"type":"Point","coordinates":[-4.0045,43.4423]},"properties":{}},{"type":"Feature","geometry":{"type":"Point","coordinates":[-4.0046,43.442]},"properties":{}},{"type":"Feature","geometry":{"type":"Point","coordinates":[-4.0049,43.4421]},"properties":{}},{"type":"Feature","geometry":{"type":"Point","coordinates":[-4.0052,43.4423]},"properties":{}},{"type":"Feature","geometry":{"type":"Point","coordinates":[-4.0055,43.4425]},"properties":{}},{"type":"Feature","geometry":{"type":"Point","coordinates":[-4.0058,43.4428]},"properties":{}},{"type":"Feature","geometry":{"type":"Point","coordinates":[-4.006,43.4431]},"properties":{}},{"type":"Feature","geometry":{"type":"Point","coordinates":[-4.0063,43.4433]},"properties":{}},{"type":"Feature","geometry":{"type":"Point","coordinates":[-4.0067,43.4432]},"properties":{}},{"type":"Feature","geometry":{"type":"Point","coordinates":[-4.0072,43.4433]},"properties":{}},{"type":"Feature","geometry":{"type":"Point","coordinates":[-4.0076,43.4436]},"properties":{}},{"type":"Feature","geometry":{"type":"Point","coordinates":[-4.0081,43.4437]},"properties":{}},{"type":"Feature","geometry":{"type":"Point","coordinates":[-4.0085,43.444]},"properties":{}},{"type":"Feature","geometry":{"type":"Point","coordinates":[-4.0088,43.4443]},"properties":{}},{"type":"Feature","geometry":{"type":"Point","coordinates":[-4.009,43.4446]},"properties":{}},{"type":"Feature","geometry":{"type":"Point","coordinates":[-4.0089,43.4448]},"properties":{}},{"type":"Feature","geometry":{"type":"Point","coordinates":[-4.0089,43.445]},"properties":{}},{"type":"Feature","geometry":{"type":"Point","coordinates":[-4.0094,43.445]},"properties":{}},{"type":"Feature","geometry":{"type":"Point","coordinates":[-4.0098,43.445]},"properties":{}},{"type":"Feature","geometry":{"type":"Point","coordinates":[-4.0101,43.4452]},"properties":{}},{"type":"Feature","geometry":{"type":"Point","coordinates":[-4.0102,43.4455]},"properties":{}},{"type":"Feature","geometry":{"type":"Point","coordinates":[-4.0104,43.4458]},"properties":{}},{"type":"Feature","geometry":{"type":"Point","coordinates":[-4.0107,43.446]},"properties":{}},{"type":"Feature","geometry":{"type":"Point","coordinates":[-4.0111,43.446]},"properties":{}},{"type":"Feature","geometry":{"type":"Point","coordinates":[-4.0115,43.446]},"properties":{}},{"type":"Feature","geometry":{"type":"Point","coordinates":[-4.0117,43.4462]},"properties":{}},{"type":"Feature","geometry":{"type":"Point","coordinates":[-4.0121,43.4463]},"properties":{}},{"type":"Feature","geometry":{"type":"Point","coordinates":[-4.0123,43.4465]},"properties":{}},{"type":"Feature","geometry":{"type":"Point","coordinates":[-4.0127,43.4467]},"properties":{}},{"type":"Feature","geometry":{"type":"Point","coordinates":[-4.0129,43.4469]},"properties":{}},{"type":"Feature","geometry":{"type":"Point","coordinates":[-4.0132,43.4472]},"properties":{}},{"type":"Feature","geometry":{"type":"Point","coordinates":[-4.0133,43.4474]},"properties":{}},{"type":"Feature","geometry":{"type":"Point","coordinates":[-4.0135,43.4475]},"properties":{}},{"type":"Feature","geometry":{"type":"Point","coordinates":[-4.0136,43.4476]},"properties":{}},{"type":"Feature","geometry":{"type":"Point","coordinates":[-4.0141,43.4479]},"properties":{}},{"type":"Feature","geometry":{"type":"Point","coordinates":[-4.0145,43.4481]},"properties":{}},{"type":"Feature","geometry":{"type":"Point","coordinates":[-4.0149,43.4481]},"properties":{}},{"type":"Feature","geometry":{"type":"Point","coordinates":[-4.0154,43.448]},"properties":{}},{"type":"Feature","geometry":{"type":"Point","coordinates":[-4.0158,43.4478]},"properties":{}},{"type":"Feature","geometry":{"type":"Point","coordinates":[-4.0163,43.4478]},"properties":{}},{"type":"Feature","geometry":{"type":"Point","coordinates":[-4.0166,43.4478]},"properties":{}},{"type":"Feature","geometry":{"type":"Point","coordinates":[-4.017,43.4478]},"properties":{}},{"type":"Feature","geometry":{"type":"Point","coordinates":[-4.0175,43.4479]},"properties":{}},{"type":"Feature","geometry":{"type":"Point","coordinates":[-4.018,43.448]},"properties":{}},{"type":"Feature","geometry":{"type":"Point","coordinates":[-4.0184,43.4479]},"properties":{}},{"type":"Feature","geometry":{"type":"Point","coordinates":[-4.0188,43.4479]},"properties":{}},{"type":"Feature","geometry":{"type":"Point","coordinates":[-4.0191,43.4481]},"properties":{}},{"type":"Feature","geometry":{"type":"Point","coordinates":[-4.0195,43.448]},"properties":{}},{"type":"Feature","geometry":{"type":"Point","coordinates":[-4.0196,43.4484]},"properties":{}},{"type":"Feature","geometry":{"type":"Point","coordinates":[-4.0199,43.4483]},"properties":{}},{"type":"Feature","geometry":{"type":"Point","coordinates":[-4.0204,43.4486]},"properties":{}},{"type":"Feature","geometry":{"type":"Point","coordinates":[-4.0208,43.4488]},"properties":{}},{"type":"Feature","geometry":{"type":"Point","coordinates":[-4.0213,43.4489]},"properties":{}},{"type":"Feature","geometry":{"type":"Point","coordinates":[-4.0219,43.4489]},"properties":{}},{"type":"Feature","geometry":{"type":"Point","coordinates":[-4.0219,43.4486]},"properties":{}},{"type":"Feature","geometry":{"type":"Point","coordinates":[-4.0221,43.4484]},"properties":{}},{"type":"Feature","geometry":{"type":"Point","coordinates":[-4.0216,43.4481]},"properties":{}},{"type":"Feature","geometry":{"type":"Point","coordinates":[-4.0213,43.4478]},"properties":{}},{"type":"Feature","geometry":{"type":"Point","coordinates":[-4.021,43.4478]},"properties":{}},{"type":"Feature","geometry":{"type":"Point","coordinates":[-4.0207,43.4478]},"properties":{}},{"type":"Feature","geometry":{"type":"Point","coordinates":[-4.0202,43.4475]},"properties":{}},{"type":"Feature","geometry":{"type":"Point","coordinates":[-4.0198,43.4472]},"properties":{}},{"type":"Feature","geometry":{"type":"Point","coordinates":[-4.0198,43.4469]},"properties":{}},{"type":"Feature","geometry":{"type":"Point","coordinates":[-4.0202,43.4466]},"properties":{}},{"type":"Feature","geometry":{"type":"Point","coordinates":[-4.0206,43.4463]},"properties":{}},{"type":"Feature","geometry":{"type":"Point","coordinates":[-4.021,43.4461]},"properties":{}},{"type":"Feature","geometry":{"type":"Point","coordinates":[-4.0215,43.4458]},"properties":{}},{"type":"Feature","geometry":{"type":"Point","coordinates":[-4.0219,43.4455]},"properties":{}},{"type":"Feature","geometry":{"type":"Point","coordinates":[-4.0222,43.4451]},"properties":{}},{"type":"Feature","geometry":{"type":"Point","coordinates":[-4.0223,43.4447]},"properties":{}},{"type":"Feature","geometry":{"type":"Point","coordinates":[-4.0226,43.4442]},"properties":{}},{"type":"Feature","geometry":{"type":"Point","coordinates":[-4.0231,43.4443]},"properties":{}},{"type":"Feature","geometry":{"type":"Point","coordinates":[-4.0234,43.4442]},"properties":{}},{"type":"Feature","geometry":{"type":"Point","coordinates":[-4.0239,43.4444]},"properties":{}},{"type":"Feature","geometry":{"type":"Point","coordinates":[-4.0245,43.4445]},"properties":{}},{"type":"Feature","geometry":{"type":"Point","coordinates":[-4.0245,43.4442]},"properties":{}},{"type":"Feature","geometry":{"type":"Point","coordinates":[-4.0242,43.444]},"properties":{}},{"type":"Feature","geometry":{"type":"Point","coordinates":[-4.0244,43.4436]},"properties":{}},{"type":"Feature","geometry":{"type":"Point","coordinates":[-4.024,43.4435]},"properties":{}},{"type":"Feature","geometry":{"type":"Point","coordinates":[-4.0234,43.4434]},"properties":{}},{"type":"Feature","geometry":{"type":"Point","coordinates":[-4.0231,43.4432]},"properties":{}},{"type":"Feature","geometry":{"type":"Point","coordinates":[-4.0231,43.4428]},"properties":{}},{"type":"Feature","geometry":{"type":"Point","coordinates":[-4.0232,43.4424]},"properties":{}},{"type":"Feature","geometry":{"type":"Point","coordinates":[-4.0234,43.442]},"properties":{}},{"type":"Feature","geometry":{"type":"Point","coordinates":[-4.0237,43.4416]},"properties":{}},{"type":"Feature","geometry":{"type":"Point","coordinates":[-4.0242,43.4416]},"properties":{}},{"type":"Feature","geometry":{"type":"Point","coordinates":[-4.0235,43.4415]},"properties":{}},{"type":"Feature","geometry":{"type":"Point","coordinates":[-4.0239,43.4413]},"properties":{}},{"type":"Feature","geometry":{"type":"Point","coordinates":[-4.432,43.3939]},"properties":{}},{"type":"Feature","geometry":{"type":"Point","coordinates":[-4.4322,43.394]},"properties":{}},{"type":"Feature","geometry":{"type":"Point","coordinates":[-4.4324,43.3941]},"properties":{}},{"type":"Feature","geometry":{"type":"Point","coordinates":[-4.4325,43.3941]},"properties":{}},{"type":"Feature","geometry":{"type":"Point","coordinates":[-4.4325,43.3939]},"properties":{}},{"type":"Feature","geometry":{"type":"Point","coordinates":[-4.4324,43.3938]},"properties":{}},{"type":"Feature","geometry":{"type":"Point","coordinates":[-4.4327,43.3938]},"properties":{}},{"type":"Feature","geometry":{"type":"Point","coordinates":[-4.4329,43.3939]},"properties":{}},{"type":"Feature","geometry":{"type":"Point","coordinates":[-4.433,43.3938]},"properties":{}},{"type":"Feature","geometry":{"type":"Point","coordinates":[-4.4331,43.3937]},"properties":{}},{"type":"Feature","geometry":{"type":"Point","coordinates":[-4.4335,43.3937]},"properties":{}},{"type":"Feature","geometry":{"type":"Point","coordinates":[-4.4336,43.3939]},"properties":{}},{"type":"Feature","geometry":{"type":"Point","coordinates":[-4.4334,43.3941]},"properties":{}},{"type":"Feature","geometry":{"type":"Point","coordinates":[-4.4336,43.3942]},"properties":{}},{"type":"Feature","geometry":{"type":"Point","coordinates":[-4.4338,43.3944]},"properties":{}},{"type":"Feature","geometry":{"type":"Point","coordinates":[-4.4342,43.3945]},"properties":{}},{"type":"Feature","geometry":{"type":"Point","coordinates":[-4.4343,43.3946]},"properties":{}},{"type":"Feature","geometry":{"type":"Point","coordinates":[-4.4343,43.3948]},"properties":{}},{"type":"Feature","geometry":{"type":"Point","coordinates":[-4.4344,43.395]},"properties":{}},{"type":"Feature","geometry":{"type":"Point","coordinates":[-4.4344,43.3952]},"properties":{}},{"type":"Feature","geometry":{"type":"Point","coordinates":[-4.4345,43.3953]},"properties":{}},{"type":"Feature","geometry":{"type":"Point","coordinates":[-4.4344,43.3955]},"properties":{}},{"type":"Feature","geometry":{"type":"Point","coordinates":[-4.4344,43.3957]},"properties":{}},{"type":"Feature","geometry":{"type":"Point","coordinates":[-4.4344,43.3959]},"properties":{}},{"type":"Feature","geometry":{"type":"Point","coordinates":[-4.4346,43.3961]},"properties":{}},{"type":"Feature","geometry":{"type":"Point","coordinates":[-4.4348,43.396]},"properties":{}},{"type":"Feature","geometry":{"type":"Point","coordinates":[-4.4352,43.3961]},"properties":{}},{"type":"Feature","geometry":{"type":"Point","coordinates":[-4.4356,43.3963]},"properties":{}},{"type":"Feature","geometry":{"type":"Point","coordinates":[-4.4358,43.3966]},"properties":{}},{"type":"Feature","geometry":{"type":"Point","coordinates":[-4.4361,43.3967]},"properties":{}},{"type":"Feature","geometry":{"type":"Point","coordinates":[-4.4362,43.3969]},"properties":{}},{"type":"Feature","geometry":{"type":"Point","coordinates":[-4.4364,43.3972]},"properties":{}},{"type":"Feature","geometry":{"type":"Point","coordinates":[-4.4367,43.397]},"properties":{}},{"type":"Feature","geometry":{"type":"Point","coordinates":[-4.4369,43.3967]},"properties":{}},{"type":"Feature","geometry":{"type":"Point","coordinates":[-4.4368,43.3965]},"properties":{}},{"type":"Feature","geometry":{"type":"Point","coordinates":[-4.4369,43.3962]},"properties":{}},{"type":"Feature","geometry":{"type":"Point","coordinates":[-4.4371,43.3961]},"properties":{}},{"type":"Feature","geometry":{"type":"Point","coordinates":[-4.4374,43.396]},"properties":{}},{"type":"Feature","geometry":{"type":"Point","coordinates":[-4.4379,43.3961]},"properties":{}},{"type":"Feature","geometry":{"type":"Point","coordinates":[-4.4383,43.3963]},"properties":{}},{"type":"Feature","geometry":{"type":"Point","coordinates":[-4.4385,43.3964]},"properties":{}},{"type":"Feature","geometry":{"type":"Point","coordinates":[-4.4384,43.3962]},"properties":{}},{"type":"Feature","geometry":{"type":"Point","coordinates":[-4.4378,43.3957]},"properties":{}},{"type":"Feature","geometry":{"type":"Point","coordinates":[-4.4377,43.3953]},"properties":{}},{"type":"Feature","geometry":{"type":"Point","coordinates":[-4.4382,43.3953]},"properties":{}},{"type":"Feature","geometry":{"type":"Point","coordinates":[-3.7506,43.4507]},"properties":{}},{"type":"Feature","geometry":{"type":"Point","coordinates":[-3.7513,43.451]},"properties":{}},{"type":"Feature","geometry":{"type":"Point","coordinates":[-3.7501,43.4512]},"properties":{}},{"type":"Feature","geometry":{"type":"Point","coordinates":[-3.7509,43.4515]},"properties":{}},{"type":"Feature","geometry":{"type":"Point","coordinates":[-3.7514,43.4514]},"properties":{}},{"type":"Feature","geometry":{"type":"Point","coordinates":[-3.752,43.4513]},"properties":{}},{"type":"Feature","geometry":{"type":"Point","coordinates":[-3.7519,43.4511]},"properties":{}},{"type":"Feature","geometry":{"type":"Point","coordinates":[-3.7515,43.4506]},"properties":{}},{"type":"Feature","geometry":{"type":"Point","coordinates":[-3.7505,43.4505]},"properties":{}},{"type":"Feature","geometry":{"type":"Point","coordinates":[-3.7495,43.4509]},"properties":{}},{"type":"Feature","geometry":{"type":"Point","coordinates":[-3.7477,43.4515]},"properties":{}},{"type":"Feature","geometry":{"type":"Point","coordinates":[-3.746,43.4516]},"properties":{}},{"type":"Feature","geometry":{"type":"Point","coordinates":[-3.7507,43.4496]},"properties":{}},{"type":"Feature","geometry":{"type":"Point","coordinates":[-3.7549,43.4484]},"properties":{}},{"type":"Feature","geometry":{"type":"Point","coordinates":[-3.7452,43.4569]},"properties":{}},{"type":"Feature","geometry":{"type":"Point","coordinates":[-3.7547,43.456]},"properties":{}},{"type":"Feature","geometry":{"type":"Point","coordinates":[-3.7682,43.4582]},"properties":{}},{"type":"Feature","geometry":{"type":"Point","coordinates":[-3.7745,43.4588]},"properties":{}},{"type":"Feature","geometry":{"type":"Point","coordinates":[-3.7776,43.4578]},"properties":{}},{"type":"Feature","geometry":{"type":"Point","coordinates":[-3.7768,43.457]},"properties":{}},{"type":"Feature","geometry":{"type":"Point","coordinates":[-3.6956,43.478]},"properties":{}},{"type":"Feature","geometry":{"type":"Point","coordinates":[-3.6951,43.4798]},"properties":{}},{"type":"Feature","geometry":{"type":"Point","coordinates":[-3.6981,43.4793]},"properties":{}},{"type":"Feature","geometry":{"type":"Point","coordinates":[-3.7021,43.4796]},"properties":{}},{"type":"Feature","geometry":{"type":"Point","coordinates":[-3.7061,43.4791]},"properties":{}},{"type":"Feature","geometry":{"type":"Point","coordinates":[-3.707,43.479]},"properties":{}},{"type":"Feature","geometry":{"type":"Point","coordinates":[-3.7136,43.4767]},"properties":{}},{"type":"Feature","geometry":{"type":"Point","coordinates":[-3.7099,43.4779]},"properties":{}},{"type":"Feature","geometry":{"type":"Point","coordinates":[-3.7072,43.4781]},"properties":{}},{"type":"Feature","geometry":{"type":"Point","coordinates":[-3.7141,43.4757]},"properties":{}},{"type":"Feature","geometry":{"type":"Point","coordinates":[-3.7158,43.4759]},"properties":{}},{"type":"Feature","geometry":{"type":"Point","coordinates":[-3.7171,43.475]},"properties":{}},{"type":"Feature","geometry":{"type":"Point","coordinates":[-3.7201,43.4738]},"properties":{}},{"type":"Feature","geometry":{"type":"Point","coordinates":[-3.7208,43.4739]},"properties":{}},{"type":"Feature","geometry":{"type":"Point","coordinates":[-3.7231,43.473]},"properties":{}},{"type":"Feature","geometry":{"type":"Point","coordinates":[-3.7232,43.4736]},"properties":{}},{"type":"Feature","geometry":{"type":"Point","coordinates":[-3.7241,43.473]},"properties":{}},{"type":"Feature","geometry":{"type":"Point","coordinates":[-3.7243,43.4725]},"properties":{}},{"type":"Feature","geometry":{"type":"Point","coordinates":[-3.726,43.471]},"properties":{}},{"type":"Feature","geometry":{"type":"Point","coordinates":[-3.727,43.4701]},"properties":{}},{"type":"Feature","geometry":{"type":"Point","coordinates":[-3.726,43.4688]},"properties":{}},{"type":"Feature","geometry":{"type":"Point","coordinates":[-3.7266,43.4672]},"properties":{}},{"type":"Feature","geometry":{"type":"Point","coordinates":[-3.7265,43.4643]},"properties":{}},{"type":"Feature","geometry":{"type":"Point","coordinates":[-3.7295,43.4611]},"properties":{}},{"type":"Feature","geometry":{"type":"Point","coordinates":[-3.7354,43.4583]},"properties":{}},{"type":"Feature","geometry":{"type":"Point","coordinates":[-3.515,43.4787]},"properties":{}},{"type":"Feature","geometry":{"type":"Point","coordinates":[-3.515,43.4788]},"properties":{}},{"type":"Feature","geometry":{"type":"Point","coordinates":[-3.5151,43.4789]},"properties":{}},{"type":"Feature","geometry":{"type":"Point","coordinates":[-3.5152,43.4791]},"properties":{}},{"type":"Feature","geometry":{"type":"Point","coordinates":[-3.5152,43.4792]},"properties":{}},{"type":"Feature","geometry":{"type":"Point","coordinates":[-3.5152,43.4793]},"properties":{}},{"type":"Feature","geometry":{"type":"Point","coordinates":[-3.5152,43.4793]},"properties":{}},{"type":"Feature","geometry":{"type":"Point","coordinates":[-3.5152,43.4795]},"properties":{}},{"type":"Feature","geometry":{"type":"Point","coordinates":[-3.5151,43.4796]},"properties":{}},{"type":"Feature","geometry":{"type":"Point","coordinates":[-3.5151,43.4797]},"properties":{}},{"type":"Feature","geometry":{"type":"Point","coordinates":[-3.515,43.4798]},"properties":{}},{"type":"Feature","geometry":{"type":"Point","coordinates":[-3.5149,43.48]},"properties":{}},{"type":"Feature","geometry":{"type":"Point","coordinates":[-3.5149,43.4801]},"properties":{}},{"type":"Feature","geometry":{"type":"Point","coordinates":[-3.515,43.4802]},"properties":{}},{"type":"Feature","geometry":{"type":"Point","coordinates":[-3.515,43.4803]},"properties":{}},{"type":"Feature","geometry":{"type":"Point","coordinates":[-3.5151,43.4805]},"properties":{}},{"type":"Feature","geometry":{"type":"Point","coordinates":[-3.5152,43.4807]},"properties":{}},{"type":"Feature","geometry":{"type":"Point","coordinates":[-3.5153,43.4808]},"properties":{}},{"type":"Feature","geometry":{"type":"Point","coordinates":[-3.5152,43.481]},"properties":{}},{"type":"Feature","geometry":{"type":"Point","coordinates":[-3.5153,43.4811]},"properties":{}},{"type":"Feature","geometry":{"type":"Point","coordinates":[-3.5155,43.4812]},"properties":{}},{"type":"Feature","geometry":{"type":"Point","coordinates":[-3.5155,43.4814]},"properties":{}},{"type":"Feature","geometry":{"type":"Point","coordinates":[-3.5155,43.4814]},"properties":{}},{"type":"Feature","geometry":{"type":"Point","coordinates":[-3.5155,43.4816]},"properties":{}},{"type":"Feature","geometry":{"type":"Point","coordinates":[-3.5155,43.4817]},"properties":{}},{"type":"Feature","geometry":{"type":"Point","coordinates":[-3.5154,43.4818]},"properties":{}},{"type":"Feature","geometry":{"type":"Point","coordinates":[-3.5153,43.482]},"properties":{}},{"type":"Feature","geometry":{"type":"Point","coordinates":[-3.515,43.4821]},"properties":{}},{"type":"Feature","geometry":{"type":"Point","coordinates":[-3.5148,43.4822]},"properties":{}},{"type":"Feature","geometry":{"type":"Point","coordinates":[-3.5148,43.4822]},"properties":{}},{"type":"Feature","geometry":{"type":"Point","coordinates":[-3.5148,43.4823]},"properties":{}},{"type":"Feature","geometry":{"type":"Point","coordinates":[-3.5147,43.4825]},"properties":{}},{"type":"Feature","geometry":{"type":"Point","coordinates":[-3.5146,43.4826]},"properties":{}},{"type":"Feature","geometry":{"type":"Point","coordinates":[-3.5144,43.4827]},"properties":{}},{"type":"Feature","geometry":{"type":"Point","coordinates":[-3.5142,43.4829]},"properties":{}},{"type":"Feature","geometry":{"type":"Point","coordinates":[-3.5142,43.483]},"properties":{}},{"type":"Feature","geometry":{"type":"Point","coordinates":[-3.514,43.4831]},"properties":{}},{"type":"Feature","geometry":{"type":"Point","coordinates":[-3.5139,43.4832]},"properties":{}},{"type":"Feature","geometry":{"type":"Point","coordinates":[-3.5138,43.4834]},"properties":{}},{"type":"Feature","geometry":{"type":"Point","coordinates":[-3.5138,43.4835]},"properties":{}},{"type":"Feature","geometry":{"type":"Point","coordinates":[-3.514,43.4837]},"properties":{}},{"type":"Feature","geometry":{"type":"Point","coordinates":[-3.5141,43.4839]},"properties":{}},{"type":"Feature","geometry":{"type":"Point","coordinates":[-3.5142,43.484]},"properties":{}},{"type":"Feature","geometry":{"type":"Point","coordinates":[-3.5142,43.4841]},"properties":{}},{"type":"Feature","geometry":{"type":"Point","coordinates":[-3.5143,43.4841]},"properties":{}},{"type":"Feature","geometry":{"type":"Point","coordinates":[-3.5144,43.4842]},"properties":{}},{"type":"Feature","geometry":{"type":"Point","coordinates":[-3.5144,43.4842]},"properties":{}},{"type":"Feature","geometry":{"type":"Point","coordinates":[-3.5144,43.4843]},"properties":{}},{"type":"Feature","geometry":{"type":"Point","coordinates":[-3.5143,43.4844]},"properties":{}},{"type":"Feature","geometry":{"type":"Point","coordinates":[-3.5143,43.4844]},"properties":{}},{"type":"Feature","geometry":{"type":"Point","coordinates":[-3.5144,43.4845]},"properties":{}},{"type":"Feature","geometry":{"type":"Point","coordinates":[-3.5144,43.4845]},"properties":{}},{"type":"Feature","geometry":{"type":"Point","coordinates":[-3.5145,43.4846]},"properties":{}},{"type":"Feature","geometry":{"type":"Point","coordinates":[-3.5145,43.4846]},"properties":{}},{"type":"Feature","geometry":{"type":"Point","coordinates":[-3.5145,43.4847]},"properties":{}},{"type":"Feature","geometry":{"type":"Point","coordinates":[-3.5145,43.4848]},"properties":{}},{"type":"Feature","geometry":{"type":"Point","coordinates":[-3.5147,43.4848]},"properties":{}},{"type":"Feature","geometry":{"type":"Point","coordinates":[-3.5147,43.4849]},"properties":{}},{"type":"Feature","geometry":{"type":"Point","coordinates":[-3.5147,43.485]},"properties":{}},{"type":"Feature","geometry":{"type":"Point","coordinates":[-3.5147,43.4851]},"properties":{}},{"type":"Feature","geometry":{"type":"Point","coordinates":[-3.5146,43.4851]},"properties":{}},{"type":"Feature","geometry":{"type":"Point","coordinates":[-3.5146,43.4852]},"properties":{}},{"type":"Feature","geometry":{"type":"Point","coordinates":[-3.5146,43.4853]},"properties":{}},{"type":"Feature","geometry":{"type":"Point","coordinates":[-3.5147,43.4854]},"properties":{}},{"type":"Feature","geometry":{"type":"Point","coordinates":[-3.5148,43.4855]},"properties":{}},{"type":"Feature","geometry":{"type":"Point","coordinates":[-3.5148,43.4856]},"properties":{}},{"type":"Feature","geometry":{"type":"Point","coordinates":[-3.5148,43.4858]},"properties":{}},{"type":"Feature","geometry":{"type":"Point","coordinates":[-3.5148,43.4859]},"properties":{}},{"type":"Feature","geometry":{"type":"Point","coordinates":[-3.5148,43.4859]},"properties":{}},{"type":"Feature","geometry":{"type":"Point","coordinates":[-3.5148,43.486]},"properties":{}},{"type":"Feature","geometry":{"type":"Point","coordinates":[-3.5148,43.4861]},"properties":{}},{"type":"Feature","geometry":{"type":"Point","coordinates":[-3.5147,43.4862]},"properties":{}},{"type":"Feature","geometry":{"type":"Point","coordinates":[-3.5146,43.4862]},"properties":{}},{"type":"Feature","geometry":{"type":"Point","coordinates":[-3.5145,43.4863]},"properties":{}},{"type":"Feature","geometry":{"type":"Point","coordinates":[-3.5145,43.4864]},"properties":{}},{"type":"Feature","geometry":{"type":"Point","coordinates":[-3.5146,43.4864]},"properties":{}},{"type":"Feature","geometry":{"type":"Point","coordinates":[-3.5147,43.4864]},"properties":{}},{"type":"Feature","geometry":{"type":"Point","coordinates":[-3.5147,43.4864]},"properties":{}},{"type":"Feature","geometry":{"type":"Point","coordinates":[-3.5148,43.4865]},"properties":{}},{"type":"Feature","geometry":{"type":"Point","coordinates":[-3.5149,43.4865]},"properties":{}},{"type":"Feature","geometry":{"type":"Point","coordinates":[-3.515,43.4866]},"properties":{}},{"type":"Feature","geometry":{"type":"Point","coordinates":[-3.515,43.4867]},"properties":{}},{"type":"Feature","geometry":{"type":"Point","coordinates":[-3.515,43.4868]},"properties":{}},{"type":"Feature","geometry":{"type":"Point","coordinates":[-3.515,43.4868]},"properties":{}},{"type":"Feature","geometry":{"type":"Point","coordinates":[-3.5149,43.4869]},"properties":{}},{"type":"Feature","geometry":{"type":"Point","coordinates":[-3.5147,43.487]},"properties":{}},{"type":"Feature","geometry":{"type":"Point","coordinates":[-3.5147,43.487]},"properties":{}},{"type":"Feature","geometry":{"type":"Point","coordinates":[-3.5147,43.4871]},"properties":{}},{"type":"Feature","geometry":{"type":"Point","coordinates":[-3.5149,43.4871]},"properties":{}},{"type":"Feature","geometry":{"type":"Point","coordinates":[-3.5149,43.4872]},"properties":{}},{"type":"Feature","geometry":{"type":"Point","coordinates":[-3.515,43.4872]},"properties":{}},{"type":"Feature","geometry":{"type":"Point","coordinates":[-3.515,43.4873]},"properties":{}},{"type":"Feature","geometry":{"type":"Point","coordinates":[-3.5151,43.4874]},"properties":{}},{"type":"Feature","geometry":{"type":"Point","coordinates":[-3.5151,43.4875]},"properties":{}},{"type":"Feature","geometry":{"type":"Point","coordinates":[-3.515,43.4876]},"properties":{}},{"type":"Feature","geometry":{"type":"Point","coordinates":[-3.515,43.4877]},"properties":{}},{"type":"Feature","geometry":{"type":"Point","coordinates":[-3.5151,43.4877]},"properties":{}},{"type":"Feature","geometry":{"type":"Point","coordinates":[-3.5152,43.4877]},"properties":{}},{"type":"Feature","geometry":{"type":"Point","coordinates":[-3.5153,43.4878]},"properties":{}},{"type":"Feature","geometry":{"type":"Point","coordinates":[-3.5154,43.4878]},"properties":{}},{"type":"Feature","geometry":{"type":"Point","coordinates":[-3.5154,43.4879]},"properties":{}},{"type":"Feature","geometry":{"type":"Point","coordinates":[-3.5154,43.488]},"properties":{}},{"type":"Feature","geometry":{"type":"Point","coordinates":[-3.5154,43.4881]},"properties":{}},{"type":"Feature","geometry":{"type":"Point","coordinates":[-3.5153,43.4882]},"properties":{}},{"type":"Feature","geometry":{"type":"Point","coordinates":[-3.5152,43.4882]},"properties":{}},{"type":"Feature","geometry":{"type":"Point","coordinates":[-3.5152,43.4883]},"properties":{}},{"type":"Feature","geometry":{"type":"Point","coordinates":[-3.5151,43.4884]},"properties":{}},{"type":"Feature","geometry":{"type":"Point","coordinates":[-3.5151,43.4884]},"properties":{}},{"type":"Feature","geometry":{"type":"Point","coordinates":[-3.5151,43.4885]},"properties":{}},{"type":"Feature","geometry":{"type":"Point","coordinates":[-3.515,43.4885]},"properties":{}},{"type":"Feature","geometry":{"type":"Point","coordinates":[-3.515,43.4886]},"properties":{}},{"type":"Feature","geometry":{"type":"Point","coordinates":[-3.515,43.4887]},"properties":{}},{"type":"Feature","geometry":{"type":"Point","coordinates":[-3.515,43.4887]},"properties":{}},{"type":"Feature","geometry":{"type":"Point","coordinates":[-3.515,43.4887]},"properties":{}},{"type":"Feature","geometry":{"type":"Point","coordinates":[-3.515,43.4888]},"properties":{}},{"type":"Feature","geometry":{"type":"Point","coordinates":[-3.5151,43.4888]},"properties":{}},{"type":"Feature","geometry":{"type":"Point","coordinates":[-3.5151,43.4888]},"properties":{}},{"type":"Feature","geometry":{"type":"Point","coordinates":[-3.5151,43.4889]},"properties":{}},{"type":"Feature","geometry":{"type":"Point","coordinates":[-3.5151,43.4889]},"properties":{}},{"type":"Feature","geometry":{"type":"Point","coordinates":[-3.5151,43.4889]},"properties":{}},{"type":"Feature","geometry":{"type":"Point","coordinates":[-3.515,43.489]},"properties":{}},{"type":"Feature","geometry":{"type":"Point","coordinates":[-3.515,43.489]},"properties":{}},{"type":"Feature","geometry":{"type":"Point","coordinates":[-3.515,43.489]},"properties":{}},{"type":"Feature","geometry":{"type":"Point","coordinates":[-3.5149,43.4891]},"properties":{}},{"type":"Feature","geometry":{"type":"Point","coordinates":[-3.5149,43.4891]},"properties":{}},{"type":"Feature","geometry":{"type":"Point","coordinates":[-3.5148,43.4891]},"properties":{}},{"type":"Feature","geometry":{"type":"Point","coordinates":[-3.5148,43.4892]},"properties":{}},{"type":"Feature","geometry":{"type":"Point","coordinates":[-3.5147,43.4892]},"properties":{}},{"type":"Feature","geometry":{"type":"Point","coordinates":[-3.5147,43.4892]},"properties":{}},{"type":"Feature","geometry":{"type":"Point","coordinates":[-3.5146,43.4893]},"properties":{}},{"type":"Feature","geometry":{"type":"Point","coordinates":[-3.5146,43.4893]},"properties":{}},{"type":"Feature","geometry":{"type":"Point","coordinates":[-3.5145,43.4893]},"properties":{}},{"type":"Feature","geometry":{"type":"Point","coordinates":[-3.5145,43.4894]},"properties":{}},{"type":"Feature","geometry":{"type":"Point","coordinates":[-3.5145,43.4894]},"properties":{}},{"type":"Feature","geometry":{"type":"Point","coordinates":[-3.5144,43.4895]},"properties":{}},{"type":"Feature","geometry":{"type":"Point","coordinates":[-3.5145,43.4895]},"properties":{}},{"type":"Feature","geometry":{"type":"Point","coordinates":[-3.5144,43.4896]},"properties":{}},{"type":"Feature","geometry":{"type":"Point","coordinates":[-3.5145,43.4896]},"properties":{}},{"type":"Feature","geometry":{"type":"Point","coordinates":[-3.5146,43.4897]},"properties":{}},{"type":"Feature","geometry":{"type":"Point","coordinates":[-3.5147,43.4897]},"properties":{}},{"type":"Feature","geometry":{"type":"Point","coordinates":[-3.5147,43.4898]},"properties":{}},{"type":"Feature","geometry":{"type":"Point","coordinates":[-3.5148,43.4898]},"properties":{}},{"type":"Feature","geometry":{"type":"Point","coordinates":[-3.5148,43.4899]},"properties":{}},{"type":"Feature","geometry":{"type":"Point","coordinates":[-3.5149,43.49]},"properties":{}},{"type":"Feature","geometry":{"type":"Point","coordinates":[-3.5149,43.4901]},"properties":{}},{"type":"Feature","geometry":{"type":"Point","coordinates":[-3.6753,43.4812]},"properties":{}},{"type":"Feature","geometry":{"type":"Point","coordinates":[-3.6753,43.4808]},"properties":{}},{"type":"Feature","geometry":{"type":"Point","coordinates":[-3.675,43.4807]},"properties":{}},{"type":"Feature","geometry":{"type":"Point","coordinates":[-3.6741,43.4805]},"properties":{}},{"type":"Feature","geometry":{"type":"Point","coordinates":[-3.6742,43.4803]},"properties":{}},{"type":"Feature","geometry":{"type":"Point","coordinates":[-3.6741,43.4799]},"properties":{}},{"type":"Feature","geometry":{"type":"Point","coordinates":[-3.6736,43.4799]},"properties":{}},{"type":"Feature","geometry":{"type":"Point","coordinates":[-3.6731,43.48]},"properties":{}},{"type":"Feature","geometry":{"type":"Point","coordinates":[-3.6721,43.4804]},"properties":{}},{"type":"Feature","geometry":{"type":"Point","coordinates":[-3.6711,43.48]},"properties":{}},{"type":"Feature","geometry":{"type":"Point","coordinates":[-3.6702,43.4793]},"properties":{}},{"type":"Feature","geometry":{"type":"Point","coordinates":[-3.6719,43.4797]},"properties":{}},{"type":"Feature","geometry":{"type":"Point","coordinates":[-3.6734,43.4791]},"properties":{}},{"type":"Feature","geometry":{"type":"Point","coordinates":[-3.6746,43.4794]},"properties":{}},{"type":"Feature","geometry":{"type":"Point","coordinates":[-3.6753,43.4794]},"properties":{}},{"type":"Feature","geometry":{"type":"Point","coordinates":[-3.6759,43.4794]},"properties":{}},{"type":"Feature","geometry":{"type":"Point","coordinates":[-3.6763,43.4799]},"properties":{}},{"type":"Feature","geometry":{"type":"Point","coordinates":[-3.6771,43.4805]},"properties":{}},{"type":"Feature","geometry":{"type":"Point","coordinates":[-3.6788,43.481]},"properties":{}},{"type":"Feature","geometry":{"type":"Point","coordinates":[-3.6795,43.48]},"properties":{}},{"type":"Feature","geometry":{"type":"Point","coordinates":[-3.6808,43.4783]},"properties":{}},{"type":"Feature","geometry":{"type":"Point","coordinates":[-3.6824,43.478]},"properties":{}},{"type":"Feature","geometry":{"type":"Point","coordinates":[-3.6842,43.478]},"properties":{}},{"type":"Feature","geometry":{"type":"Point","coordinates":[-3.6863,43.4756]},"properties":{}},{"type":"Feature","geometry":{"type":"Point","coordinates":[-3.6937,43.4765]},"properties":{}},{"type":"Feature","geometry":{"type":"Point","coordinates":[-3.6956,43.478]},"properties":{}},{"type":"Feature","geometry":{"type":"Point","coordinates":[-3.6114,43.4994]},"properties":{}},{"type":"Feature","geometry":{"type":"Point","coordinates":[-3.6116,43.4992]},"properties":{}},{"type":"Feature","geometry":{"type":"Point","coordinates":[-3.6115,43.4989]},"properties":{}},{"type":"Feature","geometry":{"type":"Point","coordinates":[-3.6117,43.4982]},"properties":{}},{"type":"Feature","geometry":{"type":"Point","coordinates":[-3.612,43.4977]},"properties":{}},{"type":"Feature","geometry":{"type":"Point","coordinates":[-3.6127,43.4975]},"properties":{}},{"type":"Feature","geometry":{"type":"Point","coordinates":[-3.6126,43.4969]},"properties":{}},{"type":"Feature","geometry":{"type":"Point","coordinates":[-3.6133,43.4964]},"properties":{}},{"type":"Feature","geometry":{"type":"Point","coordinates":[-3.6136,43.4959]},"properties":{}},{"type":"Feature","geometry":{"type":"Point","coordinates":[-3.6138,43.4959]},"properties":{}},{"type":"Feature","geometry":{"type":"Point","coordinates":[-3.6144,43.4958]},"properties":{}},{"type":"Feature","geometry":{"type":"Point","coordinates":[-3.6157,43.497]},"properties":{}},{"type":"Feature","geometry":{"type":"Point","coordinates":[-3.6149,43.498]},"properties":{}},{"type":"Feature","geometry":{"type":"Point","coordinates":[-3.6146,43.4988]},"properties":{}},{"type":"Feature","geometry":{"type":"Point","coordinates":[-3.6147,43.4998]},"properties":{}},{"type":"Feature","geometry":{"type":"Point","coordinates":[-3.616,43.5009]},"properties":{}},{"type":"Feature","geometry":{"type":"Point","coordinates":[-3.6171,43.4997]},"properties":{}},{"type":"Feature","geometry":{"type":"Point","coordinates":[-3.6176,43.4989]},"properties":{}},{"type":"Feature","geometry":{"type":"Point","coordinates":[-3.6197,43.4977]},"properties":{}},{"type":"Feature","geometry":{"type":"Point","coordinates":[-3.6224,43.4999]},"properties":{}},{"type":"Feature","geometry":{"type":"Point","coordinates":[-3.6262,43.4977]},"properties":{}},{"type":"Feature","geometry":{"type":"Point","coordinates":[-3.6294,43.497]},"properties":{}},{"type":"Feature","geometry":{"type":"Point","coordinates":[-3.632,43.4971]},"properties":{}},{"type":"Feature","geometry":{"type":"Point","coordinates":[-3.6377,43.4979]},"properties":{}},{"type":"Feature","geometry":{"type":"Point","coordinates":[-3.6431,43.4985]},"properties":{}},{"type":"Feature","geometry":{"type":"Point","coordinates":[-3.6447,43.4981]},"properties":{}},{"type":"Feature","geometry":{"type":"Point","coordinates":[-3.6486,43.4958]},"properties":{}},{"type":"Feature","geometry":{"type":"Point","coordinates":[-3.6505,43.4942]},"properties":{}},{"type":"Feature","geometry":{"type":"Point","coordinates":[-3.6537,43.4934]},"properties":{}},{"type":"Feature","geometry":{"type":"Point","coordinates":[-3.6548,43.4922]},"properties":{}},{"type":"Feature","geometry":{"type":"Point","coordinates":[-3.6025,43.5093]},"properties":{}},{"type":"Feature","geometry":{"type":"Point","coordinates":[-3.6051,43.5069]},"properties":{}},{"type":"Feature","geometry":{"type":"Point","coordinates":[-3.6067,43.5046]},"properties":{}},{"type":"Feature","geometry":{"type":"Point","coordinates":[-3.6074,43.5038]},"properties":{}},{"type":"Feature","geometry":{"type":"Point","coordinates":[-3.6082,43.5034]},"properties":{}},{"type":"Feature","geometry":{"type":"Point","coordinates":[-3.609,43.5029]},"properties":{}},{"type":"Feature","geometry":{"type":"Point","coordinates":[-3.6099,43.5018]},"properties":{}},{"type":"Feature","geometry":{"type":"Point","coordinates":[-3.6106,43.5001]},"properties":{}},{"type":"Feature","geometry":{"type":"Point","coordinates":[-3.6114,43.4997]},"properties":{}},{"type":"Feature","geometry":{"type":"Point","coordinates":[-6.1233,43.557]},"properties":{}},{"type":"Feature","geometry":{"type":"Point","coordinates":[-6.1241,43.5575]},"properties":{}},{"type":"Feature","geometry":{"type":"Point","coordinates":[-6.1239,43.5605]},"properties":{}},{"type":"Feature","geometry":{"type":"Point","coordinates":[-6.1237,43.5613]},"properties":{}},{"type":"Feature","geometry":{"type":"Point","coordinates":[-6.125,43.5606]},"properties":{}},{"type":"Feature","geometry":{"type":"Point","coordinates":[-6.1253,43.5605]},"properties":{}},{"type":"Feature","geometry":{"type":"Point","coordinates":[-6.126,43.5596]},"properties":{}},{"type":"Feature","geometry":{"type":"Point","coordinates":[-6.1279,43.5589]},"properties":{}},{"type":"Feature","geometry":{"type":"Point","coordinates":[-6.1303,43.5592]},"properties":{}},{"type":"Feature","geometry":{"type":"Point","coordinates":[-6.0633,43.566]},"properties":{}},{"type":"Feature","geometry":{"type":"Point","coordinates":[-6.0662,43.5648]},"properties":{}},{"type":"Feature","geometry":{"type":"Point","coordinates":[-6.0757,43.5648]},"properties":{}},{"type":"Feature","geometry":{"type":"Point","coordinates":[-6.2667,43.5778]},"properties":{}},{"type":"Feature","geometry":{"type":"Point","coordinates":[-6.2689,43.5767]},"properties":{}},{"type":"Feature","geometry":{"type":"Point","coordinates":[-6.2702,43.5763]},"properties":{}},{"type":"Feature","geometry":{"type":"Point","coordinates":[-6.2711,43.5763]},"properties":{}},{"type":"Feature","geometry":{"type":"Point","coordinates":[-3.9821,43.4419]},"properties":{}},{"type":"Feature","geometry":{"type":"Point","coordinates":[-3.9819,43.4422]},"properties":{}},{"type":"Feature","geometry":{"type":"Point","coordinates":[-3.9819,43.4426]},"properties":{}},{"type":"Feature","geometry":{"type":"Point","coordinates":[-3.9818,43.4429]},"properties":{}},{"type":"Feature","geometry":{"type":"Point","coordinates":[-3.9818,43.4433]},"properties":{}},{"type":"Feature","geometry":{"type":"Point","coordinates":[-3.982,43.4436]},"properties":{}},{"type":"Feature","geometry":{"type":"Point","coordinates":[-4.0343,43.435]},"properties":{}},{"type":"Feature","geometry":{"type":"Point","coordinates":[-4.4311,43.3937]},"properties":{}},{"type":"Feature","geometry":{"type":"Point","coordinates":[-4.4319,43.3936]},"properties":{}},{"type":"Feature","geometry":{"type":"Point","coordinates":[-6.7328,43.5628]},"properties":{}},{"type":"Feature","geometry":{"type":"Point","coordinates":[-6.7333,43.5633]},"properties":{}},{"type":"Feature","geometry":{"type":"Point","coordinates":[-6.7334,43.5637]},"properties":{}},{"type":"Feature","geometry":{"type":"Point","coordinates":[-6.7332,43.5644]},"properties":{}},{"type":"Feature","geometry":{"type":"Point","coordinates":[-6.8258,43.5651]},"properties":{}},{"type":"Feature","geometry":{"type":"Point","coordinates":[-6.8261,43.5654]},"properties":{}},{"type":"Feature","geometry":{"type":"Point","coordinates":[-6.8271,43.5646]},"properties":{}},{"type":"Feature","geometry":{"type":"Point","coordinates":[-6.8267,43.5644]},"properties":{}},{"type":"Feature","geometry":{"type":"Point","coordinates":[-6.8261,43.5646]},"properties":{}},{"type":"Feature","geometry":{"type":"Point","coordinates":[-6.8258,43.5651]},"properties":{}},{"type":"Feature","geometry":{"type":"Point","coordinates":[-6.6103,43.5605]},"properties":{}},{"type":"Feature","geometry":{"type":"Point","coordinates":[-6.6121,43.5605]},"properties":{}},{"type":"Feature","geometry":{"type":"Point","coordinates":[-6.6177,43.5625]},"properties":{}},{"type":"Feature","geometry":{"type":"Point","coordinates":[-6.0529,43.5705]},"properties":{}},{"type":"Feature","geometry":{"type":"Point","coordinates":[-6.0579,43.5686]},"properties":{}},{"type":"Feature","geometry":{"type":"Point","coordinates":[-6.0616,43.5667]},"properties":{}},{"type":"Feature","geometry":{"type":"Point","coordinates":[-6.1215,43.5555]},"properties":{}},{"type":"Feature","geometry":{"type":"Point","coordinates":[-3.4774,43.4696]},"properties":{}},{"type":"Feature","geometry":{"type":"Point","coordinates":[-3.4775,43.4696]},"properties":{}},{"type":"Feature","geometry":{"type":"Point","coordinates":[-3.4777,43.4696]},"properties":{}},{"type":"Feature","geometry":{"type":"Point","coordinates":[-3.4778,43.4696]},"properties":{}},{"type":"Feature","geometry":{"type":"Point","coordinates":[-3.478,43.4695]},"properties":{}},{"type":"Feature","geometry":{"type":"Point","coordinates":[-3.4781,43.4694]},"properties":{}},{"type":"Feature","geometry":{"type":"Point","coordinates":[-3.4782,43.4694]},"properties":{}},{"type":"Feature","geometry":{"type":"Point","coordinates":[-3.4784,43.4694]},"properties":{}},{"type":"Feature","geometry":{"type":"Point","coordinates":[-3.4785,43.4694]},"properties":{}},{"type":"Feature","geometry":{"type":"Point","coordinates":[-3.4786,43.4694]},"properties":{}},{"type":"Feature","geometry":{"type":"Point","coordinates":[-3.4787,43.4693]},"properties":{}},{"type":"Feature","geometry":{"type":"Point","coordinates":[-3.4789,43.4693]},"properties":{}},{"type":"Feature","geometry":{"type":"Point","coordinates":[-3.4791,43.4693]},"properties":{}},{"type":"Feature","geometry":{"type":"Point","coordinates":[-3.4792,43.4692]},"properties":{}},{"type":"Feature","geometry":{"type":"Point","coordinates":[-3.4793,43.4692]},"properties":{}},{"type":"Feature","geometry":{"type":"Point","coordinates":[-3.4795,43.4692]},"properties":{}},{"type":"Feature","geometry":{"type":"Point","coordinates":[-3.4796,43.4692]},"properties":{}},{"type":"Feature","geometry":{"type":"Point","coordinates":[-3.4797,43.4693]},"properties":{}},{"type":"Feature","geometry":{"type":"Point","coordinates":[-3.4798,43.4693]},"properties":{}},{"type":"Feature","geometry":{"type":"Point","coordinates":[-3.4799,43.4693]},"properties":{}},{"type":"Feature","geometry":{"type":"Point","coordinates":[-3.4801,43.4694]},"properties":{}},{"type":"Feature","geometry":{"type":"Point","coordinates":[-3.4803,43.4694]},"properties":{}},{"type":"Feature","geometry":{"type":"Point","coordinates":[-3.4805,43.4695]},"properties":{}},{"type":"Feature","geometry":{"type":"Point","coordinates":[-3.4806,43.4695]},"properties":{}},{"type":"Feature","geometry":{"type":"Point","coordinates":[-3.4807,43.4695]},"properties":{}},{"type":"Feature","geometry":{"type":"Point","coordinates":[-3.4809,43.4696]},"properties":{}},{"type":"Feature","geometry":{"type":"Point","coordinates":[-3.481,43.4696]},"properties":{}},{"type":"Feature","geometry":{"type":"Point","coordinates":[-3.481,43.4696]},"properties":{}},{"type":"Feature","geometry":{"type":"Point","coordinates":[-3.4814,43.4697]},"properties":{}},{"type":"Feature","geometry":{"type":"Point","coordinates":[-3.4817,43.4697]},"properties":{}},{"type":"Feature","geometry":{"type":"Point","coordinates":[-3.482,43.4698]},"properties":{}},{"type":"Feature","geometry":{"type":"Point","coordinates":[-3.4821,43.4698]},"properties":{}},{"type":"Feature","geometry":{"type":"Point","coordinates":[-3.4823,43.4698]},"properties":{}},{"type":"Feature","geometry":{"type":"Point","coordinates":[-3.4825,43.4699]},"properties":{}},{"type":"Feature","geometry":{"type":"Point","coordinates":[-3.4826,43.4699]},"properties":{}},{"type":"Feature","geometry":{"type":"Point","coordinates":[-3.4827,43.4699]},"properties":{}},{"type":"Feature","geometry":{"type":"Point","coordinates":[-3.4829,43.47]},"properties":{}},{"type":"Feature","geometry":{"type":"Point","coordinates":[-3.4829,43.47]},"properties":{}},{"type":"Feature","geometry":{"type":"Point","coordinates":[-3.4831,43.47]},"properties":{}},{"type":"Feature","geometry":{"type":"Point","coordinates":[-3.4834,43.4701]},"properties":{}},{"type":"Feature","geometry":{"type":"Point","coordinates":[-3.4835,43.4701]},"properties":{}},{"type":"Feature","geometry":{"type":"Point","coordinates":[-3.4837,43.4701]},"properties":{}},{"type":"Feature","geometry":{"type":"Point","coordinates":[-3.484,43.4702]},"properties":{}},{"type":"Feature","geometry":{"type":"Point","coordinates":[-3.4844,43.4703]},"properties":{}},{"type":"Feature","geometry":{"type":"Point","coordinates":[-3.4847,43.4703]},"properties":{}},{"type":"Feature","geometry":{"type":"Point","coordinates":[-3.485,43.4704]},"properties":{}},{"type":"Feature","geometry":{"type":"Point","coordinates":[-3.4852,43.4704]},"properties":{}},{"type":"Feature","geometry":{"type":"Point","coordinates":[-3.4854,43.4704]},"properties":{}},{"type":"Feature","geometry":{"type":"Point","coordinates":[-3.4858,43.4703]},"properties":{}},{"type":"Feature","geometry":{"type":"Point","coordinates":[-3.486,43.4704]},"properties":{}},{"type":"Feature","geometry":{"type":"Point","coordinates":[-3.4864,43.4704]},"properties":{}},{"type":"Feature","geometry":{"type":"Point","coordinates":[-3.4865,43.4704]},"properties":{}},{"type":"Feature","geometry":{"type":"Point","coordinates":[-3.4868,43.4705]},"properties":{}},{"type":"Feature","geometry":{"type":"Point","coordinates":[-3.4871,43.4705]},"properties":{}},{"type":"Feature","geometry":{"type":"Point","coordinates":[-3.4876,43.4705]},"properties":{}},{"type":"Feature","geometry":{"type":"Point","coordinates":[-3.4882,43.4705]},"properties":{}},{"type":"Feature","geometry":{"type":"Point","coordinates":[-3.4887,43.4705]},"properties":{}},{"type":"Feature","geometry":{"type":"Point","coordinates":[-3.4891,43.4705]},"properties":{}},{"type":"Feature","geometry":{"type":"Point","coordinates":[-3.4895,43.4705]},"properties":{}},{"type":"Feature","geometry":{"type":"Point","coordinates":[-3.4901,43.4705]},"properties":{}},{"type":"Feature","geometry":{"type":"Point","coordinates":[-3.4903,43.4705]},"properties":{}},{"type":"Feature","geometry":{"type":"Point","coordinates":[-3.491,43.4706]},"properties":{}},{"type":"Feature","geometry":{"type":"Point","coordinates":[-3.4914,43.4706]},"properties":{}},{"type":"Feature","geometry":{"type":"Point","coordinates":[-3.4916,43.4706]},"properties":{}},{"type":"Feature","geometry":{"type":"Point","coordinates":[-3.492,43.4706]},"properties":{}},{"type":"Feature","geometry":{"type":"Point","coordinates":[-3.4922,43.4707]},"properties":{}},{"type":"Feature","geometry":{"type":"Point","coordinates":[-3.4925,43.4707]},"properties":{}},{"type":"Feature","geometry":{"type":"Point","coordinates":[-3.4929,43.4707]},"properties":{}},{"type":"Feature","geometry":{"type":"Point","coordinates":[-3.4933,43.4707]},"properties":{}},{"type":"Feature","geometry":{"type":"Point","coordinates":[-3.4935,43.4708]},"properties":{}},{"type":"Feature","geometry":{"type":"Point","coordinates":[-3.4939,43.4708]},"properties":{}},{"type":"Feature","geometry":{"type":"Point","coordinates":[-3.4942,43.4708]},"properties":{}},{"type":"Feature","geometry":{"type":"Point","coordinates":[-3.4944,43.4708]},"properties":{}},{"type":"Feature","geometry":{"type":"Point","coordinates":[-3.495,43.4709]},"properties":{}},{"type":"Feature","geometry":{"type":"Point","coordinates":[-3.4952,43.4709]},"properties":{}},{"type":"Feature","geometry":{"type":"Point","coordinates":[-3.4954,43.471]},"properties":{}},{"type":"Feature","geometry":{"type":"Point","coordinates":[-3.4955,43.471]},"properties":{}},{"type":"Feature","geometry":{"type":"Point","coordinates":[-3.4957,43.471]},"properties":{}},{"type":"Feature","geometry":{"type":"Point","coordinates":[-3.4958,43.471]},"properties":{}},{"type":"Feature","geometry":{"type":"Point","coordinates":[-3.4959,43.4711]},"properties":{}},{"type":"Feature","geometry":{"type":"Point","coordinates":[-3.496,43.4711]},"properties":{}},{"type":"Feature","geometry":{"type":"Point","coordinates":[-3.4961,43.4711]},"properties":{}},{"type":"Feature","geometry":{"type":"Point","coordinates":[-3.4962,43.4712]},"properties":{}},{"type":"Feature","geometry":{"type":"Point","coordinates":[-3.4964,43.4713]},"properties":{}},{"type":"Feature","geometry":{"type":"Point","coordinates":[-3.4966,43.4713]},"properties":{}},{"type":"Feature","geometry":{"type":"Point","coordinates":[-3.4967,43.4714]},"properties":{}},{"type":"Feature","geometry":{"type":"Point","coordinates":[-3.4969,43.4714]},"properties":{}},{"type":"Feature","geometry":{"type":"Point","coordinates":[-3.4971,43.4715]},"properties":{}},{"type":"Feature","geometry":{"type":"Point","coordinates":[-3.4973,43.4715]},"properties":{}},{"type":"Feature","geometry":{"type":"Point","coordinates":[-3.4975,43.4715]},"properties":{}},{"type":"Feature","geometry":{"type":"Point","coordinates":[-3.4977,43.4715]},"properties":{}},{"type":"Feature","geometry":{"type":"Point","coordinates":[-3.4978,43.4716]},"properties":{}},{"type":"Feature","geometry":{"type":"Point","coordinates":[-3.4979,43.4716]},"properties":{}},{"type":"Feature","geometry":{"type":"Point","coordinates":[-3.4981,43.4716]},"properties":{}},{"type":"Feature","geometry":{"type":"Point","coordinates":[-3.4983,43.4717]},"properties":{}},{"type":"Feature","geometry":{"type":"Point","coordinates":[-3.4984,43.4717]},"properties":{}},{"type":"Feature","geometry":{"type":"Point","coordinates":[-3.4986,43.4718]},"properties":{}},{"type":"Feature","geometry":{"type":"Point","coordinates":[-3.4987,43.4718]},"properties":{}},{"type":"Feature","geometry":{"type":"Point","coordinates":[-3.4988,43.4718]},"properties":{}},{"type":"Feature","geometry":{"type":"Point","coordinates":[-3.4989,43.4719]},"properties":{}},{"type":"Feature","geometry":{"type":"Point","coordinates":[-3.499,43.472]},"properties":{}},{"type":"Feature","geometry":{"type":"Point","coordinates":[-3.4991,43.4721]},"properties":{}},{"type":"Feature","geometry":{"type":"Point","coordinates":[-3.4992,43.4721]},"properties":{}},{"type":"Feature","geometry":{"type":"Point","coordinates":[-3.4993,43.4722]},"properties":{}},{"type":"Feature","geometry":{"type":"Point","coordinates":[-3.4994,43.4723]},"properties":{}},{"type":"Feature","geometry":{"type":"Point","coordinates":[-3.4995,43.4723]},"properties":{}},{"type":"Feature","geometry":{"type":"Point","coordinates":[-3.4996,43.4724]},"properties":{}},{"type":"Feature","geometry":{"type":"Point","coordinates":[-3.4996,43.4725]},"properties":{}},{"type":"Feature","geometry":{"type":"Point","coordinates":[-3.4996,43.4725]},"properties":{}},{"type":"Feature","geometry":{"type":"Point","coordinates":[-3.4995,43.4726]},"properties":{}},{"type":"Feature","geometry":{"type":"Point","coordinates":[-3.4996,43.4727]},"properties":{}},{"type":"Feature","geometry":{"type":"Point","coordinates":[-3.4996,43.4727]},"properties":{}},{"type":"Feature","geometry":{"type":"Point","coordinates":[-3.4997,43.4728]},"properties":{}},{"type":"Feature","geometry":{"type":"Point","coordinates":[-3.4998,43.4729]},"properties":{}},{"type":"Feature","geometry":{"type":"Point","coordinates":[-3.4999,43.4729]},"properties":{}},{"type":"Feature","geometry":{"type":"Point","coordinates":[-3.5,43.473]},"properties":{}},{"type":"Feature","geometry":{"type":"Point","coordinates":[-3.5001,43.473]},"properties":{}},{"type":"Feature","geometry":{"type":"Point","coordinates":[-3.5003,43.4731]},"properties":{}},{"type":"Feature","geometry":{"type":"Point","coordinates":[-3.5004,43.4731]},"properties":{}},{"type":"Feature","geometry":{"type":"Point","coordinates":[-3.5005,43.4732]},"properties":{}},{"type":"Feature","geometry":{"type":"Point","coordinates":[-3.5006,43.4732]},"properties":{}},{"type":"Feature","geometry":{"type":"Point","coordinates":[-3.5006,43.4733]},"properties":{}},{"type":"Feature","geometry":{"type":"Point","coordinates":[-3.5007,43.4734]},"properties":{}},{"type":"Feature","geometry":{"type":"Point","coordinates":[-3.5008,43.4735]},"properties":{}},{"type":"Feature","geometry":{"type":"Point","coordinates":[-3.5009,43.4735]},"properties":{}},{"type":"Feature","geometry":{"type":"Point","coordinates":[-3.5011,43.4734]},"properties":{}},{"type":"Feature","geometry":{"type":"Point","coordinates":[-3.5013,43.4734]},"properties":{}},{"type":"Feature","geometry":{"type":"Point","coordinates":[-3.5015,43.4734]},"properties":{}},{"type":"Feature","geometry":{"type":"Point","coordinates":[-3.5017,43.4734]},"properties":{}},{"type":"Feature","geometry":{"type":"Point","coordinates":[-3.5019,43.4735]},"properties":{}},{"type":"Feature","geometry":{"type":"Point","coordinates":[-3.5021,43.4735]},"properties":{}},{"type":"Feature","geometry":{"type":"Point","coordinates":[-5.8311,43.6423]},"properties":{}},{"type":"Feature","geometry":{"type":"Point","coordinates":[-5.8341,43.643]},"properties":{}},{"type":"Feature","geometry":{"type":"Point","coordinates":[-5.834,43.6437]},"properties":{}},{"type":"Feature","geometry":{"type":"Point","coordinates":[-5.8347,43.6436]},"properties":{}},{"type":"Feature","geometry":{"type":"Point","coordinates":[-5.9984,43.5735]},"properties":{}},{"type":"Feature","geometry":{"type":"Point","coordinates":[-5.9986,43.5749]},"properties":{}},{"type":"Feature","geometry":{"type":"Point","coordinates":[-5.9981,43.5757]},"properties":{}},{"type":"Feature","geometry":{"type":"Point","coordinates":[-5.9982,43.5761]},"properties":{}},{"type":"Feature","geometry":{"type":"Point","coordinates":[-5.9981,43.5764]},"properties":{}},{"type":"Feature","geometry":{"type":"Point","coordinates":[-5.9983,43.5765]},"properties":{}},{"type":"Feature","geometry":{"type":"Point","coordinates":[-5.999,43.5764]},"properties":{}},{"type":"Feature","geometry":{"type":"Point","coordinates":[-5.9987,43.5769]},"properties":{}},{"type":"Feature","geometry":{"type":"Point","coordinates":[-5.9979,43.5778]},"properties":{}},{"type":"Feature","geometry":{"type":"Point","coordinates":[-5.998,43.5781]},"properties":{}},{"type":"Feature","geometry":{"type":"Point","coordinates":[-5.9984,43.5783]},"properties":{}},{"type":"Feature","geometry":{"type":"Point","coordinates":[-5.9986,43.5783]},"properties":{}},{"type":"Feature","geometry":{"type":"Point","coordinates":[-5.9989,43.5784]},"properties":{}},{"type":"Feature","geometry":{"type":"Point","coordinates":[-5.9994,43.5783]},"properties":{}},{"type":"Feature","geometry":{"type":"Point","coordinates":[-6.0005,43.5784]},"properties":{}},{"type":"Feature","geometry":{"type":"Point","coordinates":[-6.0016,43.5791]},"properties":{}},{"type":"Feature","geometry":{"type":"Point","coordinates":[-6.002,43.579]},"properties":{}},{"type":"Feature","geometry":{"type":"Point","coordinates":[-6.0029,43.579]},"properties":{}},{"type":"Feature","geometry":{"type":"Point","coordinates":[-6.0036,43.579]},"properties":{}},{"type":"Feature","geometry":{"type":"Point","coordinates":[-6.0042,43.579]},"properties":{}},{"type":"Feature","geometry":{"type":"Point","coordinates":[-6.005,43.5776]},"properties":{}},{"type":"Feature","geometry":{"type":"Point","coordinates":[-6.0074,43.5797]},"properties":{}},{"type":"Feature","geometry":{"type":"Point","coordinates":[-6.0085,43.5801]},"properties":{}},{"type":"Feature","geometry":{"type":"Point","coordinates":[-6.0107,43.5797]},"properties":{}},{"type":"Feature","geometry":{"type":"Point","coordinates":[-5.9742,43.5806]},"properties":{}},{"type":"Feature","geometry":{"type":"Point","coordinates":[-5.9742,43.581]},"properties":{}},{"type":"Feature","geometry":{"type":"Point","coordinates":[-5.9742,43.5815]},"properties":{}},{"type":"Feature","geometry":{"type":"Point","coordinates":[-5.9743,43.5819]},"properties":{}},{"type":"Feature","geometry":{"type":"Point","coordinates":[-5.9748,43.5812]},"properties":{}},{"type":"Feature","geometry":{"type":"Point","coordinates":[-5.9749,43.5808]},"properties":{}},{"type":"Feature","geometry":{"type":"Point","coordinates":[-5.9756,43.5802]},"properties":{}},{"type":"Feature","geometry":{"type":"Point","coordinates":[-5.9756,43.5799]},"properties":{}},{"type":"Feature","geometry":{"type":"Point","coordinates":[-5.9758,43.5796]},"properties":{}},{"type":"Feature","geometry":{"type":"Point","coordinates":[-5.9761,43.5793]},"properties":{}},{"type":"Feature","geometry":{"type":"Point","coordinates":[-5.9767,43.5784]},"properties":{}},{"type":"Feature","geometry":{"type":"Point","coordinates":[-5.9774,43.5781]},"properties":{}},{"type":"Feature","geometry":{"type":"Point","coordinates":[-5.9781,43.5782]},"properties":{}},{"type":"Feature","geometry":{"type":"Point","coordinates":[-5.9784,43.5781]},"properties":{}},{"type":"Feature","geometry":{"type":"Point","coordinates":[-5.9786,43.5785]},"properties":{}},{"type":"Feature","geometry":{"type":"Point","coordinates":[-5.9788,43.579]},"properties":{}},{"type":"Feature","geometry":{"type":"Point","coordinates":[-5.9794,43.5788]},"properties":{}},{"type":"Feature","geometry":{"type":"Point","coordinates":[-5.9798,43.5773]},"properties":{}},{"type":"Feature","geometry":{"type":"Point","coordinates":[-5.9834,43.5777]},"properties":{}},{"type":"Feature","geometry":{"type":"Point","coordinates":[-4.3388,43.4047]},"properties":{}},{"type":"Feature","geometry":{"type":"Point","coordinates":[-4.3386,43.4051]},"properties":{}},{"type":"Feature","geometry":{"type":"Point","coordinates":[-4.3386,43.4056]},"properties":{}},{"type":"Feature","geometry":{"type":"Point","coordinates":[-4.3108,43.3915]},"properties":{}},{"type":"Feature","geometry":{"type":"Point","coordinates":[-4.311,43.3914]},"properties":{}},{"type":"Feature","geometry":{"type":"Point","coordinates":[-4.3109,43.3917]},"properties":{}},{"type":"Feature","geometry":{"type":"Point","coordinates":[-4.3108,43.3919]},"properties":{}},{"type":"Feature","geometry":{"type":"Point","coordinates":[-4.3108,43.3921]},"properties":{}},{"type":"Feature","geometry":{"type":"Point","coordinates":[-4.311,43.3922]},"properties":{}},{"type":"Feature","geometry":{"type":"Point","coordinates":[-4.3112,43.3923]},"properties":{}},{"type":"Feature","geometry":{"type":"Point","coordinates":[-4.3115,43.3923]},"properties":{}},{"type":"Feature","geometry":{"type":"Point","coordinates":[-4.3118,43.392]},"properties":{}},{"type":"Feature","geometry":{"type":"Point","coordinates":[-4.3118,43.3918]},"properties":{}},{"type":"Feature","geometry":{"type":"Point","coordinates":[-4.312,43.3915]},"properties":{}},{"type":"Feature","geometry":{"type":"Point","coordinates":[-4.3123,43.3913]},"properties":{}},{"type":"Feature","geometry":{"type":"Point","coordinates":[-4.3125,43.3911]},"properties":{}},{"type":"Feature","geometry":{"type":"Point","coordinates":[-4.3126,43.3909]},"properties":{}},{"type":"Feature","geometry":{"type":"Point","coordinates":[-4.3126,43.3907]},"properties":{}},{"type":"Feature","geometry":{"type":"Point","coordinates":[-4.3126,43.3905]},"properties":{}},{"type":"Feature","geometry":{"type":"Point","coordinates":[-4.3125,43.3903]},"properties":{}},{"type":"Feature","geometry":{"type":"Point","coordinates":[-4.3125,43.3902]},"properties":{}},{"type":"Feature","geometry":{"type":"Point","coordinates":[-4.3126,43.39]},"properties":{}},{"type":"Feature","geometry":{"type":"Point","coordinates":[-4.313,43.3899]},"properties":{}},{"type":"Feature","geometry":{"type":"Point","coordinates":[-4.3132,43.3899]},"properties":{}},{"type":"Feature","geometry":{"type":"Point","coordinates":[-4.3133,43.3901]},"properties":{}},{"type":"Feature","geometry":{"type":"Point","coordinates":[-4.3131,43.3904]},"properties":{}},{"type":"Feature","geometry":{"type":"Point","coordinates":[-4.3131,43.3906]},"properties":{}},{"type":"Feature","geometry":{"type":"Point","coordinates":[-4.3133,43.3904]},"properties":{}},{"type":"Feature","geometry":{"type":"Point","coordinates":[-4.3134,43.3905]},"properties":{}},{"type":"Feature","geometry":{"type":"Point","coordinates":[-4.3132,43.3906]},"properties":{}},{"type":"Feature","geometry":{"type":"Point","coordinates":[-4.3132,43.3907]},"properties":{}},{"type":"Feature","geometry":{"type":"Point","coordinates":[-4.3135,43.3905]},"properties":{}},{"type":"Feature","geometry":{"type":"Point","coordinates":[-4.3137,43.3905]},"properties":{}},{"type":"Feature","geometry":{"type":"Point","coordinates":[-4.3139,43.3907]},"properties":{}},{"type":"Feature","geometry":{"type":"Point","coordinates":[-4.3139,43.391]},"properties":{}},{"type":"Feature","geometry":{"type":"Point","coordinates":[-4.314,43.3912]},"properties":{}},{"type":"Feature","geometry":{"type":"Point","coordinates":[-4.3143,43.3911]},"properties":{}},{"type":"Feature","geometry":{"type":"Point","coordinates":[-4.3144,43.3911]},"properties":{}},{"type":"Feature","geometry":{"type":"Point","coordinates":[-4.3144,43.3912]},"properties":{}},{"type":"Feature","geometry":{"type":"Point","coordinates":[-4.3141,43.3914]},"properties":{}},{"type":"Feature","geometry":{"type":"Point","coordinates":[-4.3141,43.3916]},"properties":{}},{"type":"Feature","geometry":{"type":"Point","coordinates":[-4.3142,43.3917]},"properties":{}},{"type":"Feature","geometry":{"type":"Point","coordinates":[-4.3145,43.3916]},"properties":{}},{"type":"Feature","geometry":{"type":"Point","coordinates":[-4.3149,43.3917]},"properties":{}},{"type":"Feature","geometry":{"type":"Point","coordinates":[-4.3152,43.392]},"properties":{}},{"type":"Feature","geometry":{"type":"Point","coordinates":[-4.3155,43.3922]},"properties":{}},{"type":"Feature","geometry":{"type":"Point","coordinates":[-4.3158,43.3924]},"properties":{}},{"type":"Feature","geometry":{"type":"Point","coordinates":[-4.316,43.3924]},"properties":{}},{"type":"Feature","geometry":{"type":"Point","coordinates":[-4.3162,43.3923]},"properties":{}},{"type":"Feature","geometry":{"type":"Point","coordinates":[-4.3163,43.3922]},"properties":{}},{"type":"Feature","geometry":{"type":"Point","coordinates":[-4.3163,43.392]},"properties":{}},{"type":"Feature","geometry":{"type":"Point","coordinates":[-4.3163,43.3918]},"properties":{}},{"type":"Feature","geometry":{"type":"Point","coordinates":[-4.3163,43.3916]},"properties":{}},{"type":"Feature","geometry":{"type":"Point","coordinates":[-4.3163,43.3915]},"properties":{}},{"type":"Feature","geometry":{"type":"Point","coordinates":[-4.3165,43.3913]},"properties":{}},{"type":"Feature","geometry":{"type":"Point","coordinates":[-4.3169,43.3911]},"properties":{}},{"type":"Feature","geometry":{"type":"Point","coordinates":[-4.3174,43.3911]},"properties":{}},{"type":"Feature","geometry":{"type":"Point","coordinates":[-4.3181,43.3911]},"properties":{}},{"type":"Feature","geometry":{"type":"Point","coordinates":[-4.3187,43.3911]},"properties":{}},{"type":"Feature","geometry":{"type":"Point","coordinates":[-4.3195,43.391]},"properties":{}},{"type":"Feature","geometry":{"type":"Point","coordinates":[-4.32,43.3909]},"properties":{}},{"type":"Feature","geometry":{"type":"Point","coordinates":[-4.3205,43.3909]},"properties":{}},{"type":"Feature","geometry":{"type":"Point","coordinates":[-4.3209,43.3908]},"properties":{}},{"type":"Feature","geometry":{"type":"Point","coordinates":[-4.3215,43.3908]},"properties":{}},{"type":"Feature","geometry":{"type":"Point","coordinates":[-4.322,43.3907]},"properties":{}},{"type":"Feature","geometry":{"type":"Point","coordinates":[-4.3225,43.3907]},"properties":{}},{"type":"Feature","geometry":{"type":"Point","coordinates":[-4.323,43.3908]},"properties":{}},{"type":"Feature","geometry":{"type":"Point","coordinates":[-5.5072,43.5484]},"properties":{}},{"type":"Feature","geometry":{"type":"Point","coordinates":[-5.5127,43.5498]},"properties":{}},{"type":"Feature","geometry":{"type":"Point","coordinates":[-5.5178,43.5517]},"properties":{}},{"type":"Feature","geometry":{"type":"Point","coordinates":[-5.5202,43.5507]},"properties":{}},{"type":"Feature","geometry":{"type":"Point","coordinates":[-5.5224,43.5498]},"properties":{}},{"type":"Feature","geometry":{"type":"Point","coordinates":[-5.5256,43.5493]},"properties":{}},{"type":"Feature","geometry":{"type":"Point","coordinates":[-5.5261,43.5474]},"properties":{}},{"type":"Feature","geometry":{"type":"Point","coordinates":[-5.5294,43.5449]},"properties":{}},{"type":"Feature","geometry":{"type":"Point","coordinates":[-5.1686,43.4768]},"properties":{}},{"type":"Feature","geometry":{"type":"Point","coordinates":[-5.1763,43.4746]},"properties":{}},{"type":"Feature","geometry":{"type":"Point","coordinates":[-5.1791,43.4749]},"properties":{}},{"type":"Feature","geometry":{"type":"Point","coordinates":[-5.2151,43.4743]},"properties":{}},{"type":"Feature","geometry":{"type":"Point","coordinates":[-5.2187,43.4759]},"properties":{}},{"type":"Feature","geometry":{"type":"Point","coordinates":[-5.2218,43.4772]},"properties":{}},{"type":"Feature","geometry":{"type":"Point","coordinates":[-5.2247,43.4794]},"properties":{}},{"type":"Feature","geometry":{"type":"Point","coordinates":[-5.2245,43.4814]},"properties":{}},{"type":"Feature","geometry":{"type":"Point","coordinates":[-5.6921,43.544]},"properties":{}},{"type":"Feature","geometry":{"type":"Point","coordinates":[-5.0132,43.4601]},"properties":{}},{"type":"Feature","geometry":{"type":"Point","coordinates":[-5.0133,43.4602]},"properties":{}},{"type":"Feature","geometry":{"type":"Point","coordinates":[-5.0132,43.4601]},"properties":{}},{"type":"Feature","geometry":{"type":"Point","coordinates":[-5.0131,43.4604]},"properties":{}},{"type":"Feature","geometry":{"type":"Point","coordinates":[-5.0129,43.4606]},"properties":{}},{"type":"Feature","geometry":{"type":"Point","coordinates":[-3.7559,43.4727]},"properties":{}},{"type":"Feature","geometry":{"type":"Point","coordinates":[-3.7558,43.4728]},"properties":{}},{"type":"Feature","geometry":{"type":"Point","coordinates":[-3.7556,43.4729]},"properties":{}},{"type":"Feature","geometry":{"type":"Point","coordinates":[-3.7555,43.473]},"properties":{}},{"type":"Feature","geometry":{"type":"Point","coordinates":[-3.7554,43.4729]},"properties":{}},{"type":"Feature","geometry":{"type":"Point","coordinates":[-3.7555,43.4728]},"properties":{}},{"type":"Feature","geometry":{"type":"Point","coordinates":[-3.7555,43.4727]},"properties":{}},{"type":"Feature","geometry":{"type":"Point","coordinates":[-3.7556,43.4727]},"properties":{}},{"type":"Feature","geometry":{"type":"Point","coordinates":[-3.7557,43.4726]},"properties":{}},{"type":"Feature","geometry":{"type":"Point","coordinates":[-3.7557,43.4725]},"properties":{}},{"type":"Feature","geometry":{"type":"Point","coordinates":[-3.7556,43.4725]},"properties":{}},{"type":"Feature","geometry":{"type":"Point","coordinates":[-3.7556,43.4724]},"properties":{}},{"type":"Feature","geometry":{"type":"Point","coordinates":[-3.7556,43.4723]},"properties":{}},{"type":"Feature","geometry":{"type":"Point","coordinates":[-3.7555,43.4723]},"properties":{}},{"type":"Feature","geometry":{"type":"Point","coordinates":[-3.7554,43.4723]},"properties":{}},{"type":"Feature","geometry":{"type":"Point","coordinates":[-3.7553,43.4723]},"properties":{}},{"type":"Feature","geometry":{"type":"Point","coordinates":[-3.7552,43.4724]},"properties":{}},{"type":"Feature","geometry":{"type":"Point","coordinates":[-3.7552,43.4725]},"properties":{}},{"type":"Feature","geometry":{"type":"Point","coordinates":[-3.7551,43.4725]},"properties":{}},{"type":"Feature","geometry":{"type":"Point","coordinates":[-3.755,43.4726]},"properties":{}},{"type":"Feature","geometry":{"type":"Point","coordinates":[-3.7549,43.4727]},"properties":{}},{"type":"Feature","geometry":{"type":"Point","coordinates":[-3.7549,43.4728]},"properties":{}},{"type":"Feature","geometry":{"type":"Point","coordinates":[-3.7548,43.4728]},"properties":{}},{"type":"Feature","geometry":{"type":"Point","coordinates":[-3.7548,43.4729]},"properties":{}},{"type":"Feature","geometry":{"type":"Point","coordinates":[-3.7547,43.473]},"properties":{}},{"type":"Feature","geometry":{"type":"Point","coordinates":[-3.7547,43.4733]},"properties":{}},{"type":"Feature","geometry":{"type":"Point","coordinates":[-3.7552,43.4734]},"properties":{}},{"type":"Feature","geometry":{"type":"Point","coordinates":[-3.7555,43.4735]},"properties":{}},{"type":"Feature","geometry":{"type":"Point","coordinates":[-3.7559,43.4736]},"properties":{}},{"type":"Feature","geometry":{"type":"Point","coordinates":[-3.7559,43.4735]},"properties":{}},{"type":"Feature","geometry":{"type":"Point","coordinates":[-3.7561,43.4733]},"properties":{}},{"type":"Feature","geometry":{"type":"Point","coordinates":[-3.7565,43.4733]},"properties":{}},{"type":"Feature","geometry":{"type":"Point","coordinates":[-3.7567,43.4728]},"properties":{}},{"type":"Feature","geometry":{"type":"Point","coordinates":[-3.7563,43.4728]},"properties":{}},{"type":"Feature","geometry":{"type":"Point","coordinates":[-3.756,43.4727]},"properties":{}},{"type":"Feature","geometry":{"type":"Point","coordinates":[-4.8094,43.4321]},"properties":{}},{"type":"Feature","geometry":{"type":"Point","coordinates":[-4.8093,43.4337]},"properties":{}},{"type":"Feature","geometry":{"type":"Point","coordinates":[-4.8081,43.4344]},"properties":{}},{"type":"Feature","geometry":{"type":"Point","coordinates":[-4.8089,43.4319]},"properties":{}},{"type":"Feature","geometry":{"type":"Point","coordinates":[-4.8092,43.432]},"properties":{}},{"type":"Feature","geometry":{"type":"Point","coordinates":[-4.8092,43.4322]},"properties":{}},{"type":"Feature","geometry":{"type":"Point","coordinates":[-4.8094,43.4321]},"properties":{}},{"type":"Feature","geometry":{"type":"Point","coordinates":[-4.809,43.4318]},"properties":{}},{"type":"Feature","geometry":{"type":"Point","coordinates":[-4.8076,43.4318]},"properties":{}},{"type":"Feature","geometry":{"type":"Point","coordinates":[-4.8081,43.4314]},"properties":{}},{"type":"Feature","geometry":{"type":"Point","coordinates":[-4.8083,43.4329]},"properties":{}},{"type":"Feature","geometry":{"type":"Point","coordinates":[-4.8088,43.4329]},"properties":{}},{"type":"Feature","geometry":{"type":"Point","coordinates":[-4.8093,43.4327]},"properties":{}},{"type":"Feature","geometry":{"type":"Point","coordinates":[-4.8093,43.4324]},"properties":{}},{"type":"Feature","geometry":{"type":"Point","coordinates":[-4.809,43.4324]},"properties":{}},{"type":"Feature","geometry":{"type":"Point","coordinates":[-4.8087,43.4323]},"properties":{}},{"type":"Feature","geometry":{"type":"Point","coordinates":[-4.8083,43.4325]},"properties":{}},{"type":"Feature","geometry":{"type":"Point","coordinates":[-4.8083,43.4328]},"properties":{}},{"type":"Feature","geometry":{"type":"Point","coordinates":[-4.8123,43.4362]},"properties":{}},{"type":"Feature","geometry":{"type":"Point","coordinates":[-4.8108,43.4372]},"properties":{}},{"type":"Feature","geometry":{"type":"Point","coordinates":[-4.8104,43.4347]},"properties":{}},{"type":"Feature","geometry":{"type":"Point","coordinates":[-4.8113,43.4353]},"properties":{}},{"type":"Feature","geometry":{"type":"Point","coordinates":[-4.8127,43.4351]},"properties":{}},{"type":"Feature","geometry":{"type":"Point","coordinates":[-4.8149,43.4357]},"properties":{}},{"type":"Feature","geometry":{"type":"Point","coordinates":[-4.8144,43.437]},"properties":{}},{"type":"Feature","geometry":{"type":"Point","coordinates":[-4.8081,43.4344]},"properties":{}},{"type":"Feature","geometry":{"type":"Point","coordinates":[-4.8076,43.4343]},"properties":{}},{"type":"Feature","geometry":{"type":"Point","coordinates":[-4.8084,43.4347]},"properties":{}},{"type":"Feature","geometry":{"type":"Point","coordinates":[-4.81,43.4346]},"properties":{}},{"type":"Feature","geometry":{"type":"Point","coordinates":[-4.7911,43.4335]},"properties":{}},{"type":"Feature","geometry":{"type":"Point","coordinates":[-4.7906,43.4333]},"properties":{}},{"type":"Feature","geometry":{"type":"Point","coordinates":[-4.7903,43.4329]},"properties":{}},{"type":"Feature","geometry":{"type":"Point","coordinates":[-4.7895,43.4329]},"properties":{}},{"type":"Feature","geometry":{"type":"Point","coordinates":[-3.5048,43.4751]},"properties":{}},{"type":"Feature","geometry":{"type":"Point","coordinates":[-3.5049,43.4751]},"properties":{}},{"type":"Feature","geometry":{"type":"Point","coordinates":[-3.5049,43.4751]},"properties":{}},{"type":"Feature","geometry":{"type":"Point","coordinates":[-3.505,43.4752]},"properties":{}},{"type":"Feature","geometry":{"type":"Point","coordinates":[-3.505,43.4752]},"properties":{}},{"type":"Feature","geometry":{"type":"Point","coordinates":[-3.5051,43.4752]},"properties":{}},{"type":"Feature","geometry":{"type":"Point","coordinates":[-3.5052,43.4753]},"properties":{}},{"type":"Feature","geometry":{"type":"Point","coordinates":[-3.5053,43.4753]},"properties":{}},{"type":"Feature","geometry":{"type":"Point","coordinates":[-3.5054,43.4754]},"properties":{}},{"type":"Feature","geometry":{"type":"Point","coordinates":[-3.5055,43.4754]},"properties":{}},{"type":"Feature","geometry":{"type":"Point","coordinates":[-3.5055,43.4754]},"properties":{}},{"type":"Feature","geometry":{"type":"Point","coordinates":[-3.5056,43.4754]},"properties":{}},{"type":"Feature","geometry":{"type":"Point","coordinates":[-3.5057,43.4754]},"properties":{}},{"type":"Feature","geometry":{"type":"Point","coordinates":[-3.5057,43.4755]},"properties":{}},{"type":"Feature","geometry":{"type":"Point","coordinates":[-3.5058,43.4755]},"properties":{}},{"type":"Feature","geometry":{"type":"Point","coordinates":[-3.5059,43.4755]},"properties":{}},{"type":"Feature","geometry":{"type":"Point","coordinates":[-3.506,43.4755]},"properties":{}},{"type":"Feature","geometry":{"type":"Point","coordinates":[-3.5061,43.4755]},"properties":{}},{"type":"Feature","geometry":{"type":"Point","coordinates":[-3.5062,43.4754]},"properties":{}},{"type":"Feature","geometry":{"type":"Point","coordinates":[-3.5062,43.4754]},"properties":{}},{"type":"Feature","geometry":{"type":"Point","coordinates":[-3.5063,43.4754]},"properties":{}},{"type":"Feature","geometry":{"type":"Point","coordinates":[-3.5063,43.4754]},"properties":{}},{"type":"Feature","geometry":{"type":"Point","coordinates":[-3.5064,43.4754]},"properties":{}},{"type":"Feature","geometry":{"type":"Point","coordinates":[-3.5067,43.4754]},"properties":{}},{"type":"Feature","geometry":{"type":"Point","coordinates":[-3.5068,43.4754]},"properties":{}},{"type":"Feature","geometry":{"type":"Point","coordinates":[-3.5069,43.4754]},"properties":{}},{"type":"Feature","geometry":{"type":"Point","coordinates":[-3.507,43.4754]},"properties":{}},{"type":"Feature","geometry":{"type":"Point","coordinates":[-3.5071,43.4754]},"properties":{}},{"type":"Feature","geometry":{"type":"Point","coordinates":[-3.5072,43.4755]},"properties":{}},{"type":"Feature","geometry":{"type":"Point","coordinates":[-3.5073,43.4755]},"properties":{}},{"type":"Feature","geometry":{"type":"Point","coordinates":[-3.5073,43.4755]},"properties":{}},{"type":"Feature","geometry":{"type":"Point","coordinates":[-3.5074,43.4755]},"properties":{}},{"type":"Feature","geometry":{"type":"Point","coordinates":[-3.5075,43.4755]},"properties":{}},{"type":"Feature","geometry":{"type":"Point","coordinates":[-3.5076,43.4755]},"properties":{}},{"type":"Feature","geometry":{"type":"Point","coordinates":[-3.5077,43.4755]},"properties":{}},{"type":"Feature","geometry":{"type":"Point","coordinates":[-3.508,43.4755]},"properties":{}},{"type":"Feature","geometry":{"type":"Point","coordinates":[-3.5084,43.4755]},"properties":{}},{"type":"Feature","geometry":{"type":"Point","coordinates":[-3.5084,43.4756]},"properties":{}},{"type":"Feature","geometry":{"type":"Point","coordinates":[-3.5085,43.4756]},"properties":{}},{"type":"Feature","geometry":{"type":"Point","coordinates":[-3.5086,43.4756]},"properties":{}},{"type":"Feature","geometry":{"type":"Point","coordinates":[-3.5087,43.4756]},"properties":{}},{"type":"Feature","geometry":{"type":"Point","coordinates":[-3.5087,43.4756]},"properties":{}},{"type":"Feature","geometry":{"type":"Point","coordinates":[-3.5088,43.4757]},"properties":{}},{"type":"Feature","geometry":{"type":"Point","coordinates":[-3.5088,43.4757]},"properties":{}},{"type":"Feature","geometry":{"type":"Point","coordinates":[-3.5089,43.4757]},"properties":{}},{"type":"Feature","geometry":{"type":"Point","coordinates":[-3.5089,43.4757]},"properties":{}},{"type":"Feature","geometry":{"type":"Point","coordinates":[-3.509,43.4757]},"properties":{}},{"type":"Feature","geometry":{"type":"Point","coordinates":[-3.5091,43.4757]},"properties":{}},{"type":"Feature","geometry":{"type":"Point","coordinates":[-3.5091,43.4757]},"properties":{}},{"type":"Feature","geometry":{"type":"Point","coordinates":[-3.5092,43.4757]},"properties":{}},{"type":"Feature","geometry":{"type":"Point","coordinates":[-3.5092,43.4758]},"properties":{}},{"type":"Feature","geometry":{"type":"Point","coordinates":[-3.5093,43.4758]},"properties":{}},{"type":"Feature","geometry":{"type":"Point","coordinates":[-3.5093,43.4758]},"properties":{}},{"type":"Feature","geometry":{"type":"Point","coordinates":[-3.5094,43.4758]},"properties":{}},{"type":"Feature","geometry":{"type":"Point","coordinates":[-3.5095,43.4759]},"properties":{}},{"type":"Feature","geometry":{"type":"Point","coordinates":[-3.5096,43.4759]},"properties":{}},{"type":"Feature","geometry":{"type":"Point","coordinates":[-3.5096,43.4759]},"properties":{}},{"type":"Feature","geometry":{"type":"Point","coordinates":[-3.5096,43.4759]},"properties":{}},{"type":"Feature","geometry":{"type":"Point","coordinates":[-3.5097,43.476]},"properties":{}},{"type":"Feature","geometry":{"type":"Point","coordinates":[-3.5098,43.476]},"properties":{}},{"type":"Feature","geometry":{"type":"Point","coordinates":[-3.5098,43.476]},"properties":{}},{"type":"Feature","geometry":{"type":"Point","coordinates":[-3.5099,43.4761]},"properties":{}},{"type":"Feature","geometry":{"type":"Point","coordinates":[-3.5101,43.4762]},"properties":{}},{"type":"Feature","geometry":{"type":"Point","coordinates":[-3.5102,43.4762]},"properties":{}},{"type":"Feature","geometry":{"type":"Point","coordinates":[-3.5102,43.4762]},"properties":{}},{"type":"Feature","geometry":{"type":"Point","coordinates":[-3.5103,43.4763]},"properties":{}},{"type":"Feature","geometry":{"type":"Point","coordinates":[-3.5105,43.4763]},"properties":{}},{"type":"Feature","geometry":{"type":"Point","coordinates":[-3.5105,43.4764]},"properties":{}},{"type":"Feature","geometry":{"type":"Point","coordinates":[-3.5106,43.4764]},"properties":{}},{"type":"Feature","geometry":{"type":"Point","coordinates":[-3.5107,43.4764]},"properties":{}},{"type":"Feature","geometry":{"type":"Point","coordinates":[-3.5108,43.4764]},"properties":{}},{"type":"Feature","geometry":{"type":"Point","coordinates":[-3.5108,43.4765]},"properties":{}},{"type":"Feature","geometry":{"type":"Point","coordinates":[-3.5109,43.4765]},"properties":{}},{"type":"Feature","geometry":{"type":"Point","coordinates":[-3.511,43.4765]},"properties":{}},{"type":"Feature","geometry":{"type":"Point","coordinates":[-3.5111,43.4765]},"properties":{}},{"type":"Feature","geometry":{"type":"Point","coordinates":[-3.5112,43.4766]},"properties":{}},{"type":"Feature","geometry":{"type":"Point","coordinates":[-3.5113,43.4766]},"properties":{}},{"type":"Feature","geometry":{"type":"Point","coordinates":[-3.5114,43.4767]},"properties":{}},{"type":"Feature","geometry":{"type":"Point","coordinates":[-3.5114,43.4767]},"properties":{}},{"type":"Feature","geometry":{"type":"Point","coordinates":[-3.5115,43.4767]},"properties":{}},{"type":"Feature","geometry":{"type":"Point","coordinates":[-3.5115,43.4768]},"properties":{}},{"type":"Feature","geometry":{"type":"Point","coordinates":[-3.5115,43.4768]},"properties":{}},{"type":"Feature","geometry":{"type":"Point","coordinates":[-3.5115,43.4769]},"properties":{}},{"type":"Feature","geometry":{"type":"Point","coordinates":[-3.5115,43.4769]},"properties":{}},{"type":"Feature","geometry":{"type":"Point","coordinates":[-3.5116,43.477]},"properties":{}},{"type":"Feature","geometry":{"type":"Point","coordinates":[-3.5116,43.477]},"properties":{}},{"type":"Feature","geometry":{"type":"Point","coordinates":[-3.5116,43.477]},"properties":{}},{"type":"Feature","geometry":{"type":"Point","coordinates":[-3.5117,43.4771]},"properties":{}},{"type":"Feature","geometry":{"type":"Point","coordinates":[-3.5117,43.4771]},"properties":{}},{"type":"Feature","geometry":{"type":"Point","coordinates":[-3.5118,43.4771]},"properties":{}},{"type":"Feature","geometry":{"type":"Point","coordinates":[-3.5118,43.4772]},"properties":{}},{"type":"Feature","geometry":{"type":"Point","coordinates":[-3.5119,43.4772]},"properties":{}},{"type":"Feature","geometry":{"type":"Point","coordinates":[-3.5119,43.4772]},"properties":{}},{"type":"Feature","geometry":{"type":"Point","coordinates":[-3.5122,43.4772]},"properties":{}},{"type":"Feature","geometry":{"type":"Point","coordinates":[-3.5126,43.4772]},"properties":{}},{"type":"Feature","geometry":{"type":"Point","coordinates":[-3.5127,43.4772]},"properties":{}},{"type":"Feature","geometry":{"type":"Point","coordinates":[-3.513,43.4773]},"properties":{}},{"type":"Feature","geometry":{"type":"Point","coordinates":[-3.5131,43.4772]},"properties":{}},{"type":"Feature","geometry":{"type":"Point","coordinates":[-3.5134,43.4773]},"properties":{}},{"type":"Feature","geometry":{"type":"Point","coordinates":[-3.5136,43.4774]},"properties":{}},{"type":"Feature","geometry":{"type":"Point","coordinates":[-3.5138,43.4775]},"properties":{}},{"type":"Feature","geometry":{"type":"Point","coordinates":[-3.514,43.4777]},"properties":{}},{"type":"Feature","geometry":{"type":"Point","coordinates":[-3.5141,43.4779]},"properties":{}},{"type":"Feature","geometry":{"type":"Point","coordinates":[-3.5143,43.4781]},"properties":{}},{"type":"Feature","geometry":{"type":"Point","coordinates":[-3.5144,43.4782]},"properties":{}},{"type":"Feature","geometry":{"type":"Point","coordinates":[-3.5147,43.4783]},"properties":{}},{"type":"Feature","geometry":{"type":"Point","coordinates":[-3.5149,43.4784]},"properties":{}},{"type":"Feature","geometry":{"type":"Point","coordinates":[-3.515,43.4786]},"properties":{}},{"type":"Feature","geometry":{"type":"Point","coordinates":[-3.515,43.4787]},"properties":{}},{"type":"Feature","geometry":{"type":"Point","coordinates":[-3.5021,43.4735]},"properties":{}},{"type":"Feature","geometry":{"type":"Point","coordinates":[-3.5022,43.4736]},"properties":{}},{"type":"Feature","geometry":{"type":"Point","coordinates":[-3.5024,43.4736]},"properties":{}},{"type":"Feature","geometry":{"type":"Point","coordinates":[-3.5024,43.4736]},"properties":{}},{"type":"Feature","geometry":{"type":"Point","coordinates":[-3.5025,43.4737]},"properties":{}},{"type":"Feature","geometry":{"type":"Point","coordinates":[-3.5026,43.4737]},"properties":{}},{"type":"Feature","geometry":{"type":"Point","coordinates":[-3.5028,43.4738]},"properties":{}},{"type":"Feature","geometry":{"type":"Point","coordinates":[-3.5029,43.4738]},"properties":{}},{"type":"Feature","geometry":{"type":"Point","coordinates":[-3.503,43.4739]},"properties":{}},{"type":"Feature","geometry":{"type":"Point","coordinates":[-3.5031,43.4739]},"properties":{}},{"type":"Feature","geometry":{"type":"Point","coordinates":[-3.5032,43.4739]},"properties":{}},{"type":"Feature","geometry":{"type":"Point","coordinates":[-3.5033,43.474]},"properties":{}},{"type":"Feature","geometry":{"type":"Point","coordinates":[-3.5035,43.474]},"properties":{}},{"type":"Feature","geometry":{"type":"Point","coordinates":[-3.5036,43.4741]},"properties":{}},{"type":"Feature","geometry":{"type":"Point","coordinates":[-3.5037,43.4741]},"properties":{}},{"type":"Feature","geometry":{"type":"Point","coordinates":[-3.5037,43.4742]},"properties":{}},{"type":"Feature","geometry":{"type":"Point","coordinates":[-3.5038,43.4742]},"properties":{}},{"type":"Feature","geometry":{"type":"Point","coordinates":[-3.5038,43.4743]},"properties":{}},{"type":"Feature","geometry":{"type":"Point","coordinates":[-3.5038,43.4743]},"properties":{}},{"type":"Feature","geometry":{"type":"Point","coordinates":[-3.5039,43.4744]},"properties":{}},{"type":"Feature","geometry":{"type":"Point","coordinates":[-3.5039,43.4744]},"properties":{}},{"type":"Feature","geometry":{"type":"Point","coordinates":[-3.504,43.4744]},"properties":{}},{"type":"Feature","geometry":{"type":"Point","coordinates":[-3.504,43.4745]},"properties":{}},{"type":"Feature","geometry":{"type":"Point","coordinates":[-3.504,43.4745]},"properties":{}},{"type":"Feature","geometry":{"type":"Point","coordinates":[-3.504,43.4745]},"properties":{}},{"type":"Feature","geometry":{"type":"Point","coordinates":[-3.5041,43.4746]},"properties":{}},{"type":"Feature","geometry":{"type":"Point","coordinates":[-3.5041,43.4746]},"properties":{}},{"type":"Feature","geometry":{"type":"Point","coordinates":[-3.5041,43.4746]},"properties":{}},{"type":"Feature","geometry":{"type":"Point","coordinates":[-3.5042,43.4746]},"properties":{}},{"type":"Feature","geometry":{"type":"Point","coordinates":[-3.5042,43.4747]},"properties":{}},{"type":"Feature","geometry":{"type":"Point","coordinates":[-3.5043,43.4747]},"properties":{}},{"type":"Feature","geometry":{"type":"Point","coordinates":[-3.5043,43.4747]},"properties":{}},{"type":"Feature","geometry":{"type":"Point","coordinates":[-3.5043,43.4748]},"properties":{}},{"type":"Feature","geometry":{"type":"Point","coordinates":[-3.5043,43.4748]},"properties":{}},{"type":"Feature","geometry":{"type":"Point","coordinates":[-3.5044,43.4748]},"properties":{}},{"type":"Feature","geometry":{"type":"Point","coordinates":[-3.5045,43.4748]},"properties":{}},{"type":"Feature","geometry":{"type":"Point","coordinates":[-3.5045,43.4749]},"properties":{}},{"type":"Feature","geometry":{"type":"Point","coordinates":[-3.5046,43.4749]},"properties":{}},{"type":"Feature","geometry":{"type":"Point","coordinates":[-3.5046,43.475]},"properties":{}},{"type":"Feature","geometry":{"type":"Point","coordinates":[-3.5046,43.475]},"properties":{}},{"type":"Feature","geometry":{"type":"Point","coordinates":[-3.5047,43.475]},"properties":{}},{"type":"Feature","geometry":{"type":"Point","coordinates":[-3.5047,43.475]},"properties":{}},{"type":"Feature","geometry":{"type":"Point","coordinates":[-3.5048,43.4751]},"properties":{}},{"type":"Feature","geometry":{"type":"Point","coordinates":[-3.5321,43.4918]},"properties":{}},{"type":"Feature","geometry":{"type":"Point","coordinates":[-3.5323,43.4918]},"properties":{}},{"type":"Feature","geometry":{"type":"Point","coordinates":[-3.5324,43.4919]},"properties":{}},{"type":"Feature","geometry":{"type":"Point","coordinates":[-3.5325,43.4919]},"properties":{}},{"type":"Feature","geometry":{"type":"Point","coordinates":[-3.5326,43.492]},"properties":{}},{"type":"Feature","geometry":{"type":"Point","coordinates":[-3.5326,43.492]},"properties":{}},{"type":"Feature","geometry":{"type":"Point","coordinates":[-3.5326,43.4921]},"properties":{}},{"type":"Feature","geometry":{"type":"Point","coordinates":[-3.5325,43.4921]},"properties":{}},{"type":"Feature","geometry":{"type":"Point","coordinates":[-3.5325,43.4921]},"properties":{}},{"type":"Feature","geometry":{"type":"Point","coordinates":[-3.5324,43.4922]},"properties":{}},{"type":"Feature","geometry":{"type":"Point","coordinates":[-3.5324,43.4922]},"properties":{}},{"type":"Feature","geometry":{"type":"Point","coordinates":[-3.5324,43.4922]},"properties":{}},{"type":"Feature","geometry":{"type":"Point","coordinates":[-3.5324,43.4923]},"properties":{}},{"type":"Feature","geometry":{"type":"Point","coordinates":[-3.5325,43.4923]},"properties":{}},{"type":"Feature","geometry":{"type":"Point","coordinates":[-3.5325,43.4924]},"properties":{}},{"type":"Feature","geometry":{"type":"Point","coordinates":[-3.5326,43.4924]},"properties":{}},{"type":"Feature","geometry":{"type":"Point","coordinates":[-3.5327,43.4926]},"properties":{}},{"type":"Feature","geometry":{"type":"Point","coordinates":[-3.5328,43.4927]},"properties":{}},{"type":"Feature","geometry":{"type":"Point","coordinates":[-3.5329,43.4928]},"properties":{}},{"type":"Feature","geometry":{"type":"Point","coordinates":[-3.533,43.4929]},"properties":{}},{"type":"Feature","geometry":{"type":"Point","coordinates":[-3.5331,43.493]},"properties":{}},{"type":"Feature","geometry":{"type":"Point","coordinates":[-3.5332,43.4931]},"properties":{}},{"type":"Feature","geometry":{"type":"Point","coordinates":[-3.5334,43.4932]},"properties":{}},{"type":"Feature","geometry":{"type":"Point","coordinates":[-3.5336,43.4933]},"properties":{}},{"type":"Feature","geometry":{"type":"Point","coordinates":[-3.5337,43.4933]},"properties":{}},{"type":"Feature","geometry":{"type":"Point","coordinates":[-3.5338,43.4934]},"properties":{}},{"type":"Feature","geometry":{"type":"Point","coordinates":[-3.5339,43.4934]},"properties":{}},{"type":"Feature","geometry":{"type":"Point","coordinates":[-3.5338,43.4936]},"properties":{}},{"type":"Feature","geometry":{"type":"Point","coordinates":[-3.5339,43.4937]},"properties":{}},{"type":"Feature","geometry":{"type":"Point","coordinates":[-3.5341,43.4938]},"properties":{}},{"type":"Feature","geometry":{"type":"Point","coordinates":[-3.5345,43.4938]},"properties":{}},{"type":"Feature","geometry":{"type":"Point","coordinates":[-3.5346,43.4939]},"properties":{}},{"type":"Feature","geometry":{"type":"Point","coordinates":[-3.5348,43.4938]},"properties":{}},{"type":"Feature","geometry":{"type":"Point","coordinates":[-3.535,43.4937]},"properties":{}},{"type":"Feature","geometry":{"type":"Point","coordinates":[-3.5351,43.4938]},"properties":{}},{"type":"Feature","geometry":{"type":"Point","coordinates":[-3.5354,43.4938]},"properties":{}},{"type":"Feature","geometry":{"type":"Point","coordinates":[-3.5357,43.4938]},"properties":{}},{"type":"Feature","geometry":{"type":"Point","coordinates":[-3.5358,43.4937]},"properties":{}},{"type":"Feature","geometry":{"type":"Point","coordinates":[-3.5357,43.4935]},"properties":{}},{"type":"Feature","geometry":{"type":"Point","coordinates":[-3.5356,43.4934]},"properties":{}},{"type":"Feature","geometry":{"type":"Point","coordinates":[-3.5358,43.4933]},"properties":{}},{"type":"Feature","geometry":{"type":"Point","coordinates":[-3.536,43.4933]},"properties":{}},{"type":"Feature","geometry":{"type":"Point","coordinates":[-3.5361,43.4933]},"properties":{}},{"type":"Feature","geometry":{"type":"Point","coordinates":[-3.5363,43.4932]},"properties":{}},{"type":"Feature","geometry":{"type":"Point","coordinates":[-3.5364,43.4931]},"properties":{}},{"type":"Feature","geometry":{"type":"Point","coordinates":[-3.5363,43.493]},"properties":{}},{"type":"Feature","geometry":{"type":"Point","coordinates":[-3.5361,43.4928]},"properties":{}},{"type":"Feature","geometry":{"type":"Point","coordinates":[-3.5357,43.4928]},"properties":{}},{"type":"Feature","geometry":{"type":"Point","coordinates":[-3.5358,43.4924]},"properties":{}},{"type":"Feature","geometry":{"type":"Point","coordinates":[-3.5367,43.4922]},"properties":{}},{"type":"Feature","geometry":{"type":"Point","coordinates":[-3.5382,43.4924]},"properties":{}},{"type":"Feature","geometry":{"type":"Point","coordinates":[-3.5396,43.4929]},"properties":{}},{"type":"Feature","geometry":{"type":"Point","coordinates":[-3.5404,43.4935]},"properties":{}},{"type":"Feature","geometry":{"type":"Point","coordinates":[-3.541,43.494]},"properties":{}},{"type":"Feature","geometry":{"type":"Point","coordinates":[-7.026,43.5477]},"properties":{}},{"type":"Feature","geometry":{"type":"Point","coordinates":[-7.0255,43.5477]},"properties":{}},{"type":"Feature","geometry":{"type":"Point","coordinates":[-4.453,43.3948]},"properties":{}},{"type":"Feature","geometry":{"type":"Point","coordinates":[-4.4529,43.3947]},"properties":{}},{"type":"Feature","geometry":{"type":"Point","coordinates":[-4.4529,43.3948]},"properties":{}},{"type":"Feature","geometry":{"type":"Point","coordinates":[-4.4376,43.3961]},"properties":{}},{"type":"Feature","geometry":{"type":"Point","coordinates":[-4.4373,43.3962]},"properties":{}},{"type":"Feature","geometry":{"type":"Point","coordinates":[-4.4379,43.3963]},"properties":{}},{"type":"Feature","geometry":{"type":"Point","coordinates":[-4.4376,43.3961]},"properties":{}},{"type":"Feature","geometry":{"type":"Point","coordinates":[-4.4401,43.3945]},"properties":{}},{"type":"Feature","geometry":{"type":"Point","coordinates":[-4.44,43.3948]},"properties":{}},{"type":"Feature","geometry":{"type":"Point","coordinates":[-4.4399,43.3951]},"properties":{}},{"type":"Feature","geometry":{"type":"Point","coordinates":[-4.4397,43.3954]},"properties":{}},{"type":"Feature","geometry":{"type":"Point","coordinates":[-4.4394,43.3959]},"properties":{}},{"type":"Feature","geometry":{"type":"Point","coordinates":[-4.4398,43.3959]},"properties":{}},{"type":"Feature","geometry":{"type":"Point","coordinates":[-4.4399,43.3958]},"properties":{}},{"type":"Feature","geometry":{"type":"Point","coordinates":[-4.4403,43.3957]},"properties":{}},{"type":"Feature","geometry":{"type":"Point","coordinates":[-4.4403,43.3961]},"properties":{}},{"type":"Feature","geometry":{"type":"Point","coordinates":[-4.4402,43.3966]},"properties":{}},{"type":"Feature","geometry":{"type":"Point","coordinates":[-4.4405,43.3967]},"properties":{}},{"type":"Feature","geometry":{"type":"Point","coordinates":[-4.4411,43.3968]},"properties":{}},{"type":"Feature","geometry":{"type":"Point","coordinates":[-4.4415,43.3971]},"properties":{}},{"type":"Feature","geometry":{"type":"Point","coordinates":[-4.4416,43.3969]},"properties":{}},{"type":"Feature","geometry":{"type":"Point","coordinates":[-4.442,43.3971]},"properties":{}},{"type":"Feature","geometry":{"type":"Point","coordinates":[-4.4422,43.3973]},"properties":{}},{"type":"Feature","geometry":{"type":"Point","coordinates":[-4.4426,43.3974]},"properties":{}},{"type":"Feature","geometry":{"type":"Point","coordinates":[-4.4427,43.3976]},"properties":{}},{"type":"Feature","geometry":{"type":"Point","coordinates":[-4.4428,43.3974]},"properties":{}},{"type":"Feature","geometry":{"type":"Point","coordinates":[-4.4433,43.3977]},"properties":{}},{"type":"Feature","geometry":{"type":"Point","coordinates":[-4.4436,43.3977]},"properties":{}},{"type":"Feature","geometry":{"type":"Point","coordinates":[-4.4437,43.3976]},"properties":{}},{"type":"Feature","geometry":{"type":"Point","coordinates":[-4.4439,43.3976]},"properties":{}},{"type":"Feature","geometry":{"type":"Point","coordinates":[-4.444,43.3976]},"properties":{}},{"type":"Feature","geometry":{"type":"Point","coordinates":[-4.4441,43.3974]},"properties":{}},{"type":"Feature","geometry":{"type":"Point","coordinates":[-4.4442,43.3972]},"properties":{}},{"type":"Feature","geometry":{"type":"Point","coordinates":[-4.4444,43.3971]},"properties":{}},{"type":"Feature","geometry":{"type":"Point","coordinates":[-4.4445,43.3971]},"properties":{}},{"type":"Feature","geometry":{"type":"Point","coordinates":[-4.4447,43.397]},"properties":{}},{"type":"Feature","geometry":{"type":"Point","coordinates":[-4.4449,43.397]},"properties":{}},{"type":"Feature","geometry":{"type":"Point","coordinates":[-4.4451,43.3969]},"properties":{}},{"type":"Feature","geometry":{"type":"Point","coordinates":[-4.4451,43.3966]},"properties":{}},{"type":"Feature","geometry":{"type":"Point","coordinates":[-4.4453,43.3965]},"properties":{}},{"type":"Feature","geometry":{"type":"Point","coordinates":[-4.4454,43.3965]},"properties":{}},{"type":"Feature","geometry":{"type":"Point","coordinates":[-4.4456,43.3962]},"properties":{}},{"type":"Feature","geometry":{"type":"Point","coordinates":[-4.4456,43.3961]},"properties":{}},{"type":"Feature","geometry":{"type":"Point","coordinates":[-4.4455,43.3957]},"properties":{}},{"type":"Feature","geometry":{"type":"Point","coordinates":[-4.4458,43.3957]},"properties":{}},{"type":"Feature","geometry":{"type":"Point","coordinates":[-4.4456,43.3956]},"properties":{}},{"type":"Feature","geometry":{"type":"Point","coordinates":[-4.4457,43.3954]},"properties":{}},{"type":"Feature","geometry":{"type":"Point","coordinates":[-4.4457,43.3951]},"properties":{}},{"type":"Feature","geometry":{"type":"Point","coordinates":[-4.4459,43.3952]},"properties":{}},{"type":"Feature","geometry":{"type":"Point","coordinates":[-4.4461,43.3951]},"properties":{}},{"type":"Feature","geometry":{"type":"Point","coordinates":[-4.4462,43.3954]},"properties":{}},{"type":"Feature","geometry":{"type":"Point","coordinates":[-4.4464,43.3955]},"properties":{}},{"type":"Feature","geometry":{"type":"Point","coordinates":[-4.4466,43.3957]},"properties":{}},{"type":"Feature","geometry":{"type":"Point","coordinates":[-4.4469,43.3957]},"properties":{}},{"type":"Feature","geometry":{"type":"Point","coordinates":[-4.447,43.3958]},"properties":{}},{"type":"Feature","geometry":{"type":"Point","coordinates":[-4.4474,43.396]},"properties":{}},{"type":"Feature","geometry":{"type":"Point","coordinates":[-4.4477,43.3963]},"properties":{}},{"type":"Feature","geometry":{"type":"Point","coordinates":[-4.4482,43.3963]},"properties":{}},{"type":"Feature","geometry":{"type":"Point","coordinates":[-4.4481,43.3961]},"properties":{}},{"type":"Feature","geometry":{"type":"Point","coordinates":[-4.4482,43.3957]},"properties":{}},{"type":"Feature","geometry":{"type":"Point","coordinates":[-4.4486,43.3956]},"properties":{}},{"type":"Feature","geometry":{"type":"Point","coordinates":[-4.4491,43.3956]},"properties":{}},{"type":"Feature","geometry":{"type":"Point","coordinates":[-4.4495,43.3955]},"properties":{}},{"type":"Feature","geometry":{"type":"Point","coordinates":[-4.4498,43.3955]},"properties":{}},{"type":"Feature","geometry":{"type":"Point","coordinates":[-4.4499,43.3953]},"properties":{}},{"type":"Feature","geometry":{"type":"Point","coordinates":[-4.4501,43.395]},"properties":{}},{"type":"Feature","geometry":{"type":"Point","coordinates":[-4.4504,43.3955]},"properties":{}},{"type":"Feature","geometry":{"type":"Point","coordinates":[-4.4505,43.3953]},"properties":{}},{"type":"Feature","geometry":{"type":"Point","coordinates":[-4.4504,43.3951]},"properties":{}},{"type":"Feature","geometry":{"type":"Point","coordinates":[-4.4506,43.3946]},"properties":{}},{"type":"Feature","geometry":{"type":"Point","coordinates":[-4.4507,43.3944]},"properties":{}},{"type":"Feature","geometry":{"type":"Point","coordinates":[-4.4504,43.3939]},"properties":{}},{"type":"Feature","geometry":{"type":"Point","coordinates":[-4.4506,43.3938]},"properties":{}},{"type":"Feature","geometry":{"type":"Point","coordinates":[-4.451,43.3939]},"properties":{}},{"type":"Feature","geometry":{"type":"Point","coordinates":[-4.451,43.3941]},"properties":{}},{"type":"Feature","geometry":{"type":"Point","coordinates":[-4.451,43.3944]},"properties":{}},{"type":"Feature","geometry":{"type":"Point","coordinates":[-4.4512,43.3946]},"properties":{}},{"type":"Feature","geometry":{"type":"Point","coordinates":[-4.4514,43.3951]},"properties":{}},{"type":"Feature","geometry":{"type":"Point","coordinates":[-4.4523,43.3951]},"properties":{}},{"type":"Feature","geometry":{"type":"Point","coordinates":[-4.4528,43.3949]},"properties":{}},{"type":"Feature","geometry":{"type":"Point","coordinates":[-4.4529,43.3947]},"properties":{}},{"type":"Feature","geometry":{"type":"Point","coordinates":[-4.453,43.3948]},"properties":{}},{"type":"Feature","geometry":{"type":"Point","coordinates":[-4.4535,43.395]},"properties":{}},{"type":"Feature","geometry":{"type":"Point","coordinates":[-4.4533,43.3946]},"properties":{}},{"type":"Feature","geometry":{"type":"Point","coordinates":[-4.4536,43.3945]},"properties":{}},{"type":"Feature","geometry":{"type":"Point","coordinates":[-4.4536,43.3945]},"properties":{}},{"type":"Feature","geometry":{"type":"Point","coordinates":[-4.4533,43.3942]},"properties":{}},{"type":"Feature","geometry":{"type":"Point","coordinates":[-4.4535,43.3941]},"properties":{}},{"type":"Feature","geometry":{"type":"Point","coordinates":[-4.4536,43.394]},"properties":{}},{"type":"Feature","geometry":{"type":"Point","coordinates":[-4.4536,43.3937]},"properties":{}},{"type":"Feature","geometry":{"type":"Point","coordinates":[-4.4535,43.3934]},"properties":{}},{"type":"Feature","geometry":{"type":"Point","coordinates":[-4.4533,43.3931]},"properties":{}},{"type":"Feature","geometry":{"type":"Point","coordinates":[-4.4529,43.3927]},"properties":{}},{"type":"Feature","geometry":{"type":"Point","coordinates":[-4.4529,43.3926]},"properties":{}},{"type":"Feature","geometry":{"type":"Point","coordinates":[-6.9651,43.561]},"properties":{}},{"type":"Feature","geometry":{"type":"Point","coordinates":[-6.9676,43.5612]},"properties":{}},{"type":"Feature","geometry":{"type":"Point","coordinates":[-6.9685,43.5616]},"properties":{}},{"type":"Feature","geometry":{"type":"Point","coordinates":[-6.9701,43.561]},"properties":{}},{"type":"Feature","geometry":{"type":"Point","coordinates":[-6.9705,43.5617]},"properties":{}},{"type":"Feature","geometry":{"type":"Point","coordinates":[-6.9709,43.5615]},"properties":{}},{"type":"Feature","geometry":{"type":"Point","coordinates":[-6.971,43.5612]},"properties":{}},{"type":"Feature","geometry":{"type":"Point","coordinates":[-6.9713,43.561]},"properties":{}},{"type":"Feature","geometry":{"type":"Point","coordinates":[-6.9717,43.5605]},"properties":{}},{"type":"Feature","geometry":{"type":"Point","coordinates":[-6.9714,43.5604]},"properties":{}},{"type":"Feature","geometry":{"type":"Point","coordinates":[-6.9709,43.5603]},"properties":{}},{"type":"Feature","geometry":{"type":"Point","coordinates":[-6.9711,43.5601]},"properties":{}},{"type":"Feature","geometry":{"type":"Point","coordinates":[-6.9709,43.5597]},"properties":{}},{"type":"Feature","geometry":{"type":"Point","coordinates":[-6.9714,43.5595]},"properties":{}},{"type":"Feature","geometry":{"type":"Point","coordinates":[-6.9718,43.5596]},"properties":{}},{"type":"Feature","geometry":{"type":"Point","coordinates":[-6.9718,43.5599]},"properties":{}},{"type":"Feature","geometry":{"type":"Point","coordinates":[-6.9723,43.5595]},"properties":{}},{"type":"Feature","geometry":{"type":"Point","coordinates":[-6.9727,43.559]},"properties":{}},{"type":"Feature","geometry":{"type":"Point","coordinates":[-6.973,43.5582]},"properties":{}},{"type":"Feature","geometry":{"type":"Point","coordinates":[-6.9727,43.5582]},"properties":{}},{"type":"Feature","geometry":{"type":"Point","coordinates":[-6.9727,43.5578]},"properties":{}},{"type":"Feature","geometry":{"type":"Point","coordinates":[-6.9728,43.5569]},"properties":{}},{"type":"Feature","geometry":{"type":"Point","coordinates":[-6.9733,43.5566]},"properties":{}},{"type":"Feature","geometry":{"type":"Point","coordinates":[-6.9759,43.5547]},"properties":{}},{"type":"Feature","geometry":{"type":"Point","coordinates":[-6.9764,43.5553]},"properties":{}},{"type":"Feature","geometry":{"type":"Point","coordinates":[-6.9758,43.5561]},"properties":{}},{"type":"Feature","geometry":{"type":"Point","coordinates":[-6.9774,43.5563]},"properties":{}},{"type":"Feature","geometry":{"type":"Point","coordinates":[-6.9785,43.5569]},"properties":{}},{"type":"Feature","geometry":{"type":"Point","coordinates":[-6.9795,43.5574]},"properties":{}},{"type":"Feature","geometry":{"type":"Point","coordinates":[-6.9802,43.558]},"properties":{}},{"type":"Feature","geometry":{"type":"Point","coordinates":[-6.9815,43.5582]},"properties":{}},{"type":"Feature","geometry":{"type":"Point","coordinates":[-6.9822,43.5588]},"properties":{}},{"type":"Feature","geometry":{"type":"Point","coordinates":[-6.9834,43.5577]},"properties":{}},{"type":"Feature","geometry":{"type":"Point","coordinates":[-6.9849,43.556]},"properties":{}},{"type":"Feature","geometry":{"type":"Point","coordinates":[-6.9859,43.5557]},"properties":{}},{"type":"Feature","geometry":{"type":"Point","coordinates":[-6.987,43.555]},"properties":{}},{"type":"Feature","geometry":{"type":"Point","coordinates":[-6.9885,43.5566]},"properties":{}},{"type":"Feature","geometry":{"type":"Point","coordinates":[-6.9893,43.5564]},"properties":{}},{"type":"Feature","geometry":{"type":"Point","coordinates":[-6.9911,43.5553]},"properties":{}},{"type":"Feature","geometry":{"type":"Point","coordinates":[-6.9926,43.5557]},"properties":{}},{"type":"Feature","geometry":{"type":"Point","coordinates":[-6.9931,43.555]},"properties":{}},{"type":"Feature","geometry":{"type":"Point","coordinates":[-6.9927,43.5541]},"properties":{}},{"type":"Feature","geometry":{"type":"Point","coordinates":[-7.004,43.5555]},"properties":{}},{"type":"Feature","geometry":{"type":"Point","coordinates":[-7.0057,43.556]},"properties":{}},{"type":"Feature","geometry":{"type":"Point","coordinates":[-7.0057,43.5553]},"properties":{}},{"type":"Feature","geometry":{"type":"Point","coordinates":[-7.0065,43.5553]},"properties":{}},{"type":"Feature","geometry":{"type":"Point","coordinates":[-7.008,43.5558]},"properties":{}},{"type":"Feature","geometry":{"type":"Point","coordinates":[-7.0089,43.5558]},"properties":{}},{"type":"Feature","geometry":{"type":"Point","coordinates":[-7.0098,43.5567]},"properties":{}},{"type":"Feature","geometry":{"type":"Point","coordinates":[-7.0097,43.5557]},"properties":{}},{"type":"Feature","geometry":{"type":"Point","coordinates":[-7.0107,43.5561]},"properties":{}},{"type":"Feature","geometry":{"type":"Point","coordinates":[-7.0114,43.556]},"properties":{}},{"type":"Feature","geometry":{"type":"Point","coordinates":[-7.0127,43.5562]},"properties":{}},{"type":"Feature","geometry":{"type":"Point","coordinates":[-7.0141,43.556]},"properties":{}},{"type":"Feature","geometry":{"type":"Point","coordinates":[-7.0155,43.5563]},"properties":{}},{"type":"Feature","geometry":{"type":"Point","coordinates":[-7.0169,43.5564]},"properties":{}},{"type":"Feature","geometry":{"type":"Point","coordinates":[-7.0177,43.5563]},"properties":{}},{"type":"Feature","geometry":{"type":"Point","coordinates":[-7.018,43.5568]},"properties":{}},{"type":"Feature","geometry":{"type":"Point","coordinates":[-7.0184,43.5577]},"properties":{}},{"type":"Feature","geometry":{"type":"Point","coordinates":[-7.0177,43.5584]},"properties":{}},{"type":"Feature","geometry":{"type":"Point","coordinates":[-7.0192,43.5589]},"properties":{}},{"type":"Feature","geometry":{"type":"Point","coordinates":[-7.0206,43.5586]},"properties":{}},{"type":"Feature","geometry":{"type":"Point","coordinates":[-7.021,43.5594]},"properties":{}},{"type":"Feature","geometry":{"type":"Point","coordinates":[-7.0233,43.5596]},"properties":{}},{"type":"Feature","geometry":{"type":"Point","coordinates":[-7.0266,43.5395]},"properties":{}},{"type":"Feature","geometry":{"type":"Point","coordinates":[-7.0262,43.5392]},"properties":{}},{"type":"Feature","geometry":{"type":"Point","coordinates":[-7.0238,43.538]},"properties":{}},{"type":"Feature","geometry":{"type":"Point","coordinates":[-7.0236,43.5373]},"properties":{}},{"type":"Feature","geometry":{"type":"Point","coordinates":[-7.0235,43.5372]},"properties":{}},{"type":"Feature","geometry":{"type":"Point","coordinates":[-7.023,43.5362]},"properties":{}},{"type":"Feature","geometry":{"type":"Point","coordinates":[-7.0231,43.5359]},"properties":{}},{"type":"Feature","geometry":{"type":"Point","coordinates":[-7.023,43.5347]},"properties":{}},{"type":"Feature","geometry":{"type":"Point","coordinates":[-6.9953,43.5534]},"properties":{}},{"type":"Feature","geometry":{"type":"Point","coordinates":[-6.9997,43.5539]},"properties":{}},{"type":"Feature","geometry":{"type":"Point","coordinates":[-7.0012,43.5544]},"properties":{}},{"type":"Feature","geometry":{"type":"Point","coordinates":[-7.002,43.5558]},"properties":{}},{"type":"Feature","geometry":{"type":"Point","coordinates":[-7.0031,43.557]},"properties":{}},{"type":"Feature","geometry":{"type":"Point","coordinates":[-7.0045,43.5577]},"properties":{}},{"type":"Feature","geometry":{"type":"Point","coordinates":[-7.0051,43.5574]},"properties":{}},{"type":"Feature","geometry":{"type":"Point","coordinates":[-7.0042,43.5566]},"properties":{}},{"type":"Feature","geometry":{"type":"Point","coordinates":[-7.0034,43.5559]},"properties":{}},{"type":"Feature","geometry":{"type":"Point","coordinates":[-7.0301,43.5447]},"properties":{}},{"type":"Feature","geometry":{"type":"Point","coordinates":[-7.0298,43.5441]},"properties":{}},{"type":"Feature","geometry":{"type":"Point","coordinates":[-7.0302,43.5435]},"properties":{}},{"type":"Feature","geometry":{"type":"Point","coordinates":[-7.03,43.5422]},"properties":{}},{"type":"Feature","geometry":{"type":"Point","coordinates":[-7.0293,43.5408]},"properties":{}},{"type":"Feature","geometry":{"type":"Point","coordinates":[-7.0287,43.5404]},"properties":{}},{"type":"Feature","geometry":{"type":"Point","coordinates":[-7.0275,43.5398]},"properties":{}},{"type":"Feature","geometry":{"type":"Point","coordinates":[-6.96,43.5635]},"properties":{}},{"type":"Feature","geometry":{"type":"Point","coordinates":[-6.9598,43.563]},"properties":{}},{"type":"Feature","geometry":{"type":"Point","coordinates":[-6.9606,43.5629]},"properties":{}},{"type":"Feature","geometry":{"type":"Point","coordinates":[-6.9606,43.5629]},"properties":{}},{"type":"Feature","geometry":{"type":"Point","coordinates":[-6.8762,43.5619]},"properties":{}},{"type":"Feature","geometry":{"type":"Point","coordinates":[-6.8767,43.5615]},"properties":{}},{"type":"Feature","geometry":{"type":"Point","coordinates":[-3.9118,43.473]},"properties":{}},{"type":"Feature","geometry":{"type":"Point","coordinates":[-3.9118,43.4731]},"properties":{}},{"type":"Feature","geometry":{"type":"Point","coordinates":[-3.9117,43.4732]},"properties":{}},{"type":"Feature","geometry":{"type":"Point","coordinates":[-3.9117,43.4733]},"properties":{}},{"type":"Feature","geometry":{"type":"Point","coordinates":[-3.9117,43.4733]},"properties":{}},{"type":"Feature","geometry":{"type":"Point","coordinates":[-3.9117,43.4734]},"properties":{}},{"type":"Feature","geometry":{"type":"Point","coordinates":[-3.9117,43.4735]},"properties":{}},{"type":"Feature","geometry":{"type":"Point","coordinates":[-3.9117,43.4735]},"properties":{}},{"type":"Feature","geometry":{"type":"Point","coordinates":[-3.9117,43.4736]},"properties":{}},{"type":"Feature","geometry":{"type":"Point","coordinates":[-3.9117,43.4736]},"properties":{}},{"type":"Feature","geometry":{"type":"Point","coordinates":[-3.9117,43.4737]},"properties":{}},{"type":"Feature","geometry":{"type":"Point","coordinates":[-3.9117,43.4738]},"properties":{}},{"type":"Feature","geometry":{"type":"Point","coordinates":[-3.9116,43.474]},"properties":{}},{"type":"Feature","geometry":{"type":"Point","coordinates":[-3.9116,43.474]},"properties":{}},{"type":"Feature","geometry":{"type":"Point","coordinates":[-3.9116,43.4741]},"properties":{}},{"type":"Feature","geometry":{"type":"Point","coordinates":[-3.9116,43.4742]},"properties":{}},{"type":"Feature","geometry":{"type":"Point","coordinates":[-3.9116,43.4743]},"properties":{}},{"type":"Feature","geometry":{"type":"Point","coordinates":[-3.9117,43.4743]},"properties":{}},{"type":"Feature","geometry":{"type":"Point","coordinates":[-3.9118,43.4743]},"properties":{}},{"type":"Feature","geometry":{"type":"Point","coordinates":[-3.9119,43.4743]},"properties":{}},{"type":"Feature","geometry":{"type":"Point","coordinates":[-3.912,43.4743]},"properties":{}},{"type":"Feature","geometry":{"type":"Point","coordinates":[-3.9121,43.4743]},"properties":{}},{"type":"Feature","geometry":{"type":"Point","coordinates":[-3.9122,43.4742]},"properties":{}},{"type":"Feature","geometry":{"type":"Point","coordinates":[-3.9122,43.4742]},"properties":{}},{"type":"Feature","geometry":{"type":"Point","coordinates":[-3.9123,43.4742]},"properties":{}},{"type":"Feature","geometry":{"type":"Point","coordinates":[-3.9123,43.4742]},"properties":{}},{"type":"Feature","geometry":{"type":"Point","coordinates":[-3.9124,43.4742]},"properties":{}},{"type":"Feature","geometry":{"type":"Point","coordinates":[-3.9125,43.4742]},"properties":{}},{"type":"Feature","geometry":{"type":"Point","coordinates":[-3.9126,43.4742]},"properties":{}},{"type":"Feature","geometry":{"type":"Point","coordinates":[-3.9127,43.4742]},"properties":{}},{"type":"Feature","geometry":{"type":"Point","coordinates":[-3.9127,43.4741]},"properties":{}},{"type":"Feature","geometry":{"type":"Point","coordinates":[-3.9128,43.4741]},"properties":{}},{"type":"Feature","geometry":{"type":"Point","coordinates":[-3.9128,43.4741]},"properties":{}},{"type":"Feature","geometry":{"type":"Point","coordinates":[-3.9128,43.474]},"properties":{}},{"type":"Feature","geometry":{"type":"Point","coordinates":[-3.9129,43.474]},"properties":{}},{"type":"Feature","geometry":{"type":"Point","coordinates":[-3.913,43.474]},"properties":{}},{"type":"Feature","geometry":{"type":"Point","coordinates":[-3.9131,43.4739]},"properties":{}},{"type":"Feature","geometry":{"type":"Point","coordinates":[-3.9131,43.4739]},"properties":{}},{"type":"Feature","geometry":{"type":"Point","coordinates":[-3.9132,43.4739]},"properties":{}},{"type":"Feature","geometry":{"type":"Point","coordinates":[-3.9133,43.4739]},"properties":{}},{"type":"Feature","geometry":{"type":"Point","coordinates":[-3.9134,43.4739]},"properties":{}},{"type":"Feature","geometry":{"type":"Point","coordinates":[-3.9135,43.4739]},"properties":{}},{"type":"Feature","geometry":{"type":"Point","coordinates":[-3.9135,43.4739]},"properties":{}},{"type":"Feature","geometry":{"type":"Point","coordinates":[-3.9136,43.4739]},"properties":{}},{"type":"Feature","geometry":{"type":"Point","coordinates":[-3.9137,43.4738]},"properties":{}},{"type":"Feature","geometry":{"type":"Point","coordinates":[-3.9139,43.4737]},"properties":{}},{"type":"Feature","geometry":{"type":"Point","coordinates":[-3.9141,43.4737]},"properties":{}},{"type":"Feature","geometry":{"type":"Point","coordinates":[-3.9143,43.4736]},"properties":{}},{"type":"Feature","geometry":{"type":"Point","coordinates":[-3.9145,43.4736]},"properties":{}},{"type":"Feature","geometry":{"type":"Point","coordinates":[-3.9148,43.4737]},"properties":{}},{"type":"Feature","geometry":{"type":"Point","coordinates":[-3.915,43.4737]},"properties":{}},{"type":"Feature","geometry":{"type":"Point","coordinates":[-3.9151,43.4739]},"properties":{}},{"type":"Feature","geometry":{"type":"Point","coordinates":[-3.9154,43.4741]},"properties":{}},{"type":"Feature","geometry":{"type":"Point","coordinates":[-3.9156,43.4744]},"properties":{}},{"type":"Feature","geometry":{"type":"Point","coordinates":[-3.9308,43.4692]},"properties":{}},{"type":"Feature","geometry":{"type":"Point","coordinates":[-3.9325,43.4684]},"properties":{}},{"type":"Feature","geometry":{"type":"Point","coordinates":[-3.8906,43.4727]},"properties":{}},{"type":"Feature","geometry":{"type":"Point","coordinates":[-3.891,43.4722]},"properties":{}},{"type":"Feature","geometry":{"type":"Point","coordinates":[-3.8915,43.4726]},"properties":{}},{"type":"Feature","geometry":{"type":"Point","coordinates":[-3.8915,43.4727]},"properties":{}},{"type":"Feature","geometry":{"type":"Point","coordinates":[-3.8914,43.4728]},"properties":{}},{"type":"Feature","geometry":{"type":"Point","coordinates":[-3.8913,43.4729]},"properties":{}},{"type":"Feature","geometry":{"type":"Point","coordinates":[-3.8912,43.473]},"properties":{}},{"type":"Feature","geometry":{"type":"Point","coordinates":[-3.8909,43.4731]},"properties":{}},{"type":"Feature","geometry":{"type":"Point","coordinates":[-3.8907,43.4731]},"properties":{}},{"type":"Feature","geometry":{"type":"Point","coordinates":[-3.8906,43.4732]},"properties":{}},{"type":"Feature","geometry":{"type":"Point","coordinates":[-3.8906,43.4733]},"properties":{}},{"type":"Feature","geometry":{"type":"Point","coordinates":[-3.8907,43.4733]},"properties":{}},{"type":"Feature","geometry":{"type":"Point","coordinates":[-3.8907,43.4733]},"properties":{}},{"type":"Feature","geometry":{"type":"Point","coordinates":[-3.8908,43.4733]},"properties":{}},{"type":"Feature","geometry":{"type":"Point","coordinates":[-3.8908,43.4734]},"properties":{}},{"type":"Feature","geometry":{"type":"Point","coordinates":[-3.8908,43.4734]},"properties":{}},{"type":"Feature","geometry":{"type":"Point","coordinates":[-3.8909,43.4734]},"properties":{}},{"type":"Feature","geometry":{"type":"Point","coordinates":[-3.891,43.4733]},"properties":{}},{"type":"Feature","geometry":{"type":"Point","coordinates":[-3.891,43.4734]},"properties":{}},{"type":"Feature","geometry":{"type":"Point","coordinates":[-3.8911,43.4734]},"properties":{}},{"type":"Feature","geometry":{"type":"Point","coordinates":[-3.8912,43.4734]},"properties":{}},{"type":"Feature","geometry":{"type":"Point","coordinates":[-3.8914,43.4735]},"properties":{}},{"type":"Feature","geometry":{"type":"Point","coordinates":[-3.8915,43.4735]},"properties":{}},{"type":"Feature","geometry":{"type":"Point","coordinates":[-3.8916,43.4735]},"properties":{}},{"type":"Feature","geometry":{"type":"Point","coordinates":[-3.8916,43.4735]},"properties":{}},{"type":"Feature","geometry":{"type":"Point","coordinates":[-3.8918,43.4735]},"properties":{}},{"type":"Feature","geometry":{"type":"Point","coordinates":[-3.8919,43.4734]},"properties":{}},{"type":"Feature","geometry":{"type":"Point","coordinates":[-3.892,43.4734]},"properties":{}},{"type":"Feature","geometry":{"type":"Point","coordinates":[-3.8921,43.4735]},"properties":{}},{"type":"Feature","geometry":{"type":"Point","coordinates":[-3.8922,43.4735]},"properties":{}},{"type":"Feature","geometry":{"type":"Point","coordinates":[-3.8923,43.4735]},"properties":{}},{"type":"Feature","geometry":{"type":"Point","coordinates":[-3.8924,43.4735]},"properties":{}},{"type":"Feature","geometry":{"type":"Point","coordinates":[-3.8925,43.4737]},"properties":{}},{"type":"Feature","geometry":{"type":"Point","coordinates":[-3.8925,43.4738]},"properties":{}},{"type":"Feature","geometry":{"type":"Point","coordinates":[-3.8925,43.4739]},"properties":{}},{"type":"Feature","geometry":{"type":"Point","coordinates":[-3.8925,43.474]},"properties":{}},{"type":"Feature","geometry":{"type":"Point","coordinates":[-3.8924,43.474]},"properties":{}},{"type":"Feature","geometry":{"type":"Point","coordinates":[-3.8923,43.4741]},"properties":{}},{"type":"Feature","geometry":{"type":"Point","coordinates":[-3.8923,43.4741]},"properties":{}},{"type":"Feature","geometry":{"type":"Point","coordinates":[-3.8923,43.4742]},"properties":{}},{"type":"Feature","geometry":{"type":"Point","coordinates":[-3.8923,43.4743]},"properties":{}},{"type":"Feature","geometry":{"type":"Point","coordinates":[-3.8925,43.4743]},"properties":{}},{"type":"Feature","geometry":{"type":"Point","coordinates":[-3.8925,43.4743]},"properties":{}},{"type":"Feature","geometry":{"type":"Point","coordinates":[-3.8925,43.4742]},"properties":{}},{"type":"Feature","geometry":{"type":"Point","coordinates":[-3.8926,43.4742]},"properties":{}},{"type":"Feature","geometry":{"type":"Point","coordinates":[-3.8926,43.4743]},"properties":{}},{"type":"Feature","geometry":{"type":"Point","coordinates":[-3.8926,43.4743]},"properties":{}},{"type":"Feature","geometry":{"type":"Point","coordinates":[-3.8926,43.4743]},"properties":{}},{"type":"Feature","geometry":{"type":"Point","coordinates":[-3.8926,43.4744]},"properties":{}},{"type":"Feature","geometry":{"type":"Point","coordinates":[-3.8927,43.4745]},"properties":{}},{"type":"Feature","geometry":{"type":"Point","coordinates":[-3.8927,43.4745]},"properties":{}},{"type":"Feature","geometry":{"type":"Point","coordinates":[-3.8927,43.4745]},"properties":{}},{"type":"Feature","geometry":{"type":"Point","coordinates":[-3.8926,43.4746]},"properties":{}},{"type":"Feature","geometry":{"type":"Point","coordinates":[-3.8925,43.4746]},"properties":{}},{"type":"Feature","geometry":{"type":"Point","coordinates":[-3.8925,43.4747]},"properties":{}},{"type":"Feature","geometry":{"type":"Point","coordinates":[-3.8925,43.4747]},"properties":{}},{"type":"Feature","geometry":{"type":"Point","coordinates":[-3.8925,43.4747]},"properties":{}},{"type":"Feature","geometry":{"type":"Point","coordinates":[-3.8924,43.4748]},"properties":{}},{"type":"Feature","geometry":{"type":"Point","coordinates":[-3.8923,43.4748]},"properties":{}},{"type":"Feature","geometry":{"type":"Point","coordinates":[-3.8922,43.4749]},"properties":{}},{"type":"Feature","geometry":{"type":"Point","coordinates":[-3.892,43.4749]},"properties":{}},{"type":"Feature","geometry":{"type":"Point","coordinates":[-3.8919,43.4749]},"properties":{}},{"type":"Feature","geometry":{"type":"Point","coordinates":[-3.8918,43.4749]},"properties":{}},{"type":"Feature","geometry":{"type":"Point","coordinates":[-3.8917,43.4749]},"properties":{}},{"type":"Feature","geometry":{"type":"Point","coordinates":[-3.8916,43.475]},"properties":{}},{"type":"Feature","geometry":{"type":"Point","coordinates":[-3.8915,43.475]},"properties":{}},{"type":"Feature","geometry":{"type":"Point","coordinates":[-3.8914,43.4751]},"properties":{}},{"type":"Feature","geometry":{"type":"Point","coordinates":[-3.8912,43.4752]},"properties":{}},{"type":"Feature","geometry":{"type":"Point","coordinates":[-3.8911,43.4752]},"properties":{}},{"type":"Feature","geometry":{"type":"Point","coordinates":[-3.891,43.4752]},"properties":{}},{"type":"Feature","geometry":{"type":"Point","coordinates":[-3.891,43.4753]},"properties":{}},{"type":"Feature","geometry":{"type":"Point","coordinates":[-3.8911,43.4753]},"properties":{}},{"type":"Feature","geometry":{"type":"Point","coordinates":[-3.8911,43.4754]},"properties":{}},{"type":"Feature","geometry":{"type":"Point","coordinates":[-3.8912,43.4754]},"properties":{}},{"type":"Feature","geometry":{"type":"Point","coordinates":[-3.8913,43.4755]},"properties":{}},{"type":"Feature","geometry":{"type":"Point","coordinates":[-3.8915,43.4754]},"properties":{}},{"type":"Feature","geometry":{"type":"Point","coordinates":[-3.8916,43.4754]},"properties":{}},{"type":"Feature","geometry":{"type":"Point","coordinates":[-3.8917,43.4754]},"properties":{}},{"type":"Feature","geometry":{"type":"Point","coordinates":[-3.8918,43.4753]},"properties":{}},{"type":"Feature","geometry":{"type":"Point","coordinates":[-3.8919,43.4753]},"properties":{}},{"type":"Feature","geometry":{"type":"Point","coordinates":[-3.892,43.4753]},"properties":{}},{"type":"Feature","geometry":{"type":"Point","coordinates":[-3.892,43.4753]},"properties":{}},{"type":"Feature","geometry":{"type":"Point","coordinates":[-3.892,43.4754]},"properties":{}},{"type":"Feature","geometry":{"type":"Point","coordinates":[-3.892,43.4754]},"properties":{}},{"type":"Feature","geometry":{"type":"Point","coordinates":[-3.8919,43.4755]},"properties":{}},{"type":"Feature","geometry":{"type":"Point","coordinates":[-3.8918,43.4755]},"properties":{}},{"type":"Feature","geometry":{"type":"Point","coordinates":[-3.8917,43.4755]},"properties":{}},{"type":"Feature","geometry":{"type":"Point","coordinates":[-3.8916,43.4755]},"properties":{}},{"type":"Feature","geometry":{"type":"Point","coordinates":[-3.8915,43.4756]},"properties":{}},{"type":"Feature","geometry":{"type":"Point","coordinates":[-3.8915,43.4756]},"properties":{}},{"type":"Feature","geometry":{"type":"Point","coordinates":[-3.8914,43.4756]},"properties":{}},{"type":"Feature","geometry":{"type":"Point","coordinates":[-3.8915,43.4757]},"properties":{}},{"type":"Feature","geometry":{"type":"Point","coordinates":[-3.8915,43.4757]},"properties":{}},{"type":"Feature","geometry":{"type":"Point","coordinates":[-3.8916,43.4757]},"properties":{}},{"type":"Feature","geometry":{"type":"Point","coordinates":[-3.8917,43.4757]},"properties":{}},{"type":"Feature","geometry":{"type":"Point","coordinates":[-3.8918,43.4757]},"properties":{}},{"type":"Feature","geometry":{"type":"Point","coordinates":[-3.8919,43.4757]},"properties":{}},{"type":"Feature","geometry":{"type":"Point","coordinates":[-3.8919,43.4757]},"properties":{}},{"type":"Feature","geometry":{"type":"Point","coordinates":[-3.8919,43.4757]},"properties":{}},{"type":"Feature","geometry":{"type":"Point","coordinates":[-3.8919,43.4757]},"properties":{}},{"type":"Feature","geometry":{"type":"Point","coordinates":[-3.8919,43.4758]},"properties":{}},{"type":"Feature","geometry":{"type":"Point","coordinates":[-3.8918,43.4758]},"properties":{}},{"type":"Feature","geometry":{"type":"Point","coordinates":[-3.8917,43.4759]},"properties":{}},{"type":"Feature","geometry":{"type":"Point","coordinates":[-3.8918,43.4759]},"properties":{}},{"type":"Feature","geometry":{"type":"Point","coordinates":[-3.8918,43.476]},"properties":{}},{"type":"Feature","geometry":{"type":"Point","coordinates":[-3.8917,43.476]},"properties":{}},{"type":"Feature","geometry":{"type":"Point","coordinates":[-3.8916,43.476]},"properties":{}},{"type":"Feature","geometry":{"type":"Point","coordinates":[-3.8916,43.4761]},"properties":{}},{"type":"Feature","geometry":{"type":"Point","coordinates":[-3.8916,43.4761]},"properties":{}},{"type":"Feature","geometry":{"type":"Point","coordinates":[-3.8917,43.4762]},"properties":{}},{"type":"Feature","geometry":{"type":"Point","coordinates":[-3.8917,43.4762]},"properties":{}},{"type":"Feature","geometry":{"type":"Point","coordinates":[-3.8916,43.4762]},"properties":{}},{"type":"Feature","geometry":{"type":"Point","coordinates":[-3.8917,43.4763]},"properties":{}},{"type":"Feature","geometry":{"type":"Point","coordinates":[-3.8917,43.4764]},"properties":{}},{"type":"Feature","geometry":{"type":"Point","coordinates":[-3.8918,43.4765]},"properties":{}},{"type":"Feature","geometry":{"type":"Point","coordinates":[-3.8919,43.4766]},"properties":{}},{"type":"Feature","geometry":{"type":"Point","coordinates":[-3.892,43.4767]},"properties":{}},{"type":"Feature","geometry":{"type":"Point","coordinates":[-3.8921,43.4768]},"properties":{}},{"type":"Feature","geometry":{"type":"Point","coordinates":[-3.892,43.4768]},"properties":{}},{"type":"Feature","geometry":{"type":"Point","coordinates":[-3.892,43.4769]},"properties":{}},{"type":"Feature","geometry":{"type":"Point","coordinates":[-3.8921,43.477]},"properties":{}},{"type":"Feature","geometry":{"type":"Point","coordinates":[-3.8923,43.477]},"properties":{}},{"type":"Feature","geometry":{"type":"Point","coordinates":[-3.8924,43.4771]},"properties":{}},{"type":"Feature","geometry":{"type":"Point","coordinates":[-3.8926,43.4771]},"properties":{}},{"type":"Feature","geometry":{"type":"Point","coordinates":[-3.8928,43.4771]},"properties":{}},{"type":"Feature","geometry":{"type":"Point","coordinates":[-3.8929,43.4771]},"properties":{}},{"type":"Feature","geometry":{"type":"Point","coordinates":[-3.893,43.4771]},"properties":{}},{"type":"Feature","geometry":{"type":"Point","coordinates":[-3.8931,43.477]},"properties":{}},{"type":"Feature","geometry":{"type":"Point","coordinates":[-3.8932,43.477]},"properties":{}},{"type":"Feature","geometry":{"type":"Point","coordinates":[-3.8932,43.477]},"properties":{}},{"type":"Feature","geometry":{"type":"Point","coordinates":[-3.8932,43.4769]},"properties":{}},{"type":"Feature","geometry":{"type":"Point","coordinates":[-3.8932,43.4769]},"properties":{}},{"type":"Feature","geometry":{"type":"Point","coordinates":[-3.8932,43.4769]},"properties":{}},{"type":"Feature","geometry":{"type":"Point","coordinates":[-3.8932,43.4769]},"properties":{}},{"type":"Feature","geometry":{"type":"Point","coordinates":[-3.8933,43.4769]},"properties":{}},{"type":"Feature","geometry":{"type":"Point","coordinates":[-3.8934,43.4769]},"properties":{}},{"type":"Feature","geometry":{"type":"Point","coordinates":[-3.8933,43.4769]},"properties":{}},{"type":"Feature","geometry":{"type":"Point","coordinates":[-3.8933,43.4768]},"properties":{}},{"type":"Feature","geometry":{"type":"Point","coordinates":[-3.8934,43.4768]},"properties":{}},{"type":"Feature","geometry":{"type":"Point","coordinates":[-3.8934,43.4768]},"properties":{}},{"type":"Feature","geometry":{"type":"Point","coordinates":[-3.8936,43.4768]},"properties":{}},{"type":"Feature","geometry":{"type":"Point","coordinates":[-3.8938,43.4768]},"properties":{}},{"type":"Feature","geometry":{"type":"Point","coordinates":[-3.894,43.4767]},"properties":{}},{"type":"Feature","geometry":{"type":"Point","coordinates":[-3.8941,43.4767]},"properties":{}},{"type":"Feature","geometry":{"type":"Point","coordinates":[-3.8943,43.4767]},"properties":{}},{"type":"Feature","geometry":{"type":"Point","coordinates":[-3.8943,43.4768]},"properties":{}},{"type":"Feature","geometry":{"type":"Point","coordinates":[-3.8943,43.4768]},"properties":{}},{"type":"Feature","geometry":{"type":"Point","coordinates":[-3.8944,43.4768]},"properties":{}},{"type":"Feature","geometry":{"type":"Point","coordinates":[-3.8944,43.4769]},"properties":{}},{"type":"Feature","geometry":{"type":"Point","coordinates":[-3.8945,43.4769]},"properties":{}},{"type":"Feature","geometry":{"type":"Point","coordinates":[-3.8945,43.4769]},"properties":{}},{"type":"Feature","geometry":{"type":"Point","coordinates":[-3.8946,43.4769]},"properties":{}},{"type":"Feature","geometry":{"type":"Point","coordinates":[-3.8948,43.4768]},"properties":{}},{"type":"Feature","geometry":{"type":"Point","coordinates":[-3.8948,43.4768]},"properties":{}},{"type":"Feature","geometry":{"type":"Point","coordinates":[-3.8949,43.4768]},"properties":{}},{"type":"Feature","geometry":{"type":"Point","coordinates":[-3.8949,43.4767]},"properties":{}},{"type":"Feature","geometry":{"type":"Point","coordinates":[-3.8949,43.4767]},"properties":{}},{"type":"Feature","geometry":{"type":"Point","coordinates":[-3.8949,43.4767]},"properties":{}},{"type":"Feature","geometry":{"type":"Point","coordinates":[-3.895,43.4767]},"properties":{}},{"type":"Feature","geometry":{"type":"Point","coordinates":[-3.8952,43.4767]},"properties":{}},{"type":"Feature","geometry":{"type":"Point","coordinates":[-3.8953,43.4766]},"properties":{}},{"type":"Feature","geometry":{"type":"Point","coordinates":[-3.8955,43.4766]},"properties":{}},{"type":"Feature","geometry":{"type":"Point","coordinates":[-3.8959,43.4765]},"properties":{}},{"type":"Feature","geometry":{"type":"Point","coordinates":[-3.8962,43.4764]},"properties":{}},{"type":"Feature","geometry":{"type":"Point","coordinates":[-3.8963,43.4763]},"properties":{}},{"type":"Feature","geometry":{"type":"Point","coordinates":[-3.8963,43.4764]},"properties":{}},{"type":"Feature","geometry":{"type":"Point","coordinates":[-3.8963,43.4764]},"properties":{}},{"type":"Feature","geometry":{"type":"Point","coordinates":[-3.8961,43.4765]},"properties":{}},{"type":"Feature","geometry":{"type":"Point","coordinates":[-3.896,43.4765]},"properties":{}},{"type":"Feature","geometry":{"type":"Point","coordinates":[-3.8958,43.4766]},"properties":{}},{"type":"Feature","geometry":{"type":"Point","coordinates":[-3.8956,43.4767]},"properties":{}},{"type":"Feature","geometry":{"type":"Point","coordinates":[-3.8955,43.4768]},"properties":{}},{"type":"Feature","geometry":{"type":"Point","coordinates":[-3.8955,43.4768]},"properties":{}},{"type":"Feature","geometry":{"type":"Point","coordinates":[-3.8955,43.4768]},"properties":{}},{"type":"Feature","geometry":{"type":"Point","coordinates":[-3.8955,43.4768]},"properties":{}},{"type":"Feature","geometry":{"type":"Point","coordinates":[-3.8956,43.4768]},"properties":{}},{"type":"Feature","geometry":{"type":"Point","coordinates":[-3.8957,43.4768]},"properties":{}},{"type":"Feature","geometry":{"type":"Point","coordinates":[-3.8958,43.4768]},"properties":{}},{"type":"Feature","geometry":{"type":"Point","coordinates":[-3.8958,43.4768]},"properties":{}},{"type":"Feature","geometry":{"type":"Point","coordinates":[-3.8959,43.4768]},"properties":{}},{"type":"Feature","geometry":{"type":"Point","coordinates":[-3.8959,43.4768]},"properties":{}},{"type":"Feature","geometry":{"type":"Point","coordinates":[-3.8959,43.4767]},"properties":{}},{"type":"Feature","geometry":{"type":"Point","coordinates":[-3.8959,43.4767]},"properties":{}},{"type":"Feature","geometry":{"type":"Point","coordinates":[-3.896,43.4767]},"properties":{}},{"type":"Feature","geometry":{"type":"Point","coordinates":[-3.896,43.4767]},"properties":{}},{"type":"Feature","geometry":{"type":"Point","coordinates":[-3.8961,43.4767]},"properties":{}},{"type":"Feature","geometry":{"type":"Point","coordinates":[-3.8961,43.4767]},"properties":{}},{"type":"Feature","geometry":{"type":"Point","coordinates":[-3.8962,43.4767]},"properties":{}},{"type":"Feature","geometry":{"type":"Point","coordinates":[-3.8962,43.4767]},"properties":{}},{"type":"Feature","geometry":{"type":"Point","coordinates":[-3.8962,43.4766]},"properties":{}},{"type":"Feature","geometry":{"type":"Point","coordinates":[-3.8962,43.4766]},"properties":{}},{"type":"Feature","geometry":{"type":"Point","coordinates":[-3.8962,43.4766]},"properties":{}},{"type":"Feature","geometry":{"type":"Point","coordinates":[-3.8962,43.4766]},"properties":{}},{"type":"Feature","geometry":{"type":"Point","coordinates":[-3.8963,43.4766]},"properties":{}},{"type":"Feature","geometry":{"type":"Point","coordinates":[-3.8963,43.4766]},"properties":{}},{"type":"Feature","geometry":{"type":"Point","coordinates":[-3.8963,43.4766]},"properties":{}},{"type":"Feature","geometry":{"type":"Point","coordinates":[-3.8963,43.4766]},"properties":{}},{"type":"Feature","geometry":{"type":"Point","coordinates":[-3.8964,43.4766]},"properties":{}},{"type":"Feature","geometry":{"type":"Point","coordinates":[-3.8965,43.4766]},"properties":{}},{"type":"Feature","geometry":{"type":"Point","coordinates":[-3.8965,43.4766]},"properties":{}},{"type":"Feature","geometry":{"type":"Point","coordinates":[-3.8965,43.4766]},"properties":{}},{"type":"Feature","geometry":{"type":"Point","coordinates":[-3.8964,43.4766]},"properties":{}},{"type":"Feature","geometry":{"type":"Point","coordinates":[-3.8964,43.4767]},"properties":{}},{"type":"Feature","geometry":{"type":"Point","coordinates":[-3.8964,43.4767]},"properties":{}},{"type":"Feature","geometry":{"type":"Point","coordinates":[-3.8964,43.4768]},"properties":{}},{"type":"Feature","geometry":{"type":"Point","coordinates":[-3.8965,43.4768]},"properties":{}},{"type":"Feature","geometry":{"type":"Point","coordinates":[-3.8965,43.4768]},"properties":{}},{"type":"Feature","geometry":{"type":"Point","coordinates":[-3.8966,43.4768]},"properties":{}},{"type":"Feature","geometry":{"type":"Point","coordinates":[-3.8967,43.4767]},"properties":{}},{"type":"Feature","geometry":{"type":"Point","coordinates":[-3.8968,43.4767]},"properties":{}},{"type":"Feature","geometry":{"type":"Point","coordinates":[-3.8968,43.4767]},"properties":{}},{"type":"Feature","geometry":{"type":"Point","coordinates":[-3.8969,43.4767]},"properties":{}},{"type":"Feature","geometry":{"type":"Point","coordinates":[-3.897,43.4767]},"properties":{}},{"type":"Feature","geometry":{"type":"Point","coordinates":[-3.897,43.4767]},"properties":{}},{"type":"Feature","geometry":{"type":"Point","coordinates":[-3.8969,43.4766]},"properties":{}},{"type":"Feature","geometry":{"type":"Point","coordinates":[-3.8969,43.4766]},"properties":{}},{"type":"Feature","geometry":{"type":"Point","coordinates":[-3.8968,43.4766]},"properties":{}},{"type":"Feature","geometry":{"type":"Point","coordinates":[-3.8968,43.4766]},"properties":{}},{"type":"Feature","geometry":{"type":"Point","coordinates":[-3.8968,43.4766]},"properties":{}},{"type":"Feature","geometry":{"type":"Point","coordinates":[-3.8969,43.4766]},"properties":{}},{"type":"Feature","geometry":{"type":"Point","coordinates":[-3.8969,43.4766]},"properties":{}},{"type":"Feature","geometry":{"type":"Point","coordinates":[-3.8969,43.4766]},"properties":{}},{"type":"Feature","geometry":{"type":"Point","coordinates":[-3.897,43.4766]},"properties":{}},{"type":"Feature","geometry":{"type":"Point","coordinates":[-3.897,43.4767]},"properties":{}},{"type":"Feature","geometry":{"type":"Point","coordinates":[-3.8971,43.4767]},"properties":{}},{"type":"Feature","geometry":{"type":"Point","coordinates":[-3.8971,43.4767]},"properties":{}},{"type":"Feature","geometry":{"type":"Point","coordinates":[-3.8971,43.4766]},"properties":{}},{"type":"Feature","geometry":{"type":"Point","coordinates":[-3.8971,43.4766]},"properties":{}},{"type":"Feature","geometry":{"type":"Point","coordinates":[-3.8971,43.4766]},"properties":{}},{"type":"Feature","geometry":{"type":"Point","coordinates":[-3.8971,43.4766]},"properties":{}},{"type":"Feature","geometry":{"type":"Point","coordinates":[-3.8971,43.4766]},"properties":{}},{"type":"Feature","geometry":{"type":"Point","coordinates":[-3.8971,43.4766]},"properties":{}},{"type":"Feature","geometry":{"type":"Point","coordinates":[-3.8971,43.4766]},"properties":{}},{"type":"Feature","geometry":{"type":"Point","coordinates":[-3.8972,43.4766]},"properties":{}},{"type":"Feature","geometry":{"type":"Point","coordinates":[-3.8972,43.4766]},"properties":{}},{"type":"Feature","geometry":{"type":"Point","coordinates":[-3.8973,43.4766]},"properties":{}},{"type":"Feature","geometry":{"type":"Point","coordinates":[-3.8973,43.4766]},"properties":{}},{"type":"Feature","geometry":{"type":"Point","coordinates":[-3.8973,43.4766]},"properties":{}},{"type":"Feature","geometry":{"type":"Point","coordinates":[-3.8973,43.4766]},"properties":{}},{"type":"Feature","geometry":{"type":"Point","coordinates":[-3.8974,43.4765]},"properties":{}},{"type":"Feature","geometry":{"type":"Point","coordinates":[-3.8973,43.4765]},"properties":{}},{"type":"Feature","geometry":{"type":"Point","coordinates":[-3.8973,43.4765]},"properties":{}},{"type":"Feature","geometry":{"type":"Point","coordinates":[-3.8973,43.4765]},"properties":{}},{"type":"Feature","geometry":{"type":"Point","coordinates":[-3.8973,43.4765]},"properties":{}},{"type":"Feature","geometry":{"type":"Point","coordinates":[-3.8974,43.4765]},"properties":{}},{"type":"Feature","geometry":{"type":"Point","coordinates":[-3.8975,43.4765]},"properties":{}},{"type":"Feature","geometry":{"type":"Point","coordinates":[-3.8976,43.4765]},"properties":{}},{"type":"Feature","geometry":{"type":"Point","coordinates":[-3.8976,43.4765]},"properties":{}},{"type":"Feature","geometry":{"type":"Point","coordinates":[-3.8977,43.4764]},"properties":{}},{"type":"Feature","geometry":{"type":"Point","coordinates":[-3.8979,43.4764]},"properties":{}},{"type":"Feature","geometry":{"type":"Point","coordinates":[-3.8981,43.4763]},"properties":{}},{"type":"Feature","geometry":{"type":"Point","coordinates":[-3.8982,43.4763]},"properties":{}},{"type":"Feature","geometry":{"type":"Point","coordinates":[-3.8982,43.4762]},"properties":{}},{"type":"Feature","geometry":{"type":"Point","coordinates":[-3.8981,43.4762]},"properties":{}},{"type":"Feature","geometry":{"type":"Point","coordinates":[-3.8981,43.4762]},"properties":{}},{"type":"Feature","geometry":{"type":"Point","coordinates":[-3.8981,43.4761]},"properties":{}},{"type":"Feature","geometry":{"type":"Point","coordinates":[-3.8981,43.4761]},"properties":{}},{"type":"Feature","geometry":{"type":"Point","coordinates":[-3.8982,43.4761]},"properties":{}},{"type":"Feature","geometry":{"type":"Point","coordinates":[-3.8982,43.4762]},"properties":{}},{"type":"Feature","geometry":{"type":"Point","coordinates":[-3.8982,43.4762]},"properties":{}},{"type":"Feature","geometry":{"type":"Point","coordinates":[-3.8983,43.4762]},"properties":{}},{"type":"Feature","geometry":{"type":"Point","coordinates":[-3.8985,43.4761]},"properties":{}},{"type":"Feature","geometry":{"type":"Point","coordinates":[-3.8987,43.4761]},"properties":{}},{"type":"Feature","geometry":{"type":"Point","coordinates":[-3.8988,43.4761]},"properties":{}},{"type":"Feature","geometry":{"type":"Point","coordinates":[-3.8989,43.4761]},"properties":{}},{"type":"Feature","geometry":{"type":"Point","coordinates":[-3.899,43.4761]},"properties":{}},{"type":"Feature","geometry":{"type":"Point","coordinates":[-3.8991,43.476]},"properties":{}},{"type":"Feature","geometry":{"type":"Point","coordinates":[-3.8992,43.476]},"properties":{}},{"type":"Feature","geometry":{"type":"Point","coordinates":[-3.8993,43.476]},"properties":{}},{"type":"Feature","geometry":{"type":"Point","coordinates":[-3.8994,43.476]},"properties":{}},{"type":"Feature","geometry":{"type":"Point","coordinates":[-3.8994,43.476]},"properties":{}},{"type":"Feature","geometry":{"type":"Point","coordinates":[-3.8995,43.476]},"properties":{}},{"type":"Feature","geometry":{"type":"Point","coordinates":[-3.8995,43.476]},"properties":{}},{"type":"Feature","geometry":{"type":"Point","coordinates":[-3.8996,43.4759]},"properties":{}},{"type":"Feature","geometry":{"type":"Point","coordinates":[-3.8998,43.4759]},"properties":{}},{"type":"Feature","geometry":{"type":"Point","coordinates":[-3.8999,43.4758]},"properties":{}},{"type":"Feature","geometry":{"type":"Point","coordinates":[-3.8999,43.4758]},"properties":{}},{"type":"Feature","geometry":{"type":"Point","coordinates":[-3.9,43.4758]},"properties":{}},{"type":"Feature","geometry":{"type":"Point","coordinates":[-3.9001,43.4757]},"properties":{}},{"type":"Feature","geometry":{"type":"Point","coordinates":[-3.9002,43.4757]},"properties":{}},{"type":"Feature","geometry":{"type":"Point","coordinates":[-3.9004,43.4756]},"properties":{}},{"type":"Feature","geometry":{"type":"Point","coordinates":[-3.9006,43.4756]},"properties":{}},{"type":"Feature","geometry":{"type":"Point","coordinates":[-3.9007,43.4756]},"properties":{}},{"type":"Feature","geometry":{"type":"Point","coordinates":[-3.9009,43.4755]},"properties":{}},{"type":"Feature","geometry":{"type":"Point","coordinates":[-3.901,43.4754]},"properties":{}},{"type":"Feature","geometry":{"type":"Point","coordinates":[-3.901,43.4754]},"properties":{}},{"type":"Feature","geometry":{"type":"Point","coordinates":[-3.9012,43.4754]},"properties":{}},{"type":"Feature","geometry":{"type":"Point","coordinates":[-3.9013,43.4753]},"properties":{}},{"type":"Feature","geometry":{"type":"Point","coordinates":[-3.9015,43.4752]},"properties":{}},{"type":"Feature","geometry":{"type":"Point","coordinates":[-3.9016,43.4752]},"properties":{}},{"type":"Feature","geometry":{"type":"Point","coordinates":[-3.9016,43.4752]},"properties":{}},{"type":"Feature","geometry":{"type":"Point","coordinates":[-3.9016,43.4751]},"properties":{}},{"type":"Feature","geometry":{"type":"Point","coordinates":[-3.9016,43.4751]},"properties":{}},{"type":"Feature","geometry":{"type":"Point","coordinates":[-3.9016,43.4751]},"properties":{}},{"type":"Feature","geometry":{"type":"Point","coordinates":[-3.9016,43.4751]},"properties":{}},{"type":"Feature","geometry":{"type":"Point","coordinates":[-3.9016,43.4752]},"properties":{}},{"type":"Feature","geometry":{"type":"Point","coordinates":[-3.9017,43.4752]},"properties":{}},{"type":"Feature","geometry":{"type":"Point","coordinates":[-3.9019,43.4752]},"properties":{}},{"type":"Feature","geometry":{"type":"Point","coordinates":[-3.902,43.4751]},"properties":{}},{"type":"Feature","geometry":{"type":"Point","coordinates":[-3.9022,43.475]},"properties":{}},{"type":"Feature","geometry":{"type":"Point","coordinates":[-3.903,43.4747]},"properties":{}},{"type":"Feature","geometry":{"type":"Point","coordinates":[-3.9039,43.4744]},"properties":{}},{"type":"Feature","geometry":{"type":"Point","coordinates":[-3.904,43.4743]},"properties":{}},{"type":"Feature","geometry":{"type":"Point","coordinates":[-3.9043,43.4742]},"properties":{}},{"type":"Feature","geometry":{"type":"Point","coordinates":[-3.9041,43.4744]},"properties":{}},{"type":"Feature","geometry":{"type":"Point","coordinates":[-3.9047,43.4744]},"properties":{}},{"type":"Feature","geometry":{"type":"Point","coordinates":[-3.9051,43.4743]},"properties":{}},{"type":"Feature","geometry":{"type":"Point","coordinates":[-3.905,43.4745]},"properties":{}},{"type":"Feature","geometry":{"type":"Point","coordinates":[-3.9055,43.4744]},"properties":{}},{"type":"Feature","geometry":{"type":"Point","coordinates":[-3.9053,43.4746]},"properties":{}},{"type":"Feature","geometry":{"type":"Point","coordinates":[-3.9058,43.4745]},"properties":{}},{"type":"Feature","geometry":{"type":"Point","coordinates":[-3.9055,43.4748]},"properties":{}},{"type":"Feature","geometry":{"type":"Point","coordinates":[-3.9057,43.4748]},"properties":{}},{"type":"Feature","geometry":{"type":"Point","coordinates":[-3.907,43.4744]},"properties":{}},{"type":"Feature","geometry":{"type":"Point","coordinates":[-3.9083,43.4747]},"properties":{}},{"type":"Feature","geometry":{"type":"Point","coordinates":[-3.9086,43.474]},"properties":{}},{"type":"Feature","geometry":{"type":"Point","coordinates":[-3.9096,43.473]},"properties":{}},{"type":"Feature","geometry":{"type":"Point","coordinates":[-3.9097,43.473]},"properties":{}},{"type":"Feature","geometry":{"type":"Point","coordinates":[-3.9098,43.4729]},"properties":{}},{"type":"Feature","geometry":{"type":"Point","coordinates":[-3.9099,43.4729]},"properties":{}},{"type":"Feature","geometry":{"type":"Point","coordinates":[-3.91,43.4728]},"properties":{}},{"type":"Feature","geometry":{"type":"Point","coordinates":[-3.9101,43.4728]},"properties":{}},{"type":"Feature","geometry":{"type":"Point","coordinates":[-3.9102,43.4728]},"properties":{}},{"type":"Feature","geometry":{"type":"Point","coordinates":[-3.9104,43.4728]},"properties":{}},{"type":"Feature","geometry":{"type":"Point","coordinates":[-3.9107,43.4727]},"properties":{}},{"type":"Feature","geometry":{"type":"Point","coordinates":[-3.9109,43.4727]},"properties":{}},{"type":"Feature","geometry":{"type":"Point","coordinates":[-3.9111,43.4727]},"properties":{}},{"type":"Feature","geometry":{"type":"Point","coordinates":[-3.9112,43.4727]},"properties":{}},{"type":"Feature","geometry":{"type":"Point","coordinates":[-3.9114,43.4728]},"properties":{}},{"type":"Feature","geometry":{"type":"Point","coordinates":[-3.9115,43.4728]},"properties":{}},{"type":"Feature","geometry":{"type":"Point","coordinates":[-3.9117,43.4729]},"properties":{}},{"type":"Feature","geometry":{"type":"Point","coordinates":[-3.9118,43.4729]},"properties":{}},{"type":"Feature","geometry":{"type":"Point","coordinates":[-3.8265,43.4877]},"properties":{}},{"type":"Feature","geometry":{"type":"Point","coordinates":[-3.8281,43.487]},"properties":{}},{"type":"Feature","geometry":{"type":"Point","coordinates":[-3.8287,43.4872]},"properties":{}},{"type":"Feature","geometry":{"type":"Point","coordinates":[-3.8291,43.4877]},"properties":{}},{"type":"Feature","geometry":{"type":"Point","coordinates":[-3.8304,43.487]},"properties":{}},{"type":"Feature","geometry":{"type":"Point","coordinates":[-3.8312,43.4866]},"properties":{}},{"type":"Feature","geometry":{"type":"Point","coordinates":[-3.8323,43.4861]},"properties":{}},{"type":"Feature","geometry":{"type":"Point","coordinates":[-3.8326,43.4853]},"properties":{}},{"type":"Feature","geometry":{"type":"Point","coordinates":[-3.8333,43.4853]},"properties":{}},{"type":"Feature","geometry":{"type":"Point","coordinates":[-3.8336,43.485]},"properties":{}},{"type":"Feature","geometry":{"type":"Point","coordinates":[-3.8328,43.484]},"properties":{}},{"type":"Feature","geometry":{"type":"Point","coordinates":[-3.8327,43.4837]},"properties":{}},{"type":"Feature","geometry":{"type":"Point","coordinates":[-3.8339,43.4829]},"properties":{}},{"type":"Feature","geometry":{"type":"Point","coordinates":[-3.8349,43.4818]},"properties":{}},{"type":"Feature","geometry":{"type":"Point","coordinates":[-3.8356,43.4821]},"properties":{}},{"type":"Feature","geometry":{"type":"Point","coordinates":[-3.8363,43.4828]},"properties":{}},{"type":"Feature","geometry":{"type":"Point","coordinates":[-3.8375,43.482]},"properties":{}},{"type":"Feature","geometry":{"type":"Point","coordinates":[-3.8363,43.4813]},"properties":{}},{"type":"Feature","geometry":{"type":"Point","coordinates":[-3.8355,43.4808]},"properties":{}},{"type":"Feature","geometry":{"type":"Point","coordinates":[-3.8371,43.4793]},"properties":{}},{"type":"Feature","geometry":{"type":"Point","coordinates":[-3.8392,43.4777]},"properties":{}},{"type":"Feature","geometry":{"type":"Point","coordinates":[-3.84,43.4773]},"properties":{}},{"type":"Feature","geometry":{"type":"Point","coordinates":[-3.8405,43.477]},"properties":{}},{"type":"Feature","geometry":{"type":"Point","coordinates":[-3.8407,43.4776]},"properties":{}},{"type":"Feature","geometry":{"type":"Point","coordinates":[-3.8392,43.4785]},"properties":{}},{"type":"Feature","geometry":{"type":"Point","coordinates":[-3.8918,43.4741]},"properties":{}},{"type":"Feature","geometry":{"type":"Point","coordinates":[-3.8917,43.4741]},"properties":{}},{"type":"Feature","geometry":{"type":"Point","coordinates":[-3.8917,43.4742]},"properties":{}},{"type":"Feature","geometry":{"type":"Point","coordinates":[-3.8917,43.4742]},"properties":{}},{"type":"Feature","geometry":{"type":"Point","coordinates":[-3.8918,43.4742]},"properties":{}},{"type":"Feature","geometry":{"type":"Point","coordinates":[-3.8919,43.4742]},"properties":{}},{"type":"Feature","geometry":{"type":"Point","coordinates":[-3.8919,43.4742]},"properties":{}},{"type":"Feature","geometry":{"type":"Point","coordinates":[-3.892,43.4742]},"properties":{}},{"type":"Feature","geometry":{"type":"Point","coordinates":[-3.8921,43.4742]},"properties":{}},{"type":"Feature","geometry":{"type":"Point","coordinates":[-3.8921,43.4742]},"properties":{}},{"type":"Feature","geometry":{"type":"Point","coordinates":[-3.8922,43.4741]},"properties":{}},{"type":"Feature","geometry":{"type":"Point","coordinates":[-3.8922,43.4741]},"properties":{}},{"type":"Feature","geometry":{"type":"Point","coordinates":[-3.8922,43.4741]},"properties":{}},{"type":"Feature","geometry":{"type":"Point","coordinates":[-3.8922,43.474]},"properties":{}},{"type":"Feature","geometry":{"type":"Point","coordinates":[-3.8922,43.474]},"properties":{}},{"type":"Feature","geometry":{"type":"Point","coordinates":[-3.8922,43.4739]},"properties":{}},{"type":"Feature","geometry":{"type":"Point","coordinates":[-3.8921,43.4739]},"properties":{}},{"type":"Feature","geometry":{"type":"Point","coordinates":[-3.892,43.474]},"properties":{}},{"type":"Feature","geometry":{"type":"Point","coordinates":[-3.8919,43.474]},"properties":{}},{"type":"Feature","geometry":{"type":"Point","coordinates":[-3.9362,43.4697]},"properties":{}},{"type":"Feature","geometry":{"type":"Point","coordinates":[-3.9362,43.4699]},"properties":{}},{"type":"Feature","geometry":{"type":"Point","coordinates":[-3.9362,43.47]},"properties":{}},{"type":"Feature","geometry":{"type":"Point","coordinates":[-3.9363,43.47]},"properties":{}},{"type":"Feature","geometry":{"type":"Point","coordinates":[-3.9363,43.4701]},"properties":{}},{"type":"Feature","geometry":{"type":"Point","coordinates":[-3.9365,43.47]},"properties":{}},{"type":"Feature","geometry":{"type":"Point","coordinates":[-3.9367,43.47]},"properties":{}},{"type":"Feature","geometry":{"type":"Point","coordinates":[-3.9368,43.4699]},"properties":{}},{"type":"Feature","geometry":{"type":"Point","coordinates":[-3.9369,43.47]},"properties":{}},{"type":"Feature","geometry":{"type":"Point","coordinates":[-3.9371,43.47]},"properties":{}},{"type":"Feature","geometry":{"type":"Point","coordinates":[-3.9371,43.4699]},"properties":{}},{"type":"Feature","geometry":{"type":"Point","coordinates":[-3.9371,43.4699]},"properties":{}},{"type":"Feature","geometry":{"type":"Point","coordinates":[-3.9371,43.4698]},"properties":{}},{"type":"Feature","geometry":{"type":"Point","coordinates":[-3.9371,43.4698]},"properties":{}},{"type":"Feature","geometry":{"type":"Point","coordinates":[-3.9372,43.4698]},"properties":{}},{"type":"Feature","geometry":{"type":"Point","coordinates":[-3.9373,43.4698]},"properties":{}},{"type":"Feature","geometry":{"type":"Point","coordinates":[-3.9374,43.4699]},"properties":{}},{"type":"Feature","geometry":{"type":"Point","coordinates":[-3.9376,43.4699]},"properties":{}},{"type":"Feature","geometry":{"type":"Point","coordinates":[-3.938,43.4699]},"properties":{}},{"type":"Feature","geometry":{"type":"Point","coordinates":[-3.9381,43.47]},"properties":{}},{"type":"Feature","geometry":{"type":"Point","coordinates":[-3.9384,43.47]},"properties":{}},{"type":"Feature","geometry":{"type":"Point","coordinates":[-3.9388,43.4699]},"properties":{}},{"type":"Feature","geometry":{"type":"Point","coordinates":[-3.9391,43.4698]},"properties":{}},{"type":"Feature","geometry":{"type":"Point","coordinates":[-3.9394,43.4697]},"properties":{}},{"type":"Feature","geometry":{"type":"Point","coordinates":[-3.9399,43.4696]},"properties":{}},{"type":"Feature","geometry":{"type":"Point","coordinates":[-3.9403,43.4696]},"properties":{}},{"type":"Feature","geometry":{"type":"Point","coordinates":[-3.9405,43.4696]},"properties":{}},{"type":"Feature","geometry":{"type":"Point","coordinates":[-3.941,43.4696]},"properties":{}},{"type":"Feature","geometry":{"type":"Point","coordinates":[-3.9417,43.4696]},"properties":{}},{"type":"Feature","geometry":{"type":"Point","coordinates":[-3.9423,43.4695]},"properties":{}},{"type":"Feature","geometry":{"type":"Point","coordinates":[-3.9429,43.4694]},"properties":{}},{"type":"Feature","geometry":{"type":"Point","coordinates":[-3.9433,43.4695]},"properties":{}},{"type":"Feature","geometry":{"type":"Point","coordinates":[-3.9437,43.4698]},"properties":{}},{"type":"Feature","geometry":{"type":"Point","coordinates":[-3.9433,43.4701]},"properties":{}},{"type":"Feature","geometry":{"type":"Point","coordinates":[-3.8763,43.4781]},"properties":{}},{"type":"Feature","geometry":{"type":"Point","coordinates":[-3.8754,43.4799]},"properties":{}},{"type":"Feature","geometry":{"type":"Point","coordinates":[-3.8787,43.4804]},"properties":{}},{"type":"Feature","geometry":{"type":"Point","coordinates":[-3.8796,43.4785]},"properties":{}},{"type":"Feature","geometry":{"type":"Point","coordinates":[-3.8786,43.4775]},"properties":{}},{"type":"Feature","geometry":{"type":"Point","coordinates":[-3.8771,43.4775]},"properties":{}},{"type":"Feature","geometry":{"type":"Point","coordinates":[-3.8765,43.4777]},"properties":{}},{"type":"Feature","geometry":{"type":"Point","coordinates":[-3.8765,43.478]},"properties":{}},{"type":"Feature","geometry":{"type":"Point","coordinates":[-3.8392,43.4785]},"properties":{}},{"type":"Feature","geometry":{"type":"Point","coordinates":[-3.8377,43.4798]},"properties":{}},{"type":"Feature","geometry":{"type":"Point","coordinates":[-3.8387,43.4791]},"properties":{}},{"type":"Feature","geometry":{"type":"Point","coordinates":[-3.839,43.4797]},"properties":{}},{"type":"Feature","geometry":{"type":"Point","coordinates":[-3.8392,43.4809]},"properties":{}},{"type":"Feature","geometry":{"type":"Point","coordinates":[-3.8406,43.4817]},"properties":{}},{"type":"Feature","geometry":{"type":"Point","coordinates":[-3.8428,43.4838]},"properties":{}},{"type":"Feature","geometry":{"type":"Point","coordinates":[-3.8445,43.4836]},"properties":{}},{"type":"Feature","geometry":{"type":"Point","coordinates":[-3.8456,43.4825]},"properties":{}},{"type":"Feature","geometry":{"type":"Point","coordinates":[-3.8479,43.4811]},"properties":{}},{"type":"Feature","geometry":{"type":"Point","coordinates":[-3.8508,43.4794]},"properties":{}},{"type":"Feature","geometry":{"type":"Point","coordinates":[-3.852,43.4793]},"properties":{}},{"type":"Feature","geometry":{"type":"Point","coordinates":[-3.853,43.4791]},"properties":{}},{"type":"Feature","geometry":{"type":"Point","coordinates":[-3.8561,43.4779]},"properties":{}},{"type":"Feature","geometry":{"type":"Point","coordinates":[-3.8596,43.477]},"properties":{}},{"type":"Feature","geometry":{"type":"Point","coordinates":[-3.8621,43.4757]},"properties":{}},{"type":"Feature","geometry":{"type":"Point","coordinates":[-3.8643,43.4758]},"properties":{}},{"type":"Feature","geometry":{"type":"Point","coordinates":[-3.8663,43.4758]},"properties":{}},{"type":"Feature","geometry":{"type":"Point","coordinates":[-3.8659,43.4769]},"properties":{}},{"type":"Feature","geometry":{"type":"Point","coordinates":[-3.8689,43.4767]},"properties":{}},{"type":"Feature","geometry":{"type":"Point","coordinates":[-3.8729,43.477]},"properties":{}},{"type":"Feature","geometry":{"type":"Point","coordinates":[-3.8748,43.477]},"properties":{}},{"type":"Feature","geometry":{"type":"Point","coordinates":[-3.8754,43.477]},"properties":{}},{"type":"Feature","geometry":{"type":"Point","coordinates":[-3.8759,43.477]},"properties":{}},{"type":"Feature","geometry":{"type":"Point","coordinates":[-3.8762,43.4767]},"properties":{}},{"type":"Feature","geometry":{"type":"Point","coordinates":[-3.8768,43.4762]},"properties":{}},{"type":"Feature","geometry":{"type":"Point","coordinates":[-3.8767,43.4768]},"properties":{}},{"type":"Feature","geometry":{"type":"Point","coordinates":[-3.8769,43.4772]},"properties":{}},{"type":"Feature","geometry":{"type":"Point","coordinates":[-3.8783,43.477]},"properties":{}},{"type":"Feature","geometry":{"type":"Point","coordinates":[-3.8814,43.4769]},"properties":{}},{"type":"Feature","geometry":{"type":"Point","coordinates":[-3.8833,43.476]},"properties":{}},{"type":"Feature","geometry":{"type":"Point","coordinates":[-3.7867,43.4812]},"properties":{}},{"type":"Feature","geometry":{"type":"Point","coordinates":[-3.7864,43.4813]},"properties":{}},{"type":"Feature","geometry":{"type":"Point","coordinates":[-3.7865,43.4816]},"properties":{}},{"type":"Feature","geometry":{"type":"Point","coordinates":[-3.7863,43.482]},"properties":{}},{"type":"Feature","geometry":{"type":"Point","coordinates":[-3.7855,43.4826]},"properties":{}},{"type":"Feature","geometry":{"type":"Point","coordinates":[-3.7848,43.483]},"properties":{}},{"type":"Feature","geometry":{"type":"Point","coordinates":[-3.7847,43.4833]},"properties":{}},{"type":"Feature","geometry":{"type":"Point","coordinates":[-3.7846,43.4839]},"properties":{}},{"type":"Feature","geometry":{"type":"Point","coordinates":[-3.7822,43.4841]},"properties":{}},{"type":"Feature","geometry":{"type":"Point","coordinates":[-3.779,43.4853]},"properties":{}},{"type":"Feature","geometry":{"type":"Point","coordinates":[-3.7786,43.4859]},"properties":{}},{"type":"Feature","geometry":{"type":"Point","coordinates":[-3.78,43.4858]},"properties":{}},{"type":"Feature","geometry":{"type":"Point","coordinates":[-3.7809,43.486]},"properties":{}},{"type":"Feature","geometry":{"type":"Point","coordinates":[-3.7817,43.4862]},"properties":{}},{"type":"Feature","geometry":{"type":"Point","coordinates":[-3.7828,43.4863]},"properties":{}},{"type":"Feature","geometry":{"type":"Point","coordinates":[-3.7843,43.4861]},"properties":{}},{"type":"Feature","geometry":{"type":"Point","coordinates":[-3.7844,43.4862]},"properties":{}},{"type":"Feature","geometry":{"type":"Point","coordinates":[-3.7853,43.4862]},"properties":{}},{"type":"Feature","geometry":{"type":"Point","coordinates":[-3.7874,43.4856]},"properties":{}},{"type":"Feature","geometry":{"type":"Point","coordinates":[-3.7876,43.4869]},"properties":{}},{"type":"Feature","geometry":{"type":"Point","coordinates":[-3.7863,43.4878]},"properties":{}},{"type":"Feature","geometry":{"type":"Point","coordinates":[-3.7859,43.4888]},"properties":{}},{"type":"Feature","geometry":{"type":"Point","coordinates":[-3.7856,43.4901]},"properties":{}},{"type":"Feature","geometry":{"type":"Point","coordinates":[-3.7864,43.4901]},"properties":{}},{"type":"Feature","geometry":{"type":"Point","coordinates":[-3.7857,43.4911]},"properties":{}},{"type":"Feature","geometry":{"type":"Point","coordinates":[-3.7852,43.4916]},"properties":{}},{"type":"Feature","geometry":{"type":"Point","coordinates":[-3.7863,43.4913]},"properties":{}},{"type":"Feature","geometry":{"type":"Point","coordinates":[-3.7868,43.4915]},"properties":{}},{"type":"Feature","geometry":{"type":"Point","coordinates":[-3.7882,43.4912]},"properties":{}},{"type":"Feature","geometry":{"type":"Point","coordinates":[-3.7888,43.4913]},"properties":{}},{"type":"Feature","geometry":{"type":"Point","coordinates":[-3.79,43.4909]},"properties":{}},{"type":"Feature","geometry":{"type":"Point","coordinates":[-3.7904,43.4911]},"properties":{}},{"type":"Feature","geometry":{"type":"Point","coordinates":[-3.791,43.4913]},"properties":{}},{"type":"Feature","geometry":{"type":"Point","coordinates":[-3.7914,43.4915]},"properties":{}},{"type":"Feature","geometry":{"type":"Point","coordinates":[-3.792,43.4912]},"properties":{}},{"type":"Feature","geometry":{"type":"Point","coordinates":[-3.7923,43.4915]},"properties":{}},{"type":"Feature","geometry":{"type":"Point","coordinates":[-3.7931,43.4917]},"properties":{}},{"type":"Feature","geometry":{"type":"Point","coordinates":[-3.7933,43.4922]},"properties":{}},{"type":"Feature","geometry":{"type":"Point","coordinates":[-3.7939,43.4919]},"properties":{}},{"type":"Feature","geometry":{"type":"Point","coordinates":[-3.7943,43.4921]},"properties":{}},{"type":"Feature","geometry":{"type":"Point","coordinates":[-3.7949,43.4922]},"properties":{}},{"type":"Feature","geometry":{"type":"Point","coordinates":[-3.7957,43.4923]},"properties":{}},{"type":"Feature","geometry":{"type":"Point","coordinates":[-3.7963,43.4924]},"properties":{}},{"type":"Feature","geometry":{"type":"Point","coordinates":[-3.7972,43.4921]},"properties":{}},{"type":"Feature","geometry":{"type":"Point","coordinates":[-3.7978,43.4923]},"properties":{}},{"type":"Feature","geometry":{"type":"Point","coordinates":[-3.7987,43.4921]},"properties":{}},{"type":"Feature","geometry":{"type":"Point","coordinates":[-3.8003,43.4922]},"properties":{}},{"type":"Feature","geometry":{"type":"Point","coordinates":[-3.8026,43.4921]},"properties":{}},{"type":"Feature","geometry":{"type":"Point","coordinates":[-3.8055,43.4933]},"properties":{}},{"type":"Feature","geometry":{"type":"Point","coordinates":[-3.8059,43.4936]},"properties":{}},{"type":"Feature","geometry":{"type":"Point","coordinates":[-3.8067,43.4932]},"properties":{}},{"type":"Feature","geometry":{"type":"Point","coordinates":[-3.8071,43.4933]},"properties":{}},{"type":"Feature","geometry":{"type":"Point","coordinates":[-3.8072,43.4933]},"properties":{}},{"type":"Feature","geometry":{"type":"Point","coordinates":[-3.8073,43.4934]},"properties":{}},{"type":"Feature","geometry":{"type":"Point","coordinates":[-3.8074,43.4935]},"properties":{}},{"type":"Feature","geometry":{"type":"Point","coordinates":[-3.8075,43.4936]},"properties":{}},{"type":"Feature","geometry":{"type":"Point","coordinates":[-3.8077,43.4936]},"properties":{}},{"type":"Feature","geometry":{"type":"Point","coordinates":[-3.8078,43.4937]},"properties":{}},{"type":"Feature","geometry":{"type":"Point","coordinates":[-3.8089,43.4942]},"properties":{}},{"type":"Feature","geometry":{"type":"Point","coordinates":[-3.8094,43.4942]},"properties":{}},{"type":"Feature","geometry":{"type":"Point","coordinates":[-3.8108,43.494]},"properties":{}},{"type":"Feature","geometry":{"type":"Point","coordinates":[-3.8113,43.4947]},"properties":{}},{"type":"Feature","geometry":{"type":"Point","coordinates":[-3.8119,43.4947]},"properties":{}},{"type":"Feature","geometry":{"type":"Point","coordinates":[-3.8119,43.4943]},"properties":{}},{"type":"Feature","geometry":{"type":"Point","coordinates":[-3.813,43.4939]},"properties":{}},{"type":"Feature","geometry":{"type":"Point","coordinates":[-3.8135,43.4932]},"properties":{}},{"type":"Feature","geometry":{"type":"Point","coordinates":[-3.8149,43.4929]},"properties":{}},{"type":"Feature","geometry":{"type":"Point","coordinates":[-3.8159,43.4932]},"properties":{}},{"type":"Feature","geometry":{"type":"Point","coordinates":[-3.8178,43.493]},"properties":{}},{"type":"Feature","geometry":{"type":"Point","coordinates":[-3.8186,43.4927]},"properties":{}},{"type":"Feature","geometry":{"type":"Point","coordinates":[-3.82,43.4917]},"properties":{}},{"type":"Feature","geometry":{"type":"Point","coordinates":[-3.8198,43.4906]},"properties":{}},{"type":"Feature","geometry":{"type":"Point","coordinates":[-3.8219,43.4906]},"properties":{}},{"type":"Feature","geometry":{"type":"Point","coordinates":[-3.8229,43.4904]},"properties":{}},{"type":"Feature","geometry":{"type":"Point","coordinates":[-3.8238,43.4904]},"properties":{}},{"type":"Feature","geometry":{"type":"Point","coordinates":[-3.8246,43.4907]},"properties":{}},{"type":"Feature","geometry":{"type":"Point","coordinates":[-3.826,43.4904]},"properties":{}},{"type":"Feature","geometry":{"type":"Point","coordinates":[-3.8267,43.4888]},"properties":{}},{"type":"Feature","geometry":{"type":"Point","coordinates":[-3.8262,43.4881]},"properties":{}},{"type":"Feature","geometry":{"type":"Point","coordinates":[-3.6735,43.485]},"properties":{}},{"type":"Feature","geometry":{"type":"Point","coordinates":[-3.6748,43.4834]},"properties":{}},{"type":"Feature","geometry":{"type":"Point","coordinates":[-3.6755,43.4829]},"properties":{}},{"type":"Feature","geometry":{"type":"Point","coordinates":[-3.6766,43.4821]},"properties":{}},{"type":"Feature","geometry":{"type":"Point","coordinates":[-3.6758,43.4815]},"properties":{}},{"type":"Feature","geometry":{"type":"Point","coordinates":[-3.7749,43.4575]},"properties":{}},{"type":"Feature","geometry":{"type":"Point","coordinates":[-3.7741,43.4579]},"properties":{}},{"type":"Feature","geometry":{"type":"Point","coordinates":[-3.773,43.4579]},"properties":{}},{"type":"Feature","geometry":{"type":"Point","coordinates":[-3.7719,43.4575]},"properties":{}},{"type":"Feature","geometry":{"type":"Point","coordinates":[-3.7713,43.4576]},"properties":{}},{"type":"Feature","geometry":{"type":"Point","coordinates":[-3.7708,43.4576]},"properties":{}},{"type":"Feature","geometry":{"type":"Point","coordinates":[-3.7706,43.4576]},"properties":{}},{"type":"Feature","geometry":{"type":"Point","coordinates":[-3.7703,43.4575]},"properties":{}},{"type":"Feature","geometry":{"type":"Point","coordinates":[-3.7699,43.4575]},"properties":{}},{"type":"Feature","geometry":{"type":"Point","coordinates":[-3.7695,43.4574]},"properties":{}},{"type":"Feature","geometry":{"type":"Point","coordinates":[-3.7692,43.4574]},"properties":{}},{"type":"Feature","geometry":{"type":"Point","coordinates":[-3.7689,43.4573]},"properties":{}},{"type":"Feature","geometry":{"type":"Point","coordinates":[-3.7684,43.4571]},"properties":{}},{"type":"Feature","geometry":{"type":"Point","coordinates":[-3.768,43.4569]},"properties":{}},{"type":"Feature","geometry":{"type":"Point","coordinates":[-3.7674,43.4567]},"properties":{}},{"type":"Feature","geometry":{"type":"Point","coordinates":[-3.767,43.4565]},"properties":{}},{"type":"Feature","geometry":{"type":"Point","coordinates":[-3.7661,43.4561]},"properties":{}},{"type":"Feature","geometry":{"type":"Point","coordinates":[-3.7651,43.4558]},"properties":{}},{"type":"Feature","geometry":{"type":"Point","coordinates":[-3.7645,43.4558]},"properties":{}},{"type":"Feature","geometry":{"type":"Point","coordinates":[-3.7641,43.4557]},"properties":{}},{"type":"Feature","geometry":{"type":"Point","coordinates":[-3.7638,43.4558]},"properties":{}},{"type":"Feature","geometry":{"type":"Point","coordinates":[-3.763,43.4556]},"properties":{}},{"type":"Feature","geometry":{"type":"Point","coordinates":[-3.7613,43.4551]},"properties":{}},{"type":"Feature","geometry":{"type":"Point","coordinates":[-3.76,43.4548]},"properties":{}},{"type":"Feature","geometry":{"type":"Point","coordinates":[-3.7592,43.4545]},"properties":{}},{"type":"Feature","geometry":{"type":"Point","coordinates":[-3.7583,43.4544]},"properties":{}},{"type":"Feature","geometry":{"type":"Point","coordinates":[-3.7572,43.4542]},"properties":{}},{"type":"Feature","geometry":{"type":"Point","coordinates":[-3.7537,43.4534]},"properties":{}},{"type":"Feature","geometry":{"type":"Point","coordinates":[-3.7522,43.4538]},"properties":{}},{"type":"Feature","geometry":{"type":"Point","coordinates":[-3.7493,43.4536]},"properties":{}},{"type":"Feature","geometry":{"type":"Point","coordinates":[-3.7479,43.4526]},"properties":{}},{"type":"Feature","geometry":{"type":"Point","coordinates":[-3.7487,43.4525]},"properties":{}},{"type":"Feature","geometry":{"type":"Point","coordinates":[-3.7496,43.4523]},"properties":{}},{"type":"Feature","geometry":{"type":"Point","coordinates":[-3.7497,43.4519]},"properties":{}},{"type":"Feature","geometry":{"type":"Point","coordinates":[-3.7493,43.4521]},"properties":{}},{"type":"Feature","geometry":{"type":"Point","coordinates":[-3.7492,43.4517]},"properties":{}},{"type":"Feature","geometry":{"type":"Point","coordinates":[-3.7486,43.4515]},"properties":{}},{"type":"Feature","geometry":{"type":"Point","coordinates":[-3.7482,43.4516]},"properties":{}},{"type":"Feature","geometry":{"type":"Point","coordinates":[-3.7484,43.4514]},"properties":{}},{"type":"Feature","geometry":{"type":"Point","coordinates":[-3.2217,43.3851]},"properties":{}},{"type":"Feature","geometry":{"type":"Point","coordinates":[-3.2235,43.3851]},"properties":{}},{"type":"Feature","geometry":{"type":"Point","coordinates":[-3.2235,43.3854]},"properties":{}},{"type":"Feature","geometry":{"type":"Point","coordinates":[-3.2237,43.3854]},"properties":{}},{"type":"Feature","geometry":{"type":"Point","coordinates":[-3.2242,43.3852]},"properties":{}},{"type":"Feature","geometry":{"type":"Point","coordinates":[-3.226,43.387]},"properties":{}},{"type":"Feature","geometry":{"type":"Point","coordinates":[-3.2259,43.3893]},"properties":{}},{"type":"Feature","geometry":{"type":"Point","coordinates":[-3.2256,43.3893]},"properties":{}},{"type":"Feature","geometry":{"type":"Point","coordinates":[-3.2253,43.3896]},"properties":{}},{"type":"Feature","geometry":{"type":"Point","coordinates":[-3.225,43.3895]},"properties":{}},{"type":"Feature","geometry":{"type":"Point","coordinates":[-3.225,43.3894]},"properties":{}},{"type":"Feature","geometry":{"type":"Point","coordinates":[-3.2247,43.3894]},"properties":{}},{"type":"Feature","geometry":{"type":"Point","coordinates":[-3.2246,43.3893]},"properties":{}},{"type":"Feature","geometry":{"type":"Point","coordinates":[-3.2241,43.3893]},"properties":{}},{"type":"Feature","geometry":{"type":"Point","coordinates":[-3.3129,43.4035]},"properties":{}},{"type":"Feature","geometry":{"type":"Point","coordinates":[-3.3156,43.4023]},"properties":{}},{"type":"Feature","geometry":{"type":"Point","coordinates":[-3.317,43.3982]},"properties":{}},{"type":"Feature","geometry":{"type":"Point","coordinates":[-3.3261,43.4059]},"properties":{}},{"type":"Feature","geometry":{"type":"Point","coordinates":[-3.3255,43.4068]},"properties":{}},{"type":"Feature","geometry":{"type":"Point","coordinates":[-3.3249,43.4076]},"properties":{}},{"type":"Feature","geometry":{"type":"Point","coordinates":[-3.3252,43.4089]},"properties":{}},{"type":"Feature","geometry":{"type":"Point","coordinates":[-3.3268,43.4144]},"properties":{}},{"type":"Feature","geometry":{"type":"Point","coordinates":[-3.3258,43.4153]},"properties":{}},{"type":"Feature","geometry":{"type":"Point","coordinates":[-3.3253,43.4159]},"properties":{}},{"type":"Feature","geometry":{"type":"Point","coordinates":[-3.3248,43.4165]},"properties":{}},{"type":"Feature","geometry":{"type":"Point","coordinates":[-3.323,43.418]},"properties":{}},{"type":"Feature","geometry":{"type":"Point","coordinates":[-3.3237,43.4189]},"properties":{}},{"type":"Feature","geometry":{"type":"Point","coordinates":[-3.3249,43.4179]},"properties":{}},{"type":"Feature","geometry":{"type":"Point","coordinates":[-3.3256,43.4165]},"properties":{}},{"type":"Feature","geometry":{"type":"Point","coordinates":[-3.3263,43.4157]},"properties":{}},{"type":"Feature","geometry":{"type":"Point","coordinates":[-3.3277,43.4155]},"properties":{}},{"type":"Feature","geometry":{"type":"Point","coordinates":[-3.329,43.4158]},"properties":{}},{"type":"Feature","geometry":{"type":"Point","coordinates":[-3.3306,43.4157]},"properties":{}},{"type":"Feature","geometry":{"type":"Point","coordinates":[-3.3338,43.4163]},"properties":{}},{"type":"Feature","geometry":{"type":"Point","coordinates":[-3.3337,43.4152]},"properties":{}},{"type":"Feature","geometry":{"type":"Point","coordinates":[-3.3353,43.4146]},"properties":{}},{"type":"Feature","geometry":{"type":"Point","coordinates":[-5.8684,43.6312]},"properties":{}},{"type":"Feature","geometry":{"type":"Point","coordinates":[-5.8694,43.6308]},"properties":{}},{"type":"Feature","geometry":{"type":"Point","coordinates":[-5.8706,43.6309]},"properties":{}},{"type":"Feature","geometry":{"type":"Point","coordinates":[-5.8724,43.6304]},"properties":{}},{"type":"Feature","geometry":{"type":"Point","coordinates":[-5.873,43.6301]},"properties":{}},{"type":"Feature","geometry":{"type":"Point","coordinates":[-5.874,43.6297]},"properties":{}},{"type":"Feature","geometry":{"type":"Point","coordinates":[-5.8749,43.6297]},"properties":{}},{"type":"Feature","geometry":{"type":"Point","coordinates":[-5.8757,43.6297]},"properties":{}},{"type":"Feature","geometry":{"type":"Point","coordinates":[-5.8762,43.6298]},"properties":{}},{"type":"Feature","geometry":{"type":"Point","coordinates":[-5.8769,43.6296]},"properties":{}},{"type":"Feature","geometry":{"type":"Point","coordinates":[-5.8768,43.6292]},"properties":{}},{"type":"Feature","geometry":{"type":"Point","coordinates":[-5.877,43.6286]},"properties":{}},{"type":"Feature","geometry":{"type":"Point","coordinates":[-5.877,43.628]},"properties":{}},{"type":"Feature","geometry":{"type":"Point","coordinates":[-5.8761,43.6275]},"properties":{}},{"type":"Feature","geometry":{"type":"Point","coordinates":[-5.8891,43.6229]},"properties":{}},{"type":"Feature","geometry":{"type":"Point","coordinates":[-5.8903,43.6241]},"properties":{}},{"type":"Feature","geometry":{"type":"Point","coordinates":[-5.8911,43.6247]},"properties":{}},{"type":"Feature","geometry":{"type":"Point","coordinates":[-5.8926,43.6253]},"properties":{}},{"type":"Feature","geometry":{"type":"Point","coordinates":[-5.8934,43.6257]},"properties":{}},{"type":"Feature","geometry":{"type":"Point","coordinates":[-5.8939,43.6258]},"properties":{}},{"type":"Feature","geometry":{"type":"Point","coordinates":[-5.8946,43.6259]},"properties":{}},{"type":"Feature","geometry":{"type":"Point","coordinates":[-5.8953,43.6265]},"properties":{}},{"type":"Feature","geometry":{"type":"Point","coordinates":[-5.8964,43.6264]},"properties":{}},{"type":"Feature","geometry":{"type":"Point","coordinates":[-5.8965,43.6252]},"properties":{}},{"type":"Feature","geometry":{"type":"Point","coordinates":[-5.8978,43.6248]},"properties":{}},{"type":"Feature","geometry":{"type":"Point","coordinates":[-5.8984,43.624]},"properties":{}},{"type":"Feature","geometry":{"type":"Point","coordinates":[-5.8987,43.6247]},"properties":{}},{"type":"Feature","geometry":{"type":"Point","coordinates":[-5.9179,43.6051]},"properties":{}},{"type":"Feature","geometry":{"type":"Point","coordinates":[-5.9273,43.5988]},"properties":{}},{"type":"Feature","geometry":{"type":"Point","coordinates":[-5.93,43.6003]},"properties":{}},{"type":"Feature","geometry":{"type":"Point","coordinates":[-5.9314,43.6007]},"properties":{}},{"type":"Feature","geometry":{"type":"Point","coordinates":[-5.9319,43.6007]},"properties":{}},{"type":"Feature","geometry":{"type":"Point","coordinates":[-5.9324,43.601]},"properties":{}},{"type":"Feature","geometry":{"type":"Point","coordinates":[-5.933,43.6011]},"properties":{}},{"type":"Feature","geometry":{"type":"Point","coordinates":[-5.933,43.6012]},"properties":{}},{"type":"Feature","geometry":{"type":"Point","coordinates":[-5.9332,43.6012]},"properties":{}},{"type":"Feature","geometry":{"type":"Point","coordinates":[-5.9335,43.6013]},"properties":{}},{"type":"Feature","geometry":{"type":"Point","coordinates":[-5.9338,43.6013]},"properties":{}},{"type":"Feature","geometry":{"type":"Point","coordinates":[-5.9335,43.6011]},"properties":{}},{"type":"Feature","geometry":{"type":"Point","coordinates":[-5.9337,43.6009]},"properties":{}},{"type":"Feature","geometry":{"type":"Point","coordinates":[-5.934,43.6008]},"properties":{}},{"type":"Feature","geometry":{"type":"Point","coordinates":[-5.9345,43.6005]},"properties":{}},{"type":"Feature","geometry":{"type":"Point","coordinates":[-5.9351,43.6005]},"properties":{}},{"type":"Feature","geometry":{"type":"Point","coordinates":[-5.936,43.6002]},"properties":{}},{"type":"Feature","geometry":{"type":"Point","coordinates":[-5.9366,43.6003]},"properties":{}},{"type":"Feature","geometry":{"type":"Point","coordinates":[-5.9372,43.6001]},"properties":{}},{"type":"Feature","geometry":{"type":"Point","coordinates":[-5.9375,43.6]},"properties":{}},{"type":"Feature","geometry":{"type":"Point","coordinates":[-5.9383,43.6001]},"properties":{}},{"type":"Feature","geometry":{"type":"Point","coordinates":[-5.9385,43.6001]},"properties":{}},{"type":"Feature","geometry":{"type":"Point","coordinates":[-5.939,43.5998]},"properties":{}},{"type":"Feature","geometry":{"type":"Point","coordinates":[-5.9397,43.6002]},"properties":{}},{"type":"Feature","geometry":{"type":"Point","coordinates":[-5.9403,43.5998]},"properties":{}},{"type":"Feature","geometry":{"type":"Point","coordinates":[-5.9431,43.5994]},"properties":{}},{"type":"Feature","geometry":{"type":"Point","coordinates":[-5.9423,43.5991]},"properties":{}},{"type":"Feature","geometry":{"type":"Point","coordinates":[-5.9428,43.5986]},"properties":{}},{"type":"Feature","geometry":{"type":"Point","coordinates":[-5.9438,43.5986]},"properties":{}},{"type":"Feature","geometry":{"type":"Point","coordinates":[-5.946,43.5982]},"properties":{}},{"type":"Feature","geometry":{"type":"Point","coordinates":[-5.9461,43.5976]},"properties":{}},{"type":"Feature","geometry":{"type":"Point","coordinates":[-5.947,43.5974]},"properties":{}},{"type":"Feature","geometry":{"type":"Point","coordinates":[-5.9476,43.5972]},"properties":{}},{"type":"Feature","geometry":{"type":"Point","coordinates":[-5.9475,43.5969]},"properties":{}},{"type":"Feature","geometry":{"type":"Point","coordinates":[-5.9475,43.5967]},"properties":{}},{"type":"Feature","geometry":{"type":"Point","coordinates":[-5.9468,43.5967]},"properties":{}},{"type":"Feature","geometry":{"type":"Point","coordinates":[-5.9448,43.5971]},"properties":{}},{"type":"Feature","geometry":{"type":"Point","coordinates":[-5.9454,43.5968]},"properties":{}},{"type":"Feature","geometry":{"type":"Point","coordinates":[-5.9462,43.596]},"properties":{}},{"type":"Feature","geometry":{"type":"Point","coordinates":[-5.9452,43.5952]},"properties":{}},{"type":"Feature","geometry":{"type":"Point","coordinates":[-5.9429,43.5947]},"properties":{}},{"type":"Feature","geometry":{"type":"Point","coordinates":[-5.9423,43.5947]},"properties":{}},{"type":"Feature","geometry":{"type":"Point","coordinates":[-5.942,43.5946]},"properties":{}},{"type":"Feature","geometry":{"type":"Point","coordinates":[-5.9415,43.5949]},"properties":{}},{"type":"Feature","geometry":{"type":"Point","coordinates":[-5.9406,43.5949]},"properties":{}},{"type":"Feature","geometry":{"type":"Point","coordinates":[-5.9396,43.5953]},"properties":{}},{"type":"Feature","geometry":{"type":"Point","coordinates":[-5.9391,43.5946]},"properties":{}},{"type":"Feature","geometry":{"type":"Point","coordinates":[-5.842,43.6595]},"properties":{}},{"type":"Feature","geometry":{"type":"Point","coordinates":[-5.8406,43.6599]},"properties":{}},{"type":"Feature","geometry":{"type":"Point","coordinates":[-5.8404,43.6602]},"properties":{}},{"type":"Feature","geometry":{"type":"Point","coordinates":[-5.8407,43.6603]},"properties":{}},{"type":"Feature","geometry":{"type":"Point","coordinates":[-5.8408,43.6606]},"properties":{}},{"type":"Feature","geometry":{"type":"Point","coordinates":[-5.8415,43.6603]},"properties":{}},{"type":"Feature","geometry":{"type":"Point","coordinates":[-5.8421,43.6597]},"properties":{}},{"type":"Feature","geometry":{"type":"Point","coordinates":[-5.8418,43.6553]},"properties":{}},{"type":"Feature","geometry":{"type":"Point","coordinates":[-5.8431,43.6563]},"properties":{}},{"type":"Feature","geometry":{"type":"Point","coordinates":[-5.8422,43.6576]},"properties":{}},{"type":"Feature","geometry":{"type":"Point","coordinates":[-5.8419,43.6582]},"properties":{}},{"type":"Feature","geometry":{"type":"Point","coordinates":[-5.8415,43.6583]},"properties":{}},{"type":"Feature","geometry":{"type":"Point","coordinates":[-5.841,43.6588]},"properties":{}},{"type":"Feature","geometry":{"type":"Point","coordinates":[-5.8414,43.6588]},"properties":{}},{"type":"Feature","geometry":{"type":"Point","coordinates":[-5.8416,43.6589]},"properties":{}},{"type":"Feature","geometry":{"type":"Point","coordinates":[-5.8417,43.659]},"properties":{}},{"type":"Feature","geometry":{"type":"Point","coordinates":[-5.8423,43.659]},"properties":{}},{"type":"Feature","geometry":{"type":"Point","coordinates":[-5.8437,43.6584]},"properties":{}},{"type":"Feature","geometry":{"type":"Point","coordinates":[-5.8448,43.6575]},"properties":{}},{"type":"Feature","geometry":{"type":"Point","coordinates":[-5.8452,43.657]},"properties":{}},{"type":"Feature","geometry":{"type":"Point","coordinates":[-5.8467,43.6573]},"properties":{}},{"type":"Feature","geometry":{"type":"Point","coordinates":[-5.8479,43.6567]},"properties":{}},{"type":"Feature","geometry":{"type":"Point","coordinates":[-5.8494,43.6577]},"properties":{}},{"type":"Feature","geometry":{"type":"Point","coordinates":[-5.8503,43.657]},"properties":{}},{"type":"Feature","geometry":{"type":"Point","coordinates":[-5.8508,43.6566]},"properties":{}},{"type":"Feature","geometry":{"type":"Point","coordinates":[-5.8516,43.6575]},"properties":{}},{"type":"Feature","geometry":{"type":"Point","coordinates":[-5.8524,43.6584]},"properties":{}},{"type":"Feature","geometry":{"type":"Point","coordinates":[-5.8526,43.6582]},"properties":{}},{"type":"Feature","geometry":{"type":"Point","coordinates":[-5.8528,43.6573]},"properties":{}},{"type":"Feature","geometry":{"type":"Point","coordinates":[-5.8537,43.6566]},"properties":{}},{"type":"Feature","geometry":{"type":"Point","coordinates":[-5.855,43.6568]},"properties":{}},{"type":"Feature","geometry":{"type":"Point","coordinates":[-5.8563,43.6559]},"properties":{}},{"type":"Feature","geometry":{"type":"Point","coordinates":[-5.8575,43.6561]},"properties":{}},{"type":"Feature","geometry":{"type":"Point","coordinates":[-5.8573,43.6549]},"properties":{}},{"type":"Feature","geometry":{"type":"Point","coordinates":[-5.8584,43.655]},"properties":{}},{"type":"Feature","geometry":{"type":"Point","coordinates":[-5.8585,43.6545]},"properties":{}},{"type":"Feature","geometry":{"type":"Point","coordinates":[-5.8589,43.6534]},"properties":{}},{"type":"Feature","geometry":{"type":"Point","coordinates":[-5.8594,43.653]},"properties":{}},{"type":"Feature","geometry":{"type":"Point","coordinates":[-5.859,43.6521]},"properties":{}},{"type":"Feature","geometry":{"type":"Point","coordinates":[-5.8594,43.6513]},"properties":{}},{"type":"Feature","geometry":{"type":"Point","coordinates":[-5.8608,43.6497]},"properties":{}},{"type":"Feature","geometry":{"type":"Point","coordinates":[-5.8611,43.6495]},"properties":{}},{"type":"Feature","geometry":{"type":"Point","coordinates":[-5.8611,43.6489]},"properties":{}},{"type":"Feature","geometry":{"type":"Point","coordinates":[-5.8608,43.6486]},"properties":{}},{"type":"Feature","geometry":{"type":"Point","coordinates":[-5.8606,43.6475]},"properties":{}},{"type":"Feature","geometry":{"type":"Point","coordinates":[-5.8608,43.6463]},"properties":{}},{"type":"Feature","geometry":{"type":"Point","coordinates":[-5.8606,43.6455]},"properties":{}},{"type":"Feature","geometry":{"type":"Point","coordinates":[-5.8614,43.6457]},"properties":{}},{"type":"Feature","geometry":{"type":"Point","coordinates":[-5.8614,43.6452]},"properties":{}},{"type":"Feature","geometry":{"type":"Point","coordinates":[-5.8608,43.645]},"properties":{}},{"type":"Feature","geometry":{"type":"Point","coordinates":[-5.8592,43.6435]},"properties":{}},{"type":"Feature","geometry":{"type":"Point","coordinates":[-5.8583,43.6414]},"properties":{}},{"type":"Feature","geometry":{"type":"Point","coordinates":[-5.8576,43.6398]},"properties":{}},{"type":"Feature","geometry":{"type":"Point","coordinates":[-5.8587,43.6371]},"properties":{}},{"type":"Feature","geometry":{"type":"Point","coordinates":[-5.8603,43.6351]},"properties":{}},{"type":"Feature","geometry":{"type":"Point","coordinates":[-5.864,43.6349]},"properties":{}},{"type":"Feature","geometry":{"type":"Point","coordinates":[-5.8653,43.6354]},"properties":{}},{"type":"Feature","geometry":{"type":"Point","coordinates":[-5.8663,43.6352]},"properties":{}},{"type":"Feature","geometry":{"type":"Point","coordinates":[-5.8669,43.6354]},"properties":{}},{"type":"Feature","geometry":{"type":"Point","coordinates":[-5.8354,43.652]},"properties":{}},{"type":"Feature","geometry":{"type":"Point","coordinates":[-5.8343,43.6543]},"properties":{}},{"type":"Feature","geometry":{"type":"Point","coordinates":[-5.8353,43.6529]},"properties":{}},{"type":"Feature","geometry":{"type":"Point","coordinates":[-5.8354,43.652]},"properties":{}},{"type":"Feature","geometry":{"type":"Point","coordinates":[-5.8366,43.6518]},"properties":{}},{"type":"Feature","geometry":{"type":"Point","coordinates":[-5.8388,43.6522]},"properties":{}},{"type":"Feature","geometry":{"type":"Point","coordinates":[-5.841,43.6534]},"properties":{}},{"type":"Feature","geometry":{"type":"Point","coordinates":[-5.8408,43.6542]},"properties":{}},{"type":"Feature","geometry":{"type":"Point","coordinates":[-5.8409,43.6554]},"properties":{}},{"type":"Feature","geometry":{"type":"Point","coordinates":[-5.8418,43.6553]},"properties":{}},{"type":"Feature","geometry":{"type":"Point","coordinates":[-5.7842,43.6091]},"properties":{}},{"type":"Feature","geometry":{"type":"Point","coordinates":[-5.7847,43.6095]},"properties":{}},{"type":"Feature","geometry":{"type":"Point","coordinates":[-5.7864,43.6104]},"properties":{}},{"type":"Feature","geometry":{"type":"Point","coordinates":[-5.7861,43.6106]},"properties":{}},{"type":"Feature","geometry":{"type":"Point","coordinates":[-5.7868,43.6109]},"properties":{}},{"type":"Feature","geometry":{"type":"Point","coordinates":[-5.7866,43.6111]},"properties":{}},{"type":"Feature","geometry":{"type":"Point","coordinates":[-5.7861,43.6108]},"properties":{}},{"type":"Feature","geometry":{"type":"Point","coordinates":[-5.7856,43.611]},"properties":{}},{"type":"Feature","geometry":{"type":"Point","coordinates":[-5.7854,43.6113]},"properties":{}},{"type":"Feature","geometry":{"type":"Point","coordinates":[-5.7859,43.6114]},"properties":{}},{"type":"Feature","geometry":{"type":"Point","coordinates":[-5.7855,43.6119]},"properties":{}},{"type":"Feature","geometry":{"type":"Point","coordinates":[-5.7858,43.612]},"properties":{}},{"type":"Feature","geometry":{"type":"Point","coordinates":[-5.7853,43.6127]},"properties":{}},{"type":"Feature","geometry":{"type":"Point","coordinates":[-5.7859,43.6127]},"properties":{}},{"type":"Feature","geometry":{"type":"Point","coordinates":[-5.7866,43.6126]},"properties":{}},{"type":"Feature","geometry":{"type":"Point","coordinates":[-5.7868,43.6127]},"properties":{}},{"type":"Feature","geometry":{"type":"Point","coordinates":[-5.7877,43.6124]},"properties":{}},{"type":"Feature","geometry":{"type":"Point","coordinates":[-5.789,43.612]},"properties":{}},{"type":"Feature","geometry":{"type":"Point","coordinates":[-5.7893,43.613]},"properties":{}},{"type":"Feature","geometry":{"type":"Point","coordinates":[-5.79,43.6129]},"properties":{}},{"type":"Feature","geometry":{"type":"Point","coordinates":[-5.7901,43.6132]},"properties":{}},{"type":"Feature","geometry":{"type":"Point","coordinates":[-5.7893,43.6135]},"properties":{}},{"type":"Feature","geometry":{"type":"Point","coordinates":[-5.7901,43.6135]},"properties":{}},{"type":"Feature","geometry":{"type":"Point","coordinates":[-5.7911,43.614]},"properties":{}},{"type":"Feature","geometry":{"type":"Point","coordinates":[-5.7912,43.6152]},"properties":{}},{"type":"Feature","geometry":{"type":"Point","coordinates":[-5.7262,43.5727]},"properties":{}},{"type":"Feature","geometry":{"type":"Point","coordinates":[-5.727,43.5729]},"properties":{}},{"type":"Feature","geometry":{"type":"Point","coordinates":[-5.7278,43.5728]},"properties":{}},{"type":"Feature","geometry":{"type":"Point","coordinates":[-5.7282,43.5729]},"properties":{}},{"type":"Feature","geometry":{"type":"Point","coordinates":[-5.7291,43.5728]},"properties":{}},{"type":"Feature","geometry":{"type":"Point","coordinates":[-5.7292,43.5726]},"properties":{}},{"type":"Feature","geometry":{"type":"Point","coordinates":[-5.7297,43.5726]},"properties":{}},{"type":"Feature","geometry":{"type":"Point","coordinates":[-5.7302,43.5726]},"properties":{}},{"type":"Feature","geometry":{"type":"Point","coordinates":[-5.7304,43.573]},"properties":{}},{"type":"Feature","geometry":{"type":"Point","coordinates":[-5.7306,43.5732]},"properties":{}},{"type":"Feature","geometry":{"type":"Point","coordinates":[-5.7311,43.5732]},"properties":{}},{"type":"Feature","geometry":{"type":"Point","coordinates":[-5.732,43.5733]},"properties":{}},{"type":"Feature","geometry":{"type":"Point","coordinates":[-5.7325,43.573]},"properties":{}},{"type":"Feature","geometry":{"type":"Point","coordinates":[-5.7333,43.5726]},"properties":{}},{"type":"Feature","geometry":{"type":"Point","coordinates":[-5.7346,43.5729]},"properties":{}},{"type":"Feature","geometry":{"type":"Point","coordinates":[-5.7357,43.5734]},"properties":{}},{"type":"Feature","geometry":{"type":"Point","coordinates":[-5.7358,43.5737]},"properties":{}},{"type":"Feature","geometry":{"type":"Point","coordinates":[-5.7363,43.5739]},"properties":{}},{"type":"Feature","geometry":{"type":"Point","coordinates":[-5.7369,43.574]},"properties":{}},{"type":"Feature","geometry":{"type":"Point","coordinates":[-5.7372,43.5742]},"properties":{}},{"type":"Feature","geometry":{"type":"Point","coordinates":[-5.7384,43.5777]},"properties":{}},{"type":"Feature","geometry":{"type":"Point","coordinates":[-5.7383,43.5783]},"properties":{}},{"type":"Feature","geometry":{"type":"Point","coordinates":[-5.7389,43.5783]},"properties":{}},{"type":"Feature","geometry":{"type":"Point","coordinates":[-5.7389,43.5788]},"properties":{}},{"type":"Feature","geometry":{"type":"Point","coordinates":[-5.7393,43.5788]},"properties":{}},{"type":"Feature","geometry":{"type":"Point","coordinates":[-5.7399,43.5788]},"properties":{}},{"type":"Feature","geometry":{"type":"Point","coordinates":[-5.7404,43.5783]},"properties":{}},{"type":"Feature","geometry":{"type":"Point","coordinates":[-5.7407,43.5783]},"properties":{}},{"type":"Feature","geometry":{"type":"Point","coordinates":[-5.7414,43.5778]},"properties":{}},{"type":"Feature","geometry":{"type":"Point","coordinates":[-5.743,43.5774]},"properties":{}},{"type":"Feature","geometry":{"type":"Point","coordinates":[-5.744,43.5782]},"properties":{}},{"type":"Feature","geometry":{"type":"Point","coordinates":[-5.7443,43.5785]},"properties":{}},{"type":"Feature","geometry":{"type":"Point","coordinates":[-5.7441,43.5789]},"properties":{}},{"type":"Feature","geometry":{"type":"Point","coordinates":[-5.7435,43.5795]},"properties":{}},{"type":"Feature","geometry":{"type":"Point","coordinates":[-5.7435,43.5797]},"properties":{}},{"type":"Feature","geometry":{"type":"Point","coordinates":[-5.744,43.5799]},"properties":{}},{"type":"Feature","geometry":{"type":"Point","coordinates":[-5.7439,43.5804]},"properties":{}},{"type":"Feature","geometry":{"type":"Point","coordinates":[-5.7638,43.5943]},"properties":{}},{"type":"Feature","geometry":{"type":"Point","coordinates":[-5.7654,43.5933]},"properties":{}},{"type":"Feature","geometry":{"type":"Point","coordinates":[-5.7664,43.5937]},"properties":{}},{"type":"Feature","geometry":{"type":"Point","coordinates":[-5.7658,43.5949]},"properties":{}},{"type":"Feature","geometry":{"type":"Point","coordinates":[-5.7656,43.5956]},"properties":{}},{"type":"Feature","geometry":{"type":"Point","coordinates":[-5.7663,43.5953]},"properties":{}},{"type":"Feature","geometry":{"type":"Point","coordinates":[-5.7675,43.595]},"properties":{}},{"type":"Feature","geometry":{"type":"Point","coordinates":[-5.768,43.5955]},"properties":{}},{"type":"Feature","geometry":{"type":"Point","coordinates":[-5.7676,43.5964]},"properties":{}},{"type":"Feature","geometry":{"type":"Point","coordinates":[-5.7683,43.5968]},"properties":{}},{"type":"Feature","geometry":{"type":"Point","coordinates":[-5.7673,43.5985]},"properties":{}},{"type":"Feature","geometry":{"type":"Point","coordinates":[-5.7687,43.5993]},"properties":{}},{"type":"Feature","geometry":{"type":"Point","coordinates":[-5.7703,43.5993]},"properties":{}},{"type":"Feature","geometry":{"type":"Point","coordinates":[-5.7704,43.6002]},"properties":{}},{"type":"Feature","geometry":{"type":"Point","coordinates":[-5.7714,43.6004]},"properties":{}},{"type":"Feature","geometry":{"type":"Point","coordinates":[-5.7523,43.5828]},"properties":{}},{"type":"Feature","geometry":{"type":"Point","coordinates":[-5.7524,43.5834]},"properties":{}},{"type":"Feature","geometry":{"type":"Point","coordinates":[-5.753,43.5831]},"properties":{}},{"type":"Feature","geometry":{"type":"Point","coordinates":[-5.7535,43.5834]},"properties":{}},{"type":"Feature","geometry":{"type":"Point","coordinates":[-5.7439,43.5804]},"properties":{}},{"type":"Feature","geometry":{"type":"Point","coordinates":[-5.7543,43.5833]},"properties":{}},{"type":"Feature","geometry":{"type":"Point","coordinates":[-5.7546,43.5834]},"properties":{}},{"type":"Feature","geometry":{"type":"Point","coordinates":[-5.7551,43.5833]},"properties":{}},{"type":"Feature","geometry":{"type":"Point","coordinates":[-5.7555,43.5831]},"properties":{}},{"type":"Feature","geometry":{"type":"Point","coordinates":[-5.7553,43.5822]},"properties":{}},{"type":"Feature","geometry":{"type":"Point","coordinates":[-5.7564,43.5823]},"properties":{}},{"type":"Feature","geometry":{"type":"Point","coordinates":[-5.757,43.5828]},"properties":{}},{"type":"Feature","geometry":{"type":"Point","coordinates":[-5.7564,43.5834]},"properties":{}},{"type":"Feature","geometry":{"type":"Point","coordinates":[-5.7555,43.584]},"properties":{}},{"type":"Feature","geometry":{"type":"Point","coordinates":[-5.7555,43.5842]},"properties":{}},{"type":"Feature","geometry":{"type":"Point","coordinates":[-5.7555,43.5848]},"properties":{}},{"type":"Feature","geometry":{"type":"Point","coordinates":[-5.756,43.585]},"properties":{}},{"type":"Feature","geometry":{"type":"Point","coordinates":[-5.757,43.5841]},"properties":{}},{"type":"Feature","geometry":{"type":"Point","coordinates":[-5.7586,43.5854]},"properties":{}},{"type":"Feature","geometry":{"type":"Point","coordinates":[-5.7601,43.586]},"properties":{}},{"type":"Feature","geometry":{"type":"Point","coordinates":[-5.7597,43.5865]},"properties":{}},{"type":"Feature","geometry":{"type":"Point","coordinates":[-5.7719,43.6013]},"properties":{}},{"type":"Feature","geometry":{"type":"Point","coordinates":[-5.771,43.6033]},"properties":{}},{"type":"Feature","geometry":{"type":"Point","coordinates":[-5.7385,43.5756]},"properties":{}},{"type":"Feature","geometry":{"type":"Point","coordinates":[-5.7392,43.5769]},"properties":{}},{"type":"Feature","geometry":{"type":"Point","coordinates":[-5.0378,43.4609]},"properties":{}},{"type":"Feature","geometry":{"type":"Point","coordinates":[-5.0393,43.4615]},"properties":{}},{"type":"Feature","geometry":{"type":"Point","coordinates":[-5.0416,43.4624]},"properties":{}},{"type":"Feature","geometry":{"type":"Point","coordinates":[-5.045,43.4617]},"properties":{}},{"type":"Feature","geometry":{"type":"Point","coordinates":[-5.0474,43.4637]},"properties":{}},{"type":"Feature","geometry":{"type":"Point","coordinates":[-5.0505,43.4628]},"properties":{}},{"type":"Feature","geometry":{"type":"Point","coordinates":[-5.3062,43.5335]},"properties":{}},{"type":"Feature","geometry":{"type":"Point","coordinates":[-5.3087,43.5322]},"properties":{}},{"type":"Feature","geometry":{"type":"Point","coordinates":[-5.3128,43.5328]},"properties":{}},{"type":"Feature","geometry":{"type":"Point","coordinates":[-5.1798,43.4763]},"properties":{}},{"type":"Feature","geometry":{"type":"Point","coordinates":[-5.1809,43.4768]},"properties":{}},{"type":"Feature","geometry":{"type":"Point","coordinates":[-5.1822,43.4768]},"properties":{}},{"type":"Feature","geometry":{"type":"Point","coordinates":[-5.1841,43.4764]},"properties":{}},{"type":"Feature","geometry":{"type":"Point","coordinates":[-5.1863,43.4762]},"properties":{}},{"type":"Feature","geometry":{"type":"Point","coordinates":[-5.1894,43.4762]},"properties":{}},{"type":"Feature","geometry":{"type":"Point","coordinates":[-5.1904,43.4775]},"properties":{}},{"type":"Feature","geometry":{"type":"Point","coordinates":[-5.1904,43.4786]},"properties":{}},{"type":"Feature","geometry":{"type":"Point","coordinates":[-5.1917,43.4782]},"properties":{}},{"type":"Feature","geometry":{"type":"Point","coordinates":[-5.193,43.4778]},"properties":{}},{"type":"Feature","geometry":{"type":"Point","coordinates":[-5.194,43.4773]},"properties":{}},{"type":"Feature","geometry":{"type":"Point","coordinates":[-5.1953,43.4754]},"properties":{}},{"type":"Feature","geometry":{"type":"Point","coordinates":[-5.2315,43.4879]},"properties":{}},{"type":"Feature","geometry":{"type":"Point","coordinates":[-5.233,43.4896]},"properties":{}},{"type":"Feature","geometry":{"type":"Point","coordinates":[-5.2346,43.4903]},"properties":{}},{"type":"Feature","geometry":{"type":"Point","coordinates":[-5.2356,43.4906]},"properties":{}},{"type":"Feature","geometry":{"type":"Point","coordinates":[-5.2372,43.491]},"properties":{}},{"type":"Feature","geometry":{"type":"Point","coordinates":[-5.0556,43.4664]},"properties":{}},{"type":"Feature","geometry":{"type":"Point","coordinates":[-5.0561,43.4677]},"properties":{}},{"type":"Feature","geometry":{"type":"Point","coordinates":[-5.0565,43.4681]},"properties":{}},{"type":"Feature","geometry":{"type":"Point","coordinates":[-5.0573,43.4687]},"properties":{}},{"type":"Feature","geometry":{"type":"Point","coordinates":[-5.0573,43.4692]},"properties":{}},{"type":"Feature","geometry":{"type":"Point","coordinates":[-5.0583,43.4688]},"properties":{}},{"type":"Feature","geometry":{"type":"Point","coordinates":[-5.0599,43.469]},"properties":{}},{"type":"Feature","geometry":{"type":"Point","coordinates":[-5.0607,43.4689]},"properties":{}},{"type":"Feature","geometry":{"type":"Point","coordinates":[-5.0626,43.4684]},"properties":{}},{"type":"Feature","geometry":{"type":"Point","coordinates":[-5.0637,43.4688]},"properties":{}},{"type":"Feature","geometry":{"type":"Point","coordinates":[-5.0649,43.4689]},"properties":{}},{"type":"Feature","geometry":{"type":"Point","coordinates":[-5.0652,43.469]},"properties":{}},{"type":"Feature","geometry":{"type":"Point","coordinates":[-5.0656,43.469]},"properties":{}},{"type":"Feature","geometry":{"type":"Point","coordinates":[-5.0662,43.4686]},"properties":{}},{"type":"Feature","geometry":{"type":"Point","coordinates":[-4.9364,43.4596]},"properties":{}},{"type":"Feature","geometry":{"type":"Point","coordinates":[-4.9385,43.4592]},"properties":{}},{"type":"Feature","geometry":{"type":"Point","coordinates":[-4.9397,43.4593]},"properties":{}},{"type":"Feature","geometry":{"type":"Point","coordinates":[-4.9404,43.4597]},"properties":{}},{"type":"Feature","geometry":{"type":"Point","coordinates":[-4.9416,43.4591]},"properties":{}},{"type":"Feature","geometry":{"type":"Point","coordinates":[-4.9432,43.4594]},"properties":{}},{"type":"Feature","geometry":{"type":"Point","coordinates":[-4.944,43.4591]},"properties":{}},{"type":"Feature","geometry":{"type":"Point","coordinates":[-4.9443,43.459]},"properties":{}},{"type":"Feature","geometry":{"type":"Point","coordinates":[-4.9445,43.4591]},"properties":{}},{"type":"Feature","geometry":{"type":"Point","coordinates":[-4.9419,43.4603]},"properties":{}},{"type":"Feature","geometry":{"type":"Point","coordinates":[-4.9429,43.4606]},"properties":{}},{"type":"Feature","geometry":{"type":"Point","coordinates":[-4.9446,43.4609]},"properties":{}},{"type":"Feature","geometry":{"type":"Point","coordinates":[-4.947,43.461]},"properties":{}},{"type":"Feature","geometry":{"type":"Point","coordinates":[-4.9494,43.4608]},"properties":{}},{"type":"Feature","geometry":{"type":"Point","coordinates":[-4.9512,43.4602]},"properties":{}},{"type":"Feature","geometry":{"type":"Point","coordinates":[-4.9521,43.4611]},"properties":{}},{"type":"Feature","geometry":{"type":"Point","coordinates":[-4.9533,43.4602]},"properties":{}},{"type":"Feature","geometry":{"type":"Point","coordinates":[-4.9555,43.4594]},"properties":{}},{"type":"Feature","geometry":{"type":"Point","coordinates":[-4.9562,43.4606]},"properties":{}},{"type":"Feature","geometry":{"type":"Point","coordinates":[-4.9553,43.4614]},"properties":{}},{"type":"Feature","geometry":{"type":"Point","coordinates":[-4.9565,43.461]},"properties":{}},{"type":"Feature","geometry":{"type":"Point","coordinates":[-4.9583,43.4613]},"properties":{}},{"type":"Feature","geometry":{"type":"Point","coordinates":[-4.9591,43.461]},"properties":{}},{"type":"Feature","geometry":{"type":"Point","coordinates":[-4.9603,43.4607]},"properties":{}},{"type":"Feature","geometry":{"type":"Point","coordinates":[-4.9611,43.4608]},"properties":{}},{"type":"Feature","geometry":{"type":"Point","coordinates":[-4.9622,43.4613]},"properties":{}},{"type":"Feature","geometry":{"type":"Point","coordinates":[-4.9639,43.4614]},"properties":{}},{"type":"Feature","geometry":{"type":"Point","coordinates":[-4.9642,43.4612]},"properties":{}},{"type":"Feature","geometry":{"type":"Point","coordinates":[-4.9645,43.4607]},"properties":{}},{"type":"Feature","geometry":{"type":"Point","coordinates":[-4.9656,43.4609]},"properties":{}},{"type":"Feature","geometry":{"type":"Point","coordinates":[-4.9673,43.4613]},"properties":{}},{"type":"Feature","geometry":{"type":"Point","coordinates":[-4.9685,43.4616]},"properties":{}},{"type":"Feature","geometry":{"type":"Point","coordinates":[-4.9691,43.4612]},"properties":{}},{"type":"Feature","geometry":{"type":"Point","coordinates":[-4.9695,43.4609]},"properties":{}},{"type":"Feature","geometry":{"type":"Point","coordinates":[-4.9701,43.4615]},"properties":{}},{"type":"Feature","geometry":{"type":"Point","coordinates":[-4.9708,43.4612]},"properties":{}},{"type":"Feature","geometry":{"type":"Point","coordinates":[-4.972,43.4618]},"properties":{}},{"type":"Feature","geometry":{"type":"Point","coordinates":[-4.9729,43.4621]},"properties":{}},{"type":"Feature","geometry":{"type":"Point","coordinates":[-4.9736,43.4613]},"properties":{}},{"type":"Feature","geometry":{"type":"Point","coordinates":[-4.9748,43.4621]},"properties":{}},{"type":"Feature","geometry":{"type":"Point","coordinates":[-4.9757,43.4619]},"properties":{}},{"type":"Feature","geometry":{"type":"Point","coordinates":[-4.9767,43.4612]},"properties":{}},{"type":"Feature","geometry":{"type":"Point","coordinates":[-4.9773,43.461]},"properties":{}},{"type":"Feature","geometry":{"type":"Point","coordinates":[-4.9778,43.4607]},"properties":{}},{"type":"Feature","geometry":{"type":"Point","coordinates":[-4.9778,43.4603]},"properties":{}},{"type":"Feature","geometry":{"type":"Point","coordinates":[-4.9781,43.4604]},"properties":{}},{"type":"Feature","geometry":{"type":"Point","coordinates":[-4.9784,43.4599]},"properties":{}},{"type":"Feature","geometry":{"type":"Point","coordinates":[-4.9787,43.4596]},"properties":{}},{"type":"Feature","geometry":{"type":"Point","coordinates":[-4.9788,43.4594]},"properties":{}},{"type":"Feature","geometry":{"type":"Point","coordinates":[-4.979,43.4593]},"properties":{}},{"type":"Feature","geometry":{"type":"Point","coordinates":[-4.9796,43.459]},"properties":{}},{"type":"Feature","geometry":{"type":"Point","coordinates":[-4.9799,43.459]},"properties":{}},{"type":"Feature","geometry":{"type":"Point","coordinates":[-4.9807,43.4584]},"properties":{}},{"type":"Feature","geometry":{"type":"Point","coordinates":[-4.9809,43.458]},"properties":{}},{"type":"Feature","geometry":{"type":"Point","coordinates":[-4.9812,43.4576]},"properties":{}},{"type":"Feature","geometry":{"type":"Point","coordinates":[-5.1411,43.4811]},"properties":{}},{"type":"Feature","geometry":{"type":"Point","coordinates":[-5.1533,43.4791]},"properties":{}},{"type":"Feature","geometry":{"type":"Point","coordinates":[-5.1558,43.479]},"properties":{}},{"type":"Feature","geometry":{"type":"Point","coordinates":[-5.159,43.4784]},"properties":{}},{"type":"Feature","geometry":{"type":"Point","coordinates":[-5.1611,43.4784]},"properties":{}},{"type":"Feature","geometry":{"type":"Point","coordinates":[-5.1618,43.4774]},"properties":{}},{"type":"Feature","geometry":{"type":"Point","coordinates":[-5.1632,43.4774]},"properties":{}},{"type":"Feature","geometry":{"type":"Point","coordinates":[-5.1673,43.4772]},"properties":{}},{"type":"Feature","geometry":{"type":"Point","coordinates":[-4.7634,43.4258]},"properties":{}},{"type":"Feature","geometry":{"type":"Point","coordinates":[-4.7635,43.426]},"properties":{}},{"type":"Feature","geometry":{"type":"Point","coordinates":[-4.7634,43.4258]},"properties":{}},{"type":"Feature","geometry":{"type":"Point","coordinates":[-4.8612,43.4448]},"properties":{}},{"type":"Feature","geometry":{"type":"Point","coordinates":[-4.8626,43.4457]},"properties":{}},{"type":"Feature","geometry":{"type":"Point","coordinates":[-4.863,43.4458]},"properties":{}},{"type":"Feature","geometry":{"type":"Point","coordinates":[-4.863,43.4457]},"properties":{}},{"type":"Feature","geometry":{"type":"Point","coordinates":[-4.8625,43.4446]},"properties":{}},{"type":"Feature","geometry":{"type":"Point","coordinates":[-4.7188,43.4164]},"properties":{}},{"type":"Feature","geometry":{"type":"Point","coordinates":[-4.7201,43.4151]},"properties":{}},{"type":"Feature","geometry":{"type":"Point","coordinates":[-4.7223,43.4159]},"properties":{}},{"type":"Feature","geometry":{"type":"Point","coordinates":[-4.7223,43.4166]},"properties":{}},{"type":"Feature","geometry":{"type":"Point","coordinates":[-4.7238,43.4179]},"properties":{}},{"type":"Feature","geometry":{"type":"Point","coordinates":[-4.7258,43.4186]},"properties":{}},{"type":"Feature","geometry":{"type":"Point","coordinates":[-4.7273,43.4175]},"properties":{}},{"type":"Feature","geometry":{"type":"Point","coordinates":[-4.7277,43.417]},"properties":{}},{"type":"Feature","geometry":{"type":"Point","coordinates":[-4.7277,43.4163]},"properties":{}},{"type":"Feature","geometry":{"type":"Point","coordinates":[-4.7283,43.4163]},"properties":{}},{"type":"Feature","geometry":{"type":"Point","coordinates":[-4.7291,43.4164]},"properties":{}},{"type":"Feature","geometry":{"type":"Point","coordinates":[-4.7298,43.4165]},"properties":{}},{"type":"Feature","geometry":{"type":"Point","coordinates":[-4.7303,43.4167]},"properties":{}},{"type":"Feature","geometry":{"type":"Point","coordinates":[-4.7304,43.4163]},"properties":{}},{"type":"Feature","geometry":{"type":"Point","coordinates":[-4.7311,43.4164]},"properties":{}},{"type":"Feature","geometry":{"type":"Point","coordinates":[-4.732,43.4164]},"properties":{}},{"type":"Feature","geometry":{"type":"Point","coordinates":[-4.7323,43.4166]},"properties":{}},{"type":"Feature","geometry":{"type":"Point","coordinates":[-4.7328,43.4173]},"properties":{}},{"type":"Feature","geometry":{"type":"Point","coordinates":[-4.7325,43.4179]},"properties":{}},{"type":"Feature","geometry":{"type":"Point","coordinates":[-4.7344,43.4181]},"properties":{}},{"type":"Feature","geometry":{"type":"Point","coordinates":[-4.7357,43.4179]},"properties":{}},{"type":"Feature","geometry":{"type":"Point","coordinates":[-4.7358,43.4159]},"properties":{}},{"type":"Feature","geometry":{"type":"Point","coordinates":[-4.7377,43.416]},"properties":{}},{"type":"Feature","geometry":{"type":"Point","coordinates":[-4.7381,43.4161]},"properties":{}},{"type":"Feature","geometry":{"type":"Point","coordinates":[-4.739,43.4161]},"properties":{}},{"type":"Feature","geometry":{"type":"Point","coordinates":[-4.7397,43.4156]},"properties":{}},{"type":"Feature","geometry":{"type":"Point","coordinates":[-4.8215,43.4371]},"properties":{}},{"type":"Feature","geometry":{"type":"Point","coordinates":[-4.8222,43.4365]},"properties":{}},{"type":"Feature","geometry":{"type":"Point","coordinates":[-4.8226,43.436]},"properties":{}},{"type":"Feature","geometry":{"type":"Point","coordinates":[-4.8233,43.4363]},"properties":{}},{"type":"Feature","geometry":{"type":"Point","coordinates":[-4.8236,43.4366]},"properties":{}},{"type":"Feature","geometry":{"type":"Point","coordinates":[-4.824,43.4369]},"properties":{}},{"type":"Feature","geometry":{"type":"Point","coordinates":[-4.8258,43.4363]},"properties":{}},{"type":"Feature","geometry":{"type":"Point","coordinates":[-4.8274,43.4372]},"properties":{}},{"type":"Feature","geometry":{"type":"Point","coordinates":[-4.8281,43.4377]},"properties":{}},{"type":"Feature","geometry":{"type":"Point","coordinates":[-4.8292,43.4391]},"properties":{}},{"type":"Feature","geometry":{"type":"Point","coordinates":[-4.8313,43.4395]},"properties":{}},{"type":"Feature","geometry":{"type":"Point","coordinates":[-4.833,43.4398]},"properties":{}},{"type":"Feature","geometry":{"type":"Point","coordinates":[-4.8336,43.4392]},"properties":{}},{"type":"Feature","geometry":{"type":"Point","coordinates":[-4.8335,43.4372]},"properties":{}},{"type":"Feature","geometry":{"type":"Point","coordinates":[-4.8356,43.4361]},"properties":{}},{"type":"Feature","geometry":{"type":"Point","coordinates":[-4.8349,43.4354]},"properties":{}},{"type":"Feature","geometry":{"type":"Point","coordinates":[-4.8354,43.4352]},"properties":{}},{"type":"Feature","geometry":{"type":"Point","coordinates":[-4.8335,43.4345]},"properties":{}},{"type":"Feature","geometry":{"type":"Point","coordinates":[-4.8324,43.434]},"properties":{}},{"type":"Feature","geometry":{"type":"Point","coordinates":[-4.8321,43.4335]},"properties":{}},{"type":"Feature","geometry":{"type":"Point","coordinates":[-4.833,43.4336]},"properties":{}},{"type":"Feature","geometry":{"type":"Point","coordinates":[-4.834,43.4336]},"properties":{}},{"type":"Feature","geometry":{"type":"Point","coordinates":[-4.8356,43.4333]},"properties":{}},{"type":"Feature","geometry":{"type":"Point","coordinates":[-4.8372,43.4335]},"properties":{}},{"type":"Feature","geometry":{"type":"Point","coordinates":[-4.8367,43.4339]},"properties":{}},{"type":"Feature","geometry":{"type":"Point","coordinates":[-4.8358,43.4337]},"properties":{}},{"type":"Feature","geometry":{"type":"Point","coordinates":[-4.8362,43.4346]},"properties":{}},{"type":"Feature","geometry":{"type":"Point","coordinates":[-4.8371,43.4355]},"properties":{}},{"type":"Feature","geometry":{"type":"Point","coordinates":[-4.8371,43.4363]},"properties":{}},{"type":"Feature","geometry":{"type":"Point","coordinates":[-4.8358,43.4365]},"properties":{}},{"type":"Feature","geometry":{"type":"Point","coordinates":[-4.8343,43.4371]},"properties":{}},{"type":"Feature","geometry":{"type":"Point","coordinates":[-4.8963,43.4509]},"properties":{}},{"type":"Feature","geometry":{"type":"Point","coordinates":[-4.8964,43.4512]},"properties":{}},{"type":"Feature","geometry":{"type":"Point","coordinates":[-4.8963,43.4509]},"properties":{}},{"type":"Feature","geometry":{"type":"Point","coordinates":[-4.877,43.4441]},"properties":{}},{"type":"Feature","geometry":{"type":"Point","coordinates":[-4.8776,43.4442]},"properties":{}},{"type":"Feature","geometry":{"type":"Point","coordinates":[-4.878,43.4446]},"properties":{}},{"type":"Feature","geometry":{"type":"Point","coordinates":[-4.878,43.445]},"properties":{}},{"type":"Feature","geometry":{"type":"Point","coordinates":[-4.8787,43.4451]},"properties":{}},{"type":"Feature","geometry":{"type":"Point","coordinates":[-4.8797,43.4453]},"properties":{}},{"type":"Feature","geometry":{"type":"Point","coordinates":[-4.8793,43.4458]},"properties":{}},{"type":"Feature","geometry":{"type":"Point","coordinates":[-4.8795,43.4461]},"properties":{}},{"type":"Feature","geometry":{"type":"Point","coordinates":[-4.8797,43.4463]},"properties":{}},{"type":"Feature","geometry":{"type":"Point","coordinates":[-4.8795,43.4466]},"properties":{}},{"type":"Feature","geometry":{"type":"Point","coordinates":[-4.8801,43.4468]},"properties":{}},{"type":"Feature","geometry":{"type":"Point","coordinates":[-4.8807,43.4466]},"properties":{}},{"type":"Feature","geometry":{"type":"Point","coordinates":[-4.8818,43.447]},"properties":{}},{"type":"Feature","geometry":{"type":"Point","coordinates":[-4.8824,43.4468]},"properties":{}},{"type":"Feature","geometry":{"type":"Point","coordinates":[-4.8831,43.4463]},"properties":{}},{"type":"Feature","geometry":{"type":"Point","coordinates":[-4.8838,43.4468]},"properties":{}},{"type":"Feature","geometry":{"type":"Point","coordinates":[-4.8844,43.4473]},"properties":{}},{"type":"Feature","geometry":{"type":"Point","coordinates":[-4.8841,43.4482]},"properties":{}},{"type":"Feature","geometry":{"type":"Point","coordinates":[-4.8852,43.4484]},"properties":{}},{"type":"Feature","geometry":{"type":"Point","coordinates":[-4.886,43.4485]},"properties":{}},{"type":"Feature","geometry":{"type":"Point","coordinates":[-4.8869,43.4486]},"properties":{}},{"type":"Feature","geometry":{"type":"Point","coordinates":[-4.8881,43.4485]},"properties":{}},{"type":"Feature","geometry":{"type":"Point","coordinates":[-4.8885,43.4489]},"properties":{}},{"type":"Feature","geometry":{"type":"Point","coordinates":[-4.8885,43.4485]},"properties":{}},{"type":"Feature","geometry":{"type":"Point","coordinates":[-4.8891,43.4485]},"properties":{}},{"type":"Feature","geometry":{"type":"Point","coordinates":[-4.89,43.4488]},"properties":{}},{"type":"Feature","geometry":{"type":"Point","coordinates":[-4.8907,43.4487]},"properties":{}},{"type":"Feature","geometry":{"type":"Point","coordinates":[-4.8921,43.4489]},"properties":{}},{"type":"Feature","geometry":{"type":"Point","coordinates":[-4.8935,43.4487]},"properties":{}},{"type":"Feature","geometry":{"type":"Point","coordinates":[-4.8461,43.446]},"properties":{}},{"type":"Feature","geometry":{"type":"Point","coordinates":[-4.8464,43.4457]},"properties":{}},{"type":"Feature","geometry":{"type":"Point","coordinates":[-4.8971,43.4508]},"properties":{}},{"type":"Feature","geometry":{"type":"Point","coordinates":[-4.8986,43.4513]},"properties":{}},{"type":"Feature","geometry":{"type":"Point","coordinates":[-4.8984,43.4517]},"properties":{}},{"type":"Feature","geometry":{"type":"Point","coordinates":[-4.8999,43.4516]},"properties":{}},{"type":"Feature","geometry":{"type":"Point","coordinates":[-4.901,43.4515]},"properties":{}},{"type":"Feature","geometry":{"type":"Point","coordinates":[-4.901,43.4512]},"properties":{}},{"type":"Feature","geometry":{"type":"Point","coordinates":[-4.9012,43.4517]},"properties":{}},{"type":"Feature","geometry":{"type":"Point","coordinates":[-4.904,43.4517]},"properties":{}},{"type":"Feature","geometry":{"type":"Point","coordinates":[-4.9047,43.4518]},"properties":{}},{"type":"Feature","geometry":{"type":"Point","coordinates":[-4.9048,43.4525]},"properties":{}},{"type":"Feature","geometry":{"type":"Point","coordinates":[-4.906,43.453]},"properties":{}},{"type":"Feature","geometry":{"type":"Point","coordinates":[-4.9054,43.4529]},"properties":{}},{"type":"Feature","geometry":{"type":"Point","coordinates":[-4.9048,43.4531]},"properties":{}},{"type":"Feature","geometry":{"type":"Point","coordinates":[-4.9044,43.4538]},"properties":{}},{"type":"Feature","geometry":{"type":"Point","coordinates":[-4.9056,43.4539]},"properties":{}},{"type":"Feature","geometry":{"type":"Point","coordinates":[-4.9072,43.4539]},"properties":{}},{"type":"Feature","geometry":{"type":"Point","coordinates":[-4.9066,43.453]},"properties":{}},{"type":"Feature","geometry":{"type":"Point","coordinates":[-4.9077,43.453]},"properties":{}},{"type":"Feature","geometry":{"type":"Point","coordinates":[-4.9088,43.4525]},"properties":{}},{"type":"Feature","geometry":{"type":"Point","coordinates":[-4.9107,43.4526]},"properties":{}},{"type":"Feature","geometry":{"type":"Point","coordinates":[-4.9122,43.4534]},"properties":{}},{"type":"Feature","geometry":{"type":"Point","coordinates":[-4.9131,43.4539]},"properties":{}},{"type":"Feature","geometry":{"type":"Point","coordinates":[-4.9142,43.454]},"properties":{}},{"type":"Feature","geometry":{"type":"Point","coordinates":[-4.9149,43.4544]},"properties":{}},{"type":"Feature","geometry":{"type":"Point","coordinates":[-4.9155,43.4548]},"properties":{}},{"type":"Feature","geometry":{"type":"Point","coordinates":[-4.9163,43.455]},"properties":{}},{"type":"Feature","geometry":{"type":"Point","coordinates":[-4.9154,43.4554]},"properties":{}},{"type":"Feature","geometry":{"type":"Point","coordinates":[-4.9156,43.4557]},"properties":{}},{"type":"Feature","geometry":{"type":"Point","coordinates":[-4.9162,43.456]},"properties":{}},{"type":"Feature","geometry":{"type":"Point","coordinates":[-4.916,43.4566]},"properties":{}},{"type":"Feature","geometry":{"type":"Point","coordinates":[-4.9161,43.4568]},"properties":{}},{"type":"Feature","geometry":{"type":"Point","coordinates":[-4.9162,43.4573]},"properties":{}},{"type":"Feature","geometry":{"type":"Point","coordinates":[-4.9166,43.457]},"properties":{}},{"type":"Feature","geometry":{"type":"Point","coordinates":[-4.9185,43.4573]},"properties":{}},{"type":"Feature","geometry":{"type":"Point","coordinates":[-4.9217,43.4574]},"properties":{}},{"type":"Feature","geometry":{"type":"Point","coordinates":[-4.9228,43.4573]},"properties":{}},{"type":"Feature","geometry":{"type":"Point","coordinates":[-4.9242,43.4577]},"properties":{}},{"type":"Feature","geometry":{"type":"Point","coordinates":[-4.8471,43.4453]},"properties":{}},{"type":"Feature","geometry":{"type":"Point","coordinates":[-4.8481,43.4449]},"properties":{}},{"type":"Feature","geometry":{"type":"Point","coordinates":[-4.8495,43.4446]},"properties":{}},{"type":"Feature","geometry":{"type":"Point","coordinates":[-4.8502,43.444]},"properties":{}},{"type":"Feature","geometry":{"type":"Point","coordinates":[-4.8512,43.4431]},"properties":{}},{"type":"Feature","geometry":{"type":"Point","coordinates":[-4.8548,43.444]},"properties":{}},{"type":"Feature","geometry":{"type":"Point","coordinates":[-4.8551,43.4447]},"properties":{}},{"type":"Feature","geometry":{"type":"Point","coordinates":[-4.8545,43.4451]},"properties":{}},{"type":"Feature","geometry":{"type":"Point","coordinates":[-4.8549,43.4462]},"properties":{}},{"type":"Feature","geometry":{"type":"Point","coordinates":[-4.8555,43.4453]},"properties":{}},{"type":"Feature","geometry":{"type":"Point","coordinates":[-4.8578,43.4451]},"properties":{}},{"type":"Feature","geometry":{"type":"Point","coordinates":[-4.8586,43.4453]},"properties":{}},{"type":"Feature","geometry":{"type":"Point","coordinates":[-4.86,43.4448]},"properties":{}},{"type":"Feature","geometry":{"type":"Point","coordinates":[-4.8604,43.4447]},"properties":{}},{"type":"Feature","geometry":{"type":"Point","coordinates":[-4.8608,43.4444]},"properties":{}},{"type":"Feature","geometry":{"type":"Point","coordinates":[-4.473,43.39]},"properties":{}},{"type":"Feature","geometry":{"type":"Point","coordinates":[-4.473,43.3902]},"properties":{}},{"type":"Feature","geometry":{"type":"Point","coordinates":[-4.473,43.3903]},"properties":{}},{"type":"Feature","geometry":{"type":"Point","coordinates":[-4.4727,43.3904]},"properties":{}},{"type":"Feature","geometry":{"type":"Point","coordinates":[-4.4726,43.3905]},"properties":{}},{"type":"Feature","geometry":{"type":"Point","coordinates":[-4.4727,43.3907]},"properties":{}},{"type":"Feature","geometry":{"type":"Point","coordinates":[-4.473,43.3908]},"properties":{}},{"type":"Feature","geometry":{"type":"Point","coordinates":[-4.4728,43.3911]},"properties":{}},{"type":"Feature","geometry":{"type":"Point","coordinates":[-4.473,43.3914]},"properties":{}},{"type":"Feature","geometry":{"type":"Point","coordinates":[-4.4729,43.3915]},"properties":{}},{"type":"Feature","geometry":{"type":"Point","coordinates":[-4.473,43.3917]},"properties":{}},{"type":"Feature","geometry":{"type":"Point","coordinates":[-4.473,43.3918]},"properties":{}},{"type":"Feature","geometry":{"type":"Point","coordinates":[-4.473,43.392]},"properties":{}},{"type":"Feature","geometry":{"type":"Point","coordinates":[-4.4733,43.392]},"properties":{}},{"type":"Feature","geometry":{"type":"Point","coordinates":[-4.4734,43.3922]},"properties":{}},{"type":"Feature","geometry":{"type":"Point","coordinates":[-4.4733,43.3922]},"properties":{}},{"type":"Feature","geometry":{"type":"Point","coordinates":[-4.473,43.3922]},"properties":{}},{"type":"Feature","geometry":{"type":"Point","coordinates":[-4.473,43.3925]},"properties":{}},{"type":"Feature","geometry":{"type":"Point","coordinates":[-4.4733,43.3927]},"properties":{}},{"type":"Feature","geometry":{"type":"Point","coordinates":[-4.4737,43.3925]},"properties":{}},{"type":"Feature","geometry":{"type":"Point","coordinates":[-4.4737,43.3926]},"properties":{}},{"type":"Feature","geometry":{"type":"Point","coordinates":[-4.4734,43.3928]},"properties":{}},{"type":"Feature","geometry":{"type":"Point","coordinates":[-4.4733,43.3929]},"properties":{}},{"type":"Feature","geometry":{"type":"Point","coordinates":[-4.4734,43.3929]},"properties":{}},{"type":"Feature","geometry":{"type":"Point","coordinates":[-4.4735,43.393]},"properties":{}},{"type":"Feature","geometry":{"type":"Point","coordinates":[-4.4737,43.393]},"properties":{}},{"type":"Feature","geometry":{"type":"Point","coordinates":[-4.4737,43.3932]},"properties":{}},{"type":"Feature","geometry":{"type":"Point","coordinates":[-4.4739,43.3933]},"properties":{}},{"type":"Feature","geometry":{"type":"Point","coordinates":[-4.474,43.3932]},"properties":{}},{"type":"Feature","geometry":{"type":"Point","coordinates":[-4.4738,43.3936]},"properties":{}},{"type":"Feature","geometry":{"type":"Point","coordinates":[-4.4734,43.3936]},"properties":{}},{"type":"Feature","geometry":{"type":"Point","coordinates":[-4.4731,43.3936]},"properties":{}},{"type":"Feature","geometry":{"type":"Point","coordinates":[-4.4729,43.3938]},"properties":{}},{"type":"Feature","geometry":{"type":"Point","coordinates":[-4.4727,43.394]},"properties":{}},{"type":"Feature","geometry":{"type":"Point","coordinates":[-4.4727,43.3941]},"properties":{}},{"type":"Feature","geometry":{"type":"Point","coordinates":[-4.4726,43.3942]},"properties":{}},{"type":"Feature","geometry":{"type":"Point","coordinates":[-4.4724,43.3943]},"properties":{}},{"type":"Feature","geometry":{"type":"Point","coordinates":[-4.4724,43.3944]},"properties":{}},{"type":"Feature","geometry":{"type":"Point","coordinates":[-4.4725,43.3944]},"properties":{}},{"type":"Feature","geometry":{"type":"Point","coordinates":[-4.4728,43.3944]},"properties":{}},{"type":"Feature","geometry":{"type":"Point","coordinates":[-4.4732,43.3944]},"properties":{}},{"type":"Feature","geometry":{"type":"Point","coordinates":[-4.4733,43.3945]},"properties":{}},{"type":"Feature","geometry":{"type":"Point","coordinates":[-4.4736,43.3945]},"properties":{}},{"type":"Feature","geometry":{"type":"Point","coordinates":[-4.4734,43.3946]},"properties":{}},{"type":"Feature","geometry":{"type":"Point","coordinates":[-4.4734,43.3947]},"properties":{}},{"type":"Feature","geometry":{"type":"Point","coordinates":[-4.4736,43.3947]},"properties":{}},{"type":"Feature","geometry":{"type":"Point","coordinates":[-4.4739,43.3947]},"properties":{}},{"type":"Feature","geometry":{"type":"Point","coordinates":[-4.4742,43.3947]},"properties":{}},{"type":"Feature","geometry":{"type":"Point","coordinates":[-4.4745,43.3947]},"properties":{}},{"type":"Feature","geometry":{"type":"Point","coordinates":[-4.4748,43.3946]},"properties":{}},{"type":"Feature","geometry":{"type":"Point","coordinates":[-4.475,43.3946]},"properties":{}},{"type":"Feature","geometry":{"type":"Point","coordinates":[-4.4753,43.3945]},"properties":{}},{"type":"Feature","geometry":{"type":"Point","coordinates":[-4.4758,43.3945]},"properties":{}},{"type":"Feature","geometry":{"type":"Point","coordinates":[-4.4759,43.3946]},"properties":{}},{"type":"Feature","geometry":{"type":"Point","coordinates":[-4.4759,43.3947]},"properties":{}},{"type":"Feature","geometry":{"type":"Point","coordinates":[-4.476,43.3948]},"properties":{}},{"type":"Feature","geometry":{"type":"Point","coordinates":[-4.4761,43.3948]},"properties":{}},{"type":"Feature","geometry":{"type":"Point","coordinates":[-4.4762,43.3949]},"properties":{}},{"type":"Feature","geometry":{"type":"Point","coordinates":[-4.4763,43.3949]},"properties":{}},{"type":"Feature","geometry":{"type":"Point","coordinates":[-4.4765,43.3949]},"properties":{}},{"type":"Feature","geometry":{"type":"Point","coordinates":[-4.4765,43.395]},"properties":{}},{"type":"Feature","geometry":{"type":"Point","coordinates":[-4.4764,43.395]},"properties":{}},{"type":"Feature","geometry":{"type":"Point","coordinates":[-4.4764,43.3952]},"properties":{}},{"type":"Feature","geometry":{"type":"Point","coordinates":[-4.4764,43.3953]},"properties":{}},{"type":"Feature","geometry":{"type":"Point","coordinates":[-4.4765,43.3954]},"properties":{}},{"type":"Feature","geometry":{"type":"Point","coordinates":[-4.4767,43.3955]},"properties":{}},{"type":"Feature","geometry":{"type":"Point","coordinates":[-4.477,43.3955]},"properties":{}},{"type":"Feature","geometry":{"type":"Point","coordinates":[-4.4771,43.3954]},"properties":{}},{"type":"Feature","geometry":{"type":"Point","coordinates":[-4.4775,43.3953]},"properties":{}},{"type":"Feature","geometry":{"type":"Point","coordinates":[-4.4779,43.3953]},"properties":{}},{"type":"Feature","geometry":{"type":"Point","coordinates":[-4.478,43.3952]},"properties":{}},{"type":"Feature","geometry":{"type":"Point","coordinates":[-4.4779,43.3951]},"properties":{}},{"type":"Feature","geometry":{"type":"Point","coordinates":[-4.4778,43.3949]},"properties":{}},{"type":"Feature","geometry":{"type":"Point","coordinates":[-4.4781,43.3948]},"properties":{}},{"type":"Feature","geometry":{"type":"Point","coordinates":[-4.4782,43.3948]},"properties":{}},{"type":"Feature","geometry":{"type":"Point","coordinates":[-4.4783,43.3948]},"properties":{}},{"type":"Feature","geometry":{"type":"Point","coordinates":[-4.4784,43.3947]},"properties":{}},{"type":"Feature","geometry":{"type":"Point","coordinates":[-4.4788,43.3948]},"properties":{}},{"type":"Feature","geometry":{"type":"Point","coordinates":[-4.4788,43.3948]},"properties":{}},{"type":"Feature","geometry":{"type":"Point","coordinates":[-4.4789,43.3949]},"properties":{}},{"type":"Feature","geometry":{"type":"Point","coordinates":[-4.4792,43.3948]},"properties":{}},{"type":"Feature","geometry":{"type":"Point","coordinates":[-4.4793,43.3949]},"properties":{}},{"type":"Feature","geometry":{"type":"Point","coordinates":[-4.4792,43.395]},"properties":{}},{"type":"Feature","geometry":{"type":"Point","coordinates":[-4.4794,43.395]},"properties":{}},{"type":"Feature","geometry":{"type":"Point","coordinates":[-4.4794,43.3949]},"properties":{}},{"type":"Feature","geometry":{"type":"Point","coordinates":[-4.4796,43.395]},"properties":{}},{"type":"Feature","geometry":{"type":"Point","coordinates":[-4.4798,43.395]},"properties":{}},{"type":"Feature","geometry":{"type":"Point","coordinates":[-4.4798,43.3951]},"properties":{}},{"type":"Feature","geometry":{"type":"Point","coordinates":[-4.48,43.3953]},"properties":{}},{"type":"Feature","geometry":{"type":"Point","coordinates":[-4.4801,43.3953]},"properties":{}},{"type":"Feature","geometry":{"type":"Point","coordinates":[-4.4801,43.3953]},"properties":{}},{"type":"Feature","geometry":{"type":"Point","coordinates":[-4.4802,43.3953]},"properties":{}},{"type":"Feature","geometry":{"type":"Point","coordinates":[-4.4802,43.3952]},"properties":{}},{"type":"Feature","geometry":{"type":"Point","coordinates":[-4.4802,43.3951]},"properties":{}},{"type":"Feature","geometry":{"type":"Point","coordinates":[-4.4804,43.395]},"properties":{}},{"type":"Feature","geometry":{"type":"Point","coordinates":[-4.4803,43.3949]},"properties":{}},{"type":"Feature","geometry":{"type":"Point","coordinates":[-4.4804,43.3948]},"properties":{}},{"type":"Feature","geometry":{"type":"Point","coordinates":[-4.4805,43.3947]},"properties":{}},{"type":"Feature","geometry":{"type":"Point","coordinates":[-4.4805,43.3947]},"properties":{}},{"type":"Feature","geometry":{"type":"Point","coordinates":[-4.4806,43.3946]},"properties":{}},{"type":"Feature","geometry":{"type":"Point","coordinates":[-4.4807,43.3946]},"properties":{}},{"type":"Feature","geometry":{"type":"Point","coordinates":[-4.4807,43.3946]},"properties":{}},{"type":"Feature","geometry":{"type":"Point","coordinates":[-4.4807,43.3945]},"properties":{}},{"type":"Feature","geometry":{"type":"Point","coordinates":[-4.4809,43.3946]},"properties":{}},{"type":"Feature","geometry":{"type":"Point","coordinates":[-4.4812,43.3945]},"properties":{}},{"type":"Feature","geometry":{"type":"Point","coordinates":[-4.4814,43.3946]},"properties":{}},{"type":"Feature","geometry":{"type":"Point","coordinates":[-4.4815,43.3946]},"properties":{}},{"type":"Feature","geometry":{"type":"Point","coordinates":[-4.4816,43.3946]},"properties":{}},{"type":"Feature","geometry":{"type":"Point","coordinates":[-4.4817,43.3946]},"properties":{}},{"type":"Feature","geometry":{"type":"Point","coordinates":[-4.4818,43.3945]},"properties":{}},{"type":"Feature","geometry":{"type":"Point","coordinates":[-4.4818,43.3943]},"properties":{}},{"type":"Feature","geometry":{"type":"Point","coordinates":[-4.4819,43.3942]},"properties":{}},{"type":"Feature","geometry":{"type":"Point","coordinates":[-4.482,43.3941]},"properties":{}},{"type":"Feature","geometry":{"type":"Point","coordinates":[-4.4828,43.3941]},"properties":{}},{"type":"Feature","geometry":{"type":"Point","coordinates":[-4.4843,43.3933]},"properties":{}},{"type":"Feature","geometry":{"type":"Point","coordinates":[-4.4853,43.3933]},"properties":{}},{"type":"Feature","geometry":{"type":"Point","coordinates":[-4.4855,43.3932]},"properties":{}},{"type":"Feature","geometry":{"type":"Point","coordinates":[-4.4857,43.3932]},"properties":{}},{"type":"Feature","geometry":{"type":"Point","coordinates":[-4.4857,43.3933]},"properties":{}},{"type":"Feature","geometry":{"type":"Point","coordinates":[-4.4857,43.3933]},"properties":{}},{"type":"Feature","geometry":{"type":"Point","coordinates":[-4.4859,43.3932]},"properties":{}},{"type":"Feature","geometry":{"type":"Point","coordinates":[-4.4858,43.3931]},"properties":{}},{"type":"Feature","geometry":{"type":"Point","coordinates":[-4.486,43.3932]},"properties":{}},{"type":"Feature","geometry":{"type":"Point","coordinates":[-4.4861,43.3932]},"properties":{}},{"type":"Feature","geometry":{"type":"Point","coordinates":[-4.4862,43.3933]},"properties":{}},{"type":"Feature","geometry":{"type":"Point","coordinates":[-4.4862,43.3932]},"properties":{}},{"type":"Feature","geometry":{"type":"Point","coordinates":[-4.4863,43.3933]},"properties":{}},{"type":"Feature","geometry":{"type":"Point","coordinates":[-4.4863,43.3932]},"properties":{}},{"type":"Feature","geometry":{"type":"Point","coordinates":[-4.4866,43.3931]},"properties":{}},{"type":"Feature","geometry":{"type":"Point","coordinates":[-4.4867,43.393]},"properties":{}},{"type":"Feature","geometry":{"type":"Point","coordinates":[-4.4868,43.393]},"properties":{}},{"type":"Feature","geometry":{"type":"Point","coordinates":[-4.487,43.3931]},"properties":{}},{"type":"Feature","geometry":{"type":"Point","coordinates":[-4.4871,43.3931]},"properties":{}},{"type":"Feature","geometry":{"type":"Point","coordinates":[-4.4873,43.393]},"properties":{}},{"type":"Feature","geometry":{"type":"Point","coordinates":[-4.4874,43.393]},"properties":{}},{"type":"Feature","geometry":{"type":"Point","coordinates":[-4.4876,43.393]},"properties":{}},{"type":"Feature","geometry":{"type":"Point","coordinates":[-4.4877,43.3931]},"properties":{}},{"type":"Feature","geometry":{"type":"Point","coordinates":[-4.4879,43.3932]},"properties":{}},{"type":"Feature","geometry":{"type":"Point","coordinates":[-4.4882,43.3933]},"properties":{}},{"type":"Feature","geometry":{"type":"Point","coordinates":[-4.4883,43.3934]},"properties":{}},{"type":"Feature","geometry":{"type":"Point","coordinates":[-4.4884,43.3935]},"properties":{}},{"type":"Feature","geometry":{"type":"Point","coordinates":[-4.4885,43.3936]},"properties":{}},{"type":"Feature","geometry":{"type":"Point","coordinates":[-4.4886,43.3937]},"properties":{}},{"type":"Feature","geometry":{"type":"Point","coordinates":[-4.4887,43.3937]},"properties":{}},{"type":"Feature","geometry":{"type":"Point","coordinates":[-4.4888,43.3937]},"properties":{}},{"type":"Feature","geometry":{"type":"Point","coordinates":[-4.489,43.3937]},"properties":{}},{"type":"Feature","geometry":{"type":"Point","coordinates":[-4.4893,43.3938]},"properties":{}},{"type":"Feature","geometry":{"type":"Point","coordinates":[-4.4895,43.3938]},"properties":{}},{"type":"Feature","geometry":{"type":"Point","coordinates":[-4.49,43.3937]},"properties":{}},{"type":"Feature","geometry":{"type":"Point","coordinates":[-4.4905,43.394]},"properties":{}},{"type":"Feature","geometry":{"type":"Point","coordinates":[-4.4905,43.3944]},"properties":{}},{"type":"Feature","geometry":{"type":"Point","coordinates":[-4.49,43.3946]},"properties":{}},{"type":"Feature","geometry":{"type":"Point","coordinates":[-4.4898,43.3948]},"properties":{}},{"type":"Feature","geometry":{"type":"Point","coordinates":[-4.4896,43.3951]},"properties":{}},{"type":"Feature","geometry":{"type":"Point","coordinates":[-4.4894,43.3952]},"properties":{}},{"type":"Feature","geometry":{"type":"Point","coordinates":[-4.4894,43.3954]},"properties":{}},{"type":"Feature","geometry":{"type":"Point","coordinates":[-4.4897,43.3955]},"properties":{}},{"type":"Feature","geometry":{"type":"Point","coordinates":[-4.4898,43.3955]},"properties":{}},{"type":"Feature","geometry":{"type":"Point","coordinates":[-4.4899,43.3956]},"properties":{}},{"type":"Feature","geometry":{"type":"Point","coordinates":[-4.4901,43.3956]},"properties":{}},{"type":"Feature","geometry":{"type":"Point","coordinates":[-4.4904,43.3956]},"properties":{}},{"type":"Feature","geometry":{"type":"Point","coordinates":[-4.4903,43.3957]},"properties":{}},{"type":"Feature","geometry":{"type":"Point","coordinates":[-4.4904,43.3957]},"properties":{}},{"type":"Feature","geometry":{"type":"Point","coordinates":[-4.4906,43.3957]},"properties":{}},{"type":"Feature","geometry":{"type":"Point","coordinates":[-4.4909,43.3957]},"properties":{}},{"type":"Feature","geometry":{"type":"Point","coordinates":[-4.4908,43.3959]},"properties":{}},{"type":"Feature","geometry":{"type":"Point","coordinates":[-4.4908,43.396]},"properties":{}},{"type":"Feature","geometry":{"type":"Point","coordinates":[-4.4909,43.3961]},"properties":{}},{"type":"Feature","geometry":{"type":"Point","coordinates":[-4.4908,43.3962]},"properties":{}},{"type":"Feature","geometry":{"type":"Point","coordinates":[-4.4908,43.3962]},"properties":{}},{"type":"Feature","geometry":{"type":"Point","coordinates":[-4.4906,43.3963]},"properties":{}},{"type":"Feature","geometry":{"type":"Point","coordinates":[-4.4904,43.3965]},"properties":{}},{"type":"Feature","geometry":{"type":"Point","coordinates":[-4.4904,43.3965]},"properties":{}},{"type":"Feature","geometry":{"type":"Point","coordinates":[-4.4903,43.3966]},"properties":{}},{"type":"Feature","geometry":{"type":"Point","coordinates":[-4.4903,43.3967]},"properties":{}},{"type":"Feature","geometry":{"type":"Point","coordinates":[-4.4903,43.3968]},"properties":{}},{"type":"Feature","geometry":{"type":"Point","coordinates":[-4.4905,43.3968]},"properties":{}},{"type":"Feature","geometry":{"type":"Point","coordinates":[-4.4906,43.3969]},"properties":{}},{"type":"Feature","geometry":{"type":"Point","coordinates":[-4.4907,43.397]},"properties":{}},{"type":"Feature","geometry":{"type":"Point","coordinates":[-4.4908,43.3971]},"properties":{}},{"type":"Feature","geometry":{"type":"Point","coordinates":[-4.491,43.3971]},"properties":{}},{"type":"Feature","geometry":{"type":"Point","coordinates":[-4.4911,43.3972]},"properties":{}},{"type":"Feature","geometry":{"type":"Point","coordinates":[-4.4913,43.3972]},"properties":{}},{"type":"Feature","geometry":{"type":"Point","coordinates":[-4.4917,43.3972]},"properties":{}},{"type":"Feature","geometry":{"type":"Point","coordinates":[-4.4916,43.3971]},"properties":{}},{"type":"Feature","geometry":{"type":"Point","coordinates":[-4.4917,43.3971]},"properties":{}},{"type":"Feature","geometry":{"type":"Point","coordinates":[-4.4919,43.3971]},"properties":{}},{"type":"Feature","geometry":{"type":"Point","coordinates":[-4.4919,43.397]},"properties":{}},{"type":"Feature","geometry":{"type":"Point","coordinates":[-4.4922,43.3971]},"properties":{}},{"type":"Feature","geometry":{"type":"Point","coordinates":[-4.4921,43.3969]},"properties":{}},{"type":"Feature","geometry":{"type":"Point","coordinates":[-4.4924,43.3969]},"properties":{}},{"type":"Feature","geometry":{"type":"Point","coordinates":[-4.4927,43.397]},"properties":{}},{"type":"Feature","geometry":{"type":"Point","coordinates":[-4.493,43.397]},"properties":{}},{"type":"Feature","geometry":{"type":"Point","coordinates":[-4.4933,43.3971]},"properties":{}},{"type":"Feature","geometry":{"type":"Point","coordinates":[-4.4935,43.3971]},"properties":{}},{"type":"Feature","geometry":{"type":"Point","coordinates":[-4.4935,43.397]},"properties":{}},{"type":"Feature","geometry":{"type":"Point","coordinates":[-4.4937,43.397]},"properties":{}},{"type":"Feature","geometry":{"type":"Point","coordinates":[-4.4938,43.3971]},"properties":{}},{"type":"Feature","geometry":{"type":"Point","coordinates":[-4.494,43.3972]},"properties":{}},{"type":"Feature","geometry":{"type":"Point","coordinates":[-4.4944,43.3973]},"properties":{}},{"type":"Feature","geometry":{"type":"Point","coordinates":[-4.4945,43.3974]},"properties":{}},{"type":"Feature","geometry":{"type":"Point","coordinates":[-4.4946,43.3974]},"properties":{}},{"type":"Feature","geometry":{"type":"Point","coordinates":[-4.4949,43.3975]},"properties":{}},{"type":"Feature","geometry":{"type":"Point","coordinates":[-4.4952,43.3976]},"properties":{}},{"type":"Feature","geometry":{"type":"Point","coordinates":[-4.4954,43.3976]},"properties":{}},{"type":"Feature","geometry":{"type":"Point","coordinates":[-4.4951,43.3973]},"properties":{}},{"type":"Feature","geometry":{"type":"Point","coordinates":[-4.4953,43.3974]},"properties":{}},{"type":"Feature","geometry":{"type":"Point","coordinates":[-4.4955,43.3973]},"properties":{}},{"type":"Feature","geometry":{"type":"Point","coordinates":[-4.4951,43.3971]},"properties":{}},{"type":"Feature","geometry":{"type":"Point","coordinates":[-4.4948,43.397]},"properties":{}},{"type":"Feature","geometry":{"type":"Point","coordinates":[-4.4952,43.397]},"properties":{}},{"type":"Feature","geometry":{"type":"Point","coordinates":[-4.4955,43.3971]},"properties":{}},{"type":"Feature","geometry":{"type":"Point","coordinates":[-4.4959,43.3971]},"properties":{}},{"type":"Feature","geometry":{"type":"Point","coordinates":[-4.4961,43.3972]},"properties":{}},{"type":"Feature","geometry":{"type":"Point","coordinates":[-4.4963,43.3972]},"properties":{}},{"type":"Feature","geometry":{"type":"Point","coordinates":[-4.4962,43.3972]},"properties":{}},{"type":"Feature","geometry":{"type":"Point","coordinates":[-4.4964,43.3972]},"properties":{}},{"type":"Feature","geometry":{"type":"Point","coordinates":[-4.4965,43.3972]},"properties":{}},{"type":"Feature","geometry":{"type":"Point","coordinates":[-4.4966,43.3972]},"properties":{}},{"type":"Feature","geometry":{"type":"Point","coordinates":[-4.4969,43.3972]},"properties":{}},{"type":"Feature","geometry":{"type":"Point","coordinates":[-4.4967,43.3971]},"properties":{}},{"type":"Feature","geometry":{"type":"Point","coordinates":[-4.4967,43.397]},"properties":{}},{"type":"Feature","geometry":{"type":"Point","coordinates":[-4.4969,43.3971]},"properties":{}},{"type":"Feature","geometry":{"type":"Point","coordinates":[-4.497,43.3971]},"properties":{}},{"type":"Feature","geometry":{"type":"Point","coordinates":[-4.497,43.397]},"properties":{}},{"type":"Feature","geometry":{"type":"Point","coordinates":[-4.4972,43.397]},"properties":{}},{"type":"Feature","geometry":{"type":"Point","coordinates":[-4.4973,43.397]},"properties":{}},{"type":"Feature","geometry":{"type":"Point","coordinates":[-4.4975,43.3969]},"properties":{}},{"type":"Feature","geometry":{"type":"Point","coordinates":[-4.4975,43.3969]},"properties":{}},{"type":"Feature","geometry":{"type":"Point","coordinates":[-4.4976,43.3969]},"properties":{}},{"type":"Feature","geometry":{"type":"Point","coordinates":[-4.4976,43.3969]},"properties":{}},{"type":"Feature","geometry":{"type":"Point","coordinates":[-4.4979,43.3967]},"properties":{}},{"type":"Feature","geometry":{"type":"Point","coordinates":[-4.4982,43.3967]},"properties":{}},{"type":"Feature","geometry":{"type":"Point","coordinates":[-4.4984,43.3965]},"properties":{}},{"type":"Feature","geometry":{"type":"Point","coordinates":[-4.4985,43.3964]},"properties":{}},{"type":"Feature","geometry":{"type":"Point","coordinates":[-4.4986,43.3964]},"properties":{}},{"type":"Feature","geometry":{"type":"Point","coordinates":[-4.4985,43.3962]},"properties":{}},{"type":"Feature","geometry":{"type":"Point","coordinates":[-4.4986,43.3962]},"properties":{}},{"type":"Feature","geometry":{"type":"Point","coordinates":[-4.499,43.3961]},"properties":{}},{"type":"Feature","geometry":{"type":"Point","coordinates":[-4.4988,43.396]},"properties":{}},{"type":"Feature","geometry":{"type":"Point","coordinates":[-4.4989,43.396]},"properties":{}},{"type":"Feature","geometry":{"type":"Point","coordinates":[-4.4991,43.396]},"properties":{}},{"type":"Feature","geometry":{"type":"Point","coordinates":[-4.4993,43.396]},"properties":{}},{"type":"Feature","geometry":{"type":"Point","coordinates":[-4.4995,43.3961]},"properties":{}},{"type":"Feature","geometry":{"type":"Point","coordinates":[-4.5,43.396]},"properties":{}},{"type":"Feature","geometry":{"type":"Point","coordinates":[-4.5003,43.3959]},"properties":{}},{"type":"Feature","geometry":{"type":"Point","coordinates":[-4.4999,43.3959]},"properties":{}},{"type":"Feature","geometry":{"type":"Point","coordinates":[-4.5001,43.3958]},"properties":{}},{"type":"Feature","geometry":{"type":"Point","coordinates":[-4.5004,43.3957]},"properties":{}},{"type":"Feature","geometry":{"type":"Point","coordinates":[-4.5003,43.3956]},"properties":{}},{"type":"Feature","geometry":{"type":"Point","coordinates":[-4.5006,43.3955]},"properties":{}},{"type":"Feature","geometry":{"type":"Point","coordinates":[-4.5006,43.3955]},"properties":{}},{"type":"Feature","geometry":{"type":"Point","coordinates":[-4.5007,43.3954]},"properties":{}},{"type":"Feature","geometry":{"type":"Point","coordinates":[-4.5009,43.3953]},"properties":{}},{"type":"Feature","geometry":{"type":"Point","coordinates":[-4.5009,43.3952]},"properties":{}},{"type":"Feature","geometry":{"type":"Point","coordinates":[-4.5011,43.3952]},"properties":{}},{"type":"Feature","geometry":{"type":"Point","coordinates":[-4.5011,43.3952]},"properties":{}},{"type":"Feature","geometry":{"type":"Point","coordinates":[-4.5015,43.3952]},"properties":{}},{"type":"Feature","geometry":{"type":"Point","coordinates":[-4.5017,43.3951]},"properties":{}},{"type":"Feature","geometry":{"type":"Point","coordinates":[-4.5019,43.3952]},"properties":{}},{"type":"Feature","geometry":{"type":"Point","coordinates":[-4.5021,43.3951]},"properties":{}},{"type":"Feature","geometry":{"type":"Point","coordinates":[-4.5023,43.3951]},"properties":{}},{"type":"Feature","geometry":{"type":"Point","coordinates":[-4.5024,43.395]},"properties":{}},{"type":"Feature","geometry":{"type":"Point","coordinates":[-4.5027,43.395]},"properties":{}},{"type":"Feature","geometry":{"type":"Point","coordinates":[-4.5029,43.395]},"properties":{}},{"type":"Feature","geometry":{"type":"Point","coordinates":[-4.5031,43.395]},"properties":{}},{"type":"Feature","geometry":{"type":"Point","coordinates":[-4.5032,43.3949]},"properties":{}},{"type":"Feature","geometry":{"type":"Point","coordinates":[-4.5035,43.3948]},"properties":{}},{"type":"Feature","geometry":{"type":"Point","coordinates":[-4.5037,43.3948]},"properties":{}},{"type":"Feature","geometry":{"type":"Point","coordinates":[-4.504,43.3947]},"properties":{}},{"type":"Feature","geometry":{"type":"Point","coordinates":[-4.5042,43.3948]},"properties":{}},{"type":"Feature","geometry":{"type":"Point","coordinates":[-4.5044,43.3948]},"properties":{}},{"type":"Feature","geometry":{"type":"Point","coordinates":[-4.5046,43.3948]},"properties":{}},{"type":"Feature","geometry":{"type":"Point","coordinates":[-4.5049,43.3947]},"properties":{}},{"type":"Feature","geometry":{"type":"Point","coordinates":[-4.5051,43.3947]},"properties":{}},{"type":"Feature","geometry":{"type":"Point","coordinates":[-4.5052,43.3948]},"properties":{}},{"type":"Feature","geometry":{"type":"Point","coordinates":[-4.5056,43.3949]},"properties":{}},{"type":"Feature","geometry":{"type":"Point","coordinates":[-4.5058,43.3949]},"properties":{}},{"type":"Feature","geometry":{"type":"Point","coordinates":[-4.5062,43.3948]},"properties":{}},{"type":"Feature","geometry":{"type":"Point","coordinates":[-4.5063,43.3947]},"properties":{}},{"type":"Feature","geometry":{"type":"Point","coordinates":[-4.5064,43.3946]},"properties":{}},{"type":"Feature","geometry":{"type":"Point","coordinates":[-4.5065,43.3945]},"properties":{}},{"type":"Feature","geometry":{"type":"Point","coordinates":[-4.5067,43.3945]},"properties":{}},{"type":"Feature","geometry":{"type":"Point","coordinates":[-4.5066,43.3944]},"properties":{}},{"type":"Feature","geometry":{"type":"Point","coordinates":[-4.5069,43.3942]},"properties":{}},{"type":"Feature","geometry":{"type":"Point","coordinates":[-4.5073,43.3942]},"properties":{}},{"type":"Feature","geometry":{"type":"Point","coordinates":[-4.5074,43.3941]},"properties":{}},{"type":"Feature","geometry":{"type":"Point","coordinates":[-4.5075,43.394]},"properties":{}},{"type":"Feature","geometry":{"type":"Point","coordinates":[-4.5077,43.3941]},"properties":{}},{"type":"Feature","geometry":{"type":"Point","coordinates":[-4.5078,43.394]},"properties":{}},{"type":"Feature","geometry":{"type":"Point","coordinates":[-4.5079,43.394]},"properties":{}},{"type":"Feature","geometry":{"type":"Point","coordinates":[-4.5081,43.3939]},"properties":{}},{"type":"Feature","geometry":{"type":"Point","coordinates":[-4.5081,43.3938]},"properties":{}},{"type":"Feature","geometry":{"type":"Point","coordinates":[-4.5082,43.3937]},"properties":{}},{"type":"Feature","geometry":{"type":"Point","coordinates":[-4.5093,43.3932]},"properties":{}},{"type":"Feature","geometry":{"type":"Point","coordinates":[-4.5096,43.3931]},"properties":{}},{"type":"Feature","geometry":{"type":"Point","coordinates":[-4.5096,43.3932]},"properties":{}},{"type":"Feature","geometry":{"type":"Point","coordinates":[-4.5099,43.3932]},"properties":{}},{"type":"Feature","geometry":{"type":"Point","coordinates":[-4.5101,43.3932]},"properties":{}},{"type":"Feature","geometry":{"type":"Point","coordinates":[-4.5105,43.3933]},"properties":{}},{"type":"Feature","geometry":{"type":"Point","coordinates":[-4.5108,43.3934]},"properties":{}},{"type":"Feature","geometry":{"type":"Point","coordinates":[-4.5111,43.3935]},"properties":{}},{"type":"Feature","geometry":{"type":"Point","coordinates":[-4.5113,43.3934]},"properties":{}},{"type":"Feature","geometry":{"type":"Point","coordinates":[-4.5115,43.3934]},"properties":{}},{"type":"Feature","geometry":{"type":"Point","coordinates":[-4.5116,43.3933]},"properties":{}},{"type":"Feature","geometry":{"type":"Point","coordinates":[-4.5116,43.3932]},"properties":{}},{"type":"Feature","geometry":{"type":"Point","coordinates":[-4.5117,43.3932]},"properties":{}},{"type":"Feature","geometry":{"type":"Point","coordinates":[-4.6427,43.4025]},"properties":{}},{"type":"Feature","geometry":{"type":"Point","coordinates":[-4.6472,43.4024]},"properties":{}},{"type":"Feature","geometry":{"type":"Point","coordinates":[-4.6529,43.4011]},"properties":{}},{"type":"Feature","geometry":{"type":"Point","coordinates":[-4.8761,43.444]},"properties":{}},{"type":"Feature","geometry":{"type":"Point","coordinates":[-4.8764,43.4439]},"properties":{}},{"type":"Feature","geometry":{"type":"Point","coordinates":[-4.0988,43.4249]},"properties":{}},{"type":"Feature","geometry":{"type":"Point","coordinates":[-4.0988,43.4253]},"properties":{}},{"type":"Feature","geometry":{"type":"Point","coordinates":[-4.1001,43.4258]},"properties":{}},{"type":"Feature","geometry":{"type":"Point","coordinates":[-4.101,43.4253]},"properties":{}},{"type":"Feature","geometry":{"type":"Point","coordinates":[-4.1014,43.4249]},"properties":{}},{"type":"Feature","geometry":{"type":"Point","coordinates":[-5.5578,43.5491]},"properties":{}},{"type":"Feature","geometry":{"type":"Point","coordinates":[-5.5614,43.5492]},"properties":{}},{"type":"Feature","geometry":{"type":"Point","coordinates":[-5.5663,43.5497]},"properties":{}},{"type":"Feature","geometry":{"type":"Point","coordinates":[-5.5698,43.5504]},"properties":{}},{"type":"Feature","geometry":{"type":"Point","coordinates":[-5.5703,43.5497]},"properties":{}},{"type":"Feature","geometry":{"type":"Point","coordinates":[-5.5718,43.5498]},"properties":{}},{"type":"Feature","geometry":{"type":"Point","coordinates":[-5.5752,43.5503]},"properties":{}},{"type":"Feature","geometry":{"type":"Point","coordinates":[-5.5773,43.5499]},"properties":{}},{"type":"Feature","geometry":{"type":"Point","coordinates":[-5.5792,43.5486]},"properties":{}},{"type":"Feature","geometry":{"type":"Point","coordinates":[-5.5821,43.5495]},"properties":{}},{"type":"Feature","geometry":{"type":"Point","coordinates":[-5.5848,43.5493]},"properties":{}},{"type":"Feature","geometry":{"type":"Point","coordinates":[-5.5859,43.5495]},"properties":{}},{"type":"Feature","geometry":{"type":"Point","coordinates":[-5.5869,43.5495]},"properties":{}},{"type":"Feature","geometry":{"type":"Point","coordinates":[-5.5875,43.5496]},"properties":{}},{"type":"Feature","geometry":{"type":"Point","coordinates":[-5.5885,43.5488]},"properties":{}},{"type":"Feature","geometry":{"type":"Point","coordinates":[-5.5895,43.5478]},"properties":{}},{"type":"Feature","geometry":{"type":"Point","coordinates":[-5.5906,43.5475]},"properties":{}},{"type":"Feature","geometry":{"type":"Point","coordinates":[-3.9165,43.4751]},"properties":{}},{"type":"Feature","geometry":{"type":"Point","coordinates":[-3.9165,43.475]},"properties":{}},{"type":"Feature","geometry":{"type":"Point","coordinates":[-3.9166,43.4749]},"properties":{}},{"type":"Feature","geometry":{"type":"Point","coordinates":[-3.9167,43.4749]},"properties":{}},{"type":"Feature","geometry":{"type":"Point","coordinates":[-3.9167,43.475]},"properties":{}},{"type":"Feature","geometry":{"type":"Point","coordinates":[-3.9168,43.475]},"properties":{}},{"type":"Feature","geometry":{"type":"Point","coordinates":[-3.9168,43.475]},"properties":{}},{"type":"Feature","geometry":{"type":"Point","coordinates":[-3.9168,43.475]},"properties":{}},{"type":"Feature","geometry":{"type":"Point","coordinates":[-3.9169,43.475]},"properties":{}},{"type":"Feature","geometry":{"type":"Point","coordinates":[-3.9169,43.475]},"properties":{}},{"type":"Feature","geometry":{"type":"Point","coordinates":[-3.917,43.475]},"properties":{}},{"type":"Feature","geometry":{"type":"Point","coordinates":[-3.917,43.475]},"properties":{}},{"type":"Feature","geometry":{"type":"Point","coordinates":[-3.9171,43.4749]},"properties":{}},{"type":"Feature","geometry":{"type":"Point","coordinates":[-3.9171,43.4749]},"properties":{}},{"type":"Feature","geometry":{"type":"Point","coordinates":[-3.9171,43.4749]},"properties":{}},{"type":"Feature","geometry":{"type":"Point","coordinates":[-3.9172,43.4749]},"properties":{}},{"type":"Feature","geometry":{"type":"Point","coordinates":[-3.9172,43.4749]},"properties":{}},{"type":"Feature","geometry":{"type":"Point","coordinates":[-3.9173,43.4749]},"properties":{}},{"type":"Feature","geometry":{"type":"Point","coordinates":[-3.9173,43.4749]},"properties":{}},{"type":"Feature","geometry":{"type":"Point","coordinates":[-3.9174,43.4749]},"properties":{}},{"type":"Feature","geometry":{"type":"Point","coordinates":[-3.9174,43.4748]},"properties":{}},{"type":"Feature","geometry":{"type":"Point","coordinates":[-3.9174,43.4748]},"properties":{}},{"type":"Feature","geometry":{"type":"Point","coordinates":[-3.9175,43.4747]},"properties":{}},{"type":"Feature","geometry":{"type":"Point","coordinates":[-3.9175,43.4747]},"properties":{}},{"type":"Feature","geometry":{"type":"Point","coordinates":[-3.9176,43.4746]},"properties":{}},{"type":"Feature","geometry":{"type":"Point","coordinates":[-3.9177,43.4746]},"properties":{}},{"type":"Feature","geometry":{"type":"Point","coordinates":[-3.9177,43.4745]},"properties":{}},{"type":"Feature","geometry":{"type":"Point","coordinates":[-3.9178,43.4745]},"properties":{}},{"type":"Feature","geometry":{"type":"Point","coordinates":[-3.9178,43.4745]},"properties":{}},{"type":"Feature","geometry":{"type":"Point","coordinates":[-3.9178,43.4744]},"properties":{}},{"type":"Feature","geometry":{"type":"Point","coordinates":[-3.9178,43.4744]},"properties":{}},{"type":"Feature","geometry":{"type":"Point","coordinates":[-3.9178,43.4744]},"properties":{}},{"type":"Feature","geometry":{"type":"Point","coordinates":[-3.9177,43.4744]},"properties":{}},{"type":"Feature","geometry":{"type":"Point","coordinates":[-3.9177,43.4744]},"properties":{}},{"type":"Feature","geometry":{"type":"Point","coordinates":[-3.9177,43.4744]},"properties":{}},{"type":"Feature","geometry":{"type":"Point","coordinates":[-3.9176,43.4744]},"properties":{}},{"type":"Feature","geometry":{"type":"Point","coordinates":[-3.9176,43.4744]},"properties":{}},{"type":"Feature","geometry":{"type":"Point","coordinates":[-3.9175,43.4744]},"properties":{}},{"type":"Feature","geometry":{"type":"Point","coordinates":[-3.9175,43.4744]},"properties":{}},{"type":"Feature","geometry":{"type":"Point","coordinates":[-3.9174,43.4744]},"properties":{}},{"type":"Feature","geometry":{"type":"Point","coordinates":[-3.9174,43.4744]},"properties":{}},{"type":"Feature","geometry":{"type":"Point","coordinates":[-3.9173,43.4744]},"properties":{}},{"type":"Feature","geometry":{"type":"Point","coordinates":[-3.9173,43.4744]},"properties":{}},{"type":"Feature","geometry":{"type":"Point","coordinates":[-3.9173,43.4743]},"properties":{}},{"type":"Feature","geometry":{"type":"Point","coordinates":[-3.9173,43.4743]},"properties":{}},{"type":"Feature","geometry":{"type":"Point","coordinates":[-3.9174,43.4743]},"properties":{}},{"type":"Feature","geometry":{"type":"Point","coordinates":[-3.9175,43.4742]},"properties":{}},{"type":"Feature","geometry":{"type":"Point","coordinates":[-3.9177,43.4742]},"properties":{}},{"type":"Feature","geometry":{"type":"Point","coordinates":[-3.9177,43.4741]},"properties":{}},{"type":"Feature","geometry":{"type":"Point","coordinates":[-3.9178,43.4741]},"properties":{}},{"type":"Feature","geometry":{"type":"Point","coordinates":[-3.918,43.474]},"properties":{}},{"type":"Feature","geometry":{"type":"Point","coordinates":[-3.9181,43.474]},"properties":{}},{"type":"Feature","geometry":{"type":"Point","coordinates":[-3.9182,43.474]},"properties":{}},{"type":"Feature","geometry":{"type":"Point","coordinates":[-3.9184,43.4739]},"properties":{}},{"type":"Feature","geometry":{"type":"Point","coordinates":[-3.9185,43.4739]},"properties":{}},{"type":"Feature","geometry":{"type":"Point","coordinates":[-3.9185,43.4739]},"properties":{}},{"type":"Feature","geometry":{"type":"Point","coordinates":[-3.9186,43.4739]},"properties":{}},{"type":"Feature","geometry":{"type":"Point","coordinates":[-3.9187,43.4738]},"properties":{}},{"type":"Feature","geometry":{"type":"Point","coordinates":[-3.9188,43.4738]},"properties":{}},{"type":"Feature","geometry":{"type":"Point","coordinates":[-3.9189,43.4738]},"properties":{}},{"type":"Feature","geometry":{"type":"Point","coordinates":[-3.9189,43.4738]},"properties":{}},{"type":"Feature","geometry":{"type":"Point","coordinates":[-3.919,43.4737]},"properties":{}},{"type":"Feature","geometry":{"type":"Point","coordinates":[-3.9191,43.4737]},"properties":{}},{"type":"Feature","geometry":{"type":"Point","coordinates":[-3.9191,43.4737]},"properties":{}},{"type":"Feature","geometry":{"type":"Point","coordinates":[-3.9192,43.4737]},"properties":{}},{"type":"Feature","geometry":{"type":"Point","coordinates":[-3.9192,43.4737]},"properties":{}},{"type":"Feature","geometry":{"type":"Point","coordinates":[-3.9193,43.4736]},"properties":{}},{"type":"Feature","geometry":{"type":"Point","coordinates":[-3.9194,43.4736]},"properties":{}},{"type":"Feature","geometry":{"type":"Point","coordinates":[-3.9195,43.4736]},"properties":{}},{"type":"Feature","geometry":{"type":"Point","coordinates":[-3.9196,43.4736]},"properties":{}},{"type":"Feature","geometry":{"type":"Point","coordinates":[-3.9451,43.4687]},"properties":{}},{"type":"Feature","geometry":{"type":"Point","coordinates":[-3.9456,43.4684]},"properties":{}},{"type":"Feature","geometry":{"type":"Point","coordinates":[-3.946,43.468]},"properties":{}},{"type":"Feature","geometry":{"type":"Point","coordinates":[-3.9463,43.4676]},"properties":{}},{"type":"Feature","geometry":{"type":"Point","coordinates":[-3.9464,43.4671]},"properties":{}},{"type":"Feature","geometry":{"type":"Point","coordinates":[-3.9468,43.4668]},"properties":{}},{"type":"Feature","geometry":{"type":"Point","coordinates":[-3.9467,43.4667]},"properties":{}},{"type":"Feature","geometry":{"type":"Point","coordinates":[-3.9466,43.4666]},"properties":{}},{"type":"Feature","geometry":{"type":"Point","coordinates":[-3.9469,43.4665]},"properties":{}},{"type":"Feature","geometry":{"type":"Point","coordinates":[-3.9472,43.4662]},"properties":{}},{"type":"Feature","geometry":{"type":"Point","coordinates":[-3.9476,43.466]},"properties":{}},{"type":"Feature","geometry":{"type":"Point","coordinates":[-3.9481,43.4658]},"properties":{}},{"type":"Feature","geometry":{"type":"Point","coordinates":[-3.9484,43.4654]},"properties":{}},{"type":"Feature","geometry":{"type":"Point","coordinates":[-3.9489,43.4652]},"properties":{}},{"type":"Feature","geometry":{"type":"Point","coordinates":[-3.9491,43.4648]},"properties":{}},{"type":"Feature","geometry":{"type":"Point","coordinates":[-3.9494,43.4645]},"properties":{}},{"type":"Feature","geometry":{"type":"Point","coordinates":[-3.9499,43.4643]},"properties":{}},{"type":"Feature","geometry":{"type":"Point","coordinates":[-3.9504,43.4641]},"properties":{}},{"type":"Feature","geometry":{"type":"Point","coordinates":[-3.9506,43.4639]},"properties":{}},{"type":"Feature","geometry":{"type":"Point","coordinates":[-3.9511,43.4638]},"properties":{}},{"type":"Feature","geometry":{"type":"Point","coordinates":[-3.9514,43.4633]},"properties":{}},{"type":"Feature","geometry":{"type":"Point","coordinates":[-3.9512,43.4631]},"properties":{}},{"type":"Feature","geometry":{"type":"Point","coordinates":[-3.951,43.4631]},"properties":{}},{"type":"Feature","geometry":{"type":"Point","coordinates":[-3.9506,43.4629]},"properties":{}},{"type":"Feature","geometry":{"type":"Point","coordinates":[-3.9504,43.4627]},"properties":{}},{"type":"Feature","geometry":{"type":"Point","coordinates":[-3.9509,43.4624]},"properties":{}},{"type":"Feature","geometry":{"type":"Point","coordinates":[-3.9513,43.4621]},"properties":{}},{"type":"Feature","geometry":{"type":"Point","coordinates":[-3.951,43.462]},"properties":{}},{"type":"Feature","geometry":{"type":"Point","coordinates":[-3.9515,43.4621]},"properties":{}},{"type":"Feature","geometry":{"type":"Point","coordinates":[-3.9516,43.4621]},"properties":{}},{"type":"Feature","geometry":{"type":"Point","coordinates":[-3.9517,43.4619]},"properties":{}},{"type":"Feature","geometry":{"type":"Point","coordinates":[-3.9515,43.4616]},"properties":{}},{"type":"Feature","geometry":{"type":"Point","coordinates":[-3.9518,43.4617]},"properties":{}},{"type":"Feature","geometry":{"type":"Point","coordinates":[-3.952,43.4616]},"properties":{}},{"type":"Feature","geometry":{"type":"Point","coordinates":[-3.9523,43.4611]},"properties":{}},{"type":"Feature","geometry":{"type":"Point","coordinates":[-3.9525,43.4607]},"properties":{}},{"type":"Feature","geometry":{"type":"Point","coordinates":[-3.953,43.4603]},"properties":{}},{"type":"Feature","geometry":{"type":"Point","coordinates":[-3.9534,43.4599]},"properties":{}},{"type":"Feature","geometry":{"type":"Point","coordinates":[-3.9539,43.4595]},"properties":{}},{"type":"Feature","geometry":{"type":"Point","coordinates":[-3.9541,43.4591]},"properties":{}},{"type":"Feature","geometry":{"type":"Point","coordinates":[-3.9545,43.4589]},"properties":{}},{"type":"Feature","geometry":{"type":"Point","coordinates":[-3.9546,43.4585]},"properties":{}},{"type":"Feature","geometry":{"type":"Point","coordinates":[-3.9549,43.4583]},"properties":{}},{"type":"Feature","geometry":{"type":"Point","coordinates":[-3.9551,43.4582]},"properties":{}},{"type":"Feature","geometry":{"type":"Point","coordinates":[-3.9552,43.4578]},"properties":{}},{"type":"Feature","geometry":{"type":"Point","coordinates":[-3.9557,43.4574]},"properties":{}},{"type":"Feature","geometry":{"type":"Point","coordinates":[-3.9561,43.4569]},"properties":{}},{"type":"Feature","geometry":{"type":"Point","coordinates":[-3.9565,43.4565]},"properties":{}},{"type":"Feature","geometry":{"type":"Point","coordinates":[-3.957,43.4561]},"properties":{}},{"type":"Feature","geometry":{"type":"Point","coordinates":[-3.9575,43.4556]},"properties":{}},{"type":"Feature","geometry":{"type":"Point","coordinates":[-3.9579,43.4552]},"properties":{}},{"type":"Feature","geometry":{"type":"Point","coordinates":[-3.9585,43.4549]},"properties":{}},{"type":"Feature","geometry":{"type":"Point","coordinates":[-3.9592,43.4546]},"properties":{}},{"type":"Feature","geometry":{"type":"Point","coordinates":[-3.9598,43.4543]},"properties":{}},{"type":"Feature","geometry":{"type":"Point","coordinates":[-3.9604,43.4539]},"properties":{}},{"type":"Feature","geometry":{"type":"Point","coordinates":[-3.9609,43.4536]},"properties":{}},{"type":"Feature","geometry":{"type":"Point","coordinates":[-3.9616,43.4533]},"properties":{}},{"type":"Feature","geometry":{"type":"Point","coordinates":[-3.9623,43.4531]},"properties":{}},{"type":"Feature","geometry":{"type":"Point","coordinates":[-3.963,43.4529]},"properties":{}},{"type":"Feature","geometry":{"type":"Point","coordinates":[-3.9637,43.4526]},"properties":{}},{"type":"Feature","geometry":{"type":"Point","coordinates":[-3.9643,43.4523]},"properties":{}},{"type":"Feature","geometry":{"type":"Point","coordinates":[-3.965,43.4521]},"properties":{}},{"type":"Feature","geometry":{"type":"Point","coordinates":[-3.9653,43.452]},"properties":{}},{"type":"Feature","geometry":{"type":"Point","coordinates":[-3.9652,43.4516]},"properties":{}},{"type":"Feature","geometry":{"type":"Point","coordinates":[-3.9655,43.4512]},"properties":{}},{"type":"Feature","geometry":{"type":"Point","coordinates":[-3.9657,43.4509]},"properties":{}},{"type":"Feature","geometry":{"type":"Point","coordinates":[-3.9662,43.4509]},"properties":{}},{"type":"Feature","geometry":{"type":"Point","coordinates":[-3.9668,43.4506]},"properties":{}},{"type":"Feature","geometry":{"type":"Point","coordinates":[-3.9674,43.4503]},"properties":{}},{"type":"Feature","geometry":{"type":"Point","coordinates":[-3.9676,43.4501]},"properties":{}},{"type":"Feature","geometry":{"type":"Point","coordinates":[-3.9678,43.4497]},"properties":{}},{"type":"Feature","geometry":{"type":"Point","coordinates":[-3.9684,43.4494]},"properties":{}},{"type":"Feature","geometry":{"type":"Point","coordinates":[-3.969,43.449]},"properties":{}},{"type":"Feature","geometry":{"type":"Point","coordinates":[-3.9694,43.4486]},"properties":{}},{"type":"Feature","geometry":{"type":"Point","coordinates":[-3.9699,43.4482]},"properties":{}},{"type":"Feature","geometry":{"type":"Point","coordinates":[-3.9704,43.4479]},"properties":{}},{"type":"Feature","geometry":{"type":"Point","coordinates":[-3.9711,43.4475]},"properties":{}},{"type":"Feature","geometry":{"type":"Point","coordinates":[-3.9717,43.4472]},"properties":{}},{"type":"Feature","geometry":{"type":"Point","coordinates":[-3.9724,43.4468]},"properties":{}},{"type":"Feature","geometry":{"type":"Point","coordinates":[-3.9729,43.4466]},"properties":{}},{"type":"Feature","geometry":{"type":"Point","coordinates":[-3.9736,43.4463]},"properties":{}},{"type":"Feature","geometry":{"type":"Point","coordinates":[-3.9742,43.446]},"properties":{}},{"type":"Feature","geometry":{"type":"Point","coordinates":[-3.9748,43.4458]},"properties":{}},{"type":"Feature","geometry":{"type":"Point","coordinates":[-3.9753,43.4455]},"properties":{}},{"type":"Feature","geometry":{"type":"Point","coordinates":[-3.9757,43.4451]},"properties":{}},{"type":"Feature","geometry":{"type":"Point","coordinates":[-3.9762,43.4448]},"properties":{}},{"type":"Feature","geometry":{"type":"Point","coordinates":[-3.9767,43.4444]},"properties":{}},{"type":"Feature","geometry":{"type":"Point","coordinates":[-3.9773,43.4441]},"properties":{}},{"type":"Feature","geometry":{"type":"Point","coordinates":[-3.9778,43.4437]},"properties":{}},{"type":"Feature","geometry":{"type":"Point","coordinates":[-3.9784,43.4432]},"properties":{}},{"type":"Feature","geometry":{"type":"Point","coordinates":[-3.9791,43.4427]},"properties":{}},{"type":"Feature","geometry":{"type":"Point","coordinates":[-3.9796,43.4423]},"properties":{}},{"type":"Feature","geometry":{"type":"Point","coordinates":[-3.9804,43.4419]},"properties":{}},{"type":"Feature","geometry":{"type":"Point","coordinates":[-3.981,43.4416]},"properties":{}},{"type":"Feature","geometry":{"type":"Point","coordinates":[-6.4899,43.5487]},"properties":{}},{"type":"Feature","geometry":{"type":"Point","coordinates":[-6.4916,43.5488]},"properties":{}},{"type":"Feature","geometry":{"type":"Point","coordinates":[-6.4931,43.5491]},"properties":{}},{"type":"Feature","geometry":{"type":"Point","coordinates":[-6.4962,43.5503]},"properties":{}},{"type":"Feature","geometry":{"type":"Point","coordinates":[-6.4975,43.5509]},"properties":{}},{"type":"Feature","geometry":{"type":"Point","coordinates":[-6.4979,43.5508]},"properties":{}},{"type":"Feature","geometry":{"type":"Point","coordinates":[-6.4986,43.5513]},"properties":{}},{"type":"Feature","geometry":{"type":"Point","coordinates":[-6.5008,43.5506]},"properties":{}},{"type":"Feature","geometry":{"type":"Point","coordinates":[-6.5014,43.5514]},"properties":{}},{"type":"Feature","geometry":{"type":"Point","coordinates":[-6.5022,43.5506]},"properties":{}},{"type":"Feature","geometry":{"type":"Point","coordinates":[-6.4037,43.5561]},"properties":{}},{"type":"Feature","geometry":{"type":"Point","coordinates":[-6.4088,43.5568]},"properties":{}},{"type":"Feature","geometry":{"type":"Point","coordinates":[-6.4111,43.5577]},"properties":{}},{"type":"Feature","geometry":{"type":"Point","coordinates":[-6.4141,43.5579]},"properties":{}},{"type":"Feature","geometry":{"type":"Point","coordinates":[-6.4149,43.5581]},"properties":{}},{"type":"Feature","geometry":{"type":"Point","coordinates":[-6.4161,43.5582]},"properties":{}},{"type":"Feature","geometry":{"type":"Point","coordinates":[-6.4165,43.5582]},"properties":{}},{"type":"Feature","geometry":{"type":"Point","coordinates":[-6.4175,43.5576]},"properties":{}},{"type":"Feature","geometry":{"type":"Point","coordinates":[-6.4181,43.5566]},"properties":{}},{"type":"Feature","geometry":{"type":"Point","coordinates":[-6.419,43.5546]},"properties":{}},{"type":"Feature","geometry":{"type":"Point","coordinates":[-6.4232,43.5532]},"properties":{}},{"type":"Feature","geometry":{"type":"Point","coordinates":[-6.425,43.5532]},"properties":{}},{"type":"Feature","geometry":{"type":"Point","coordinates":[-6.4269,43.5527]},"properties":{}},{"type":"Feature","geometry":{"type":"Point","coordinates":[-6.431,43.553]},"properties":{}},{"type":"Feature","geometry":{"type":"Point","coordinates":[-6.4322,43.5536]},"properties":{}},{"type":"Feature","geometry":{"type":"Point","coordinates":[-6.4335,43.5551]},"properties":{}},{"type":"Feature","geometry":{"type":"Point","coordinates":[-6.4349,43.5558]},"properties":{}},{"type":"Feature","geometry":{"type":"Point","coordinates":[-6.4364,43.555]},"properties":{}},{"type":"Feature","geometry":{"type":"Point","coordinates":[-6.4376,43.5552]},"properties":{}},{"type":"Feature","geometry":{"type":"Point","coordinates":[-6.4388,43.5558]},"properties":{}},{"type":"Feature","geometry":{"type":"Point","coordinates":[-6.4393,43.5569]},"properties":{}},{"type":"Feature","geometry":{"type":"Point","coordinates":[-6.4391,43.5582]},"properties":{}},{"type":"Feature","geometry":{"type":"Point","coordinates":[-6.4393,43.559]},"properties":{}},{"type":"Feature","geometry":{"type":"Point","coordinates":[-6.44,43.5588]},"properties":{}},{"type":"Feature","geometry":{"type":"Point","coordinates":[-6.4437,43.5591]},"properties":{}},{"type":"Feature","geometry":{"type":"Point","coordinates":[-6.4446,43.5607]},"properties":{}},{"type":"Feature","geometry":{"type":"Point","coordinates":[-6.4452,43.561]},"properties":{}},{"type":"Feature","geometry":{"type":"Point","coordinates":[-6.4458,43.5622]},"properties":{}},{"type":"Feature","geometry":{"type":"Point","coordinates":[-6.4461,43.5624]},"properties":{}},{"type":"Feature","geometry":{"type":"Point","coordinates":[-6.4467,43.5619]},"properties":{}},{"type":"Feature","geometry":{"type":"Point","coordinates":[-6.4471,43.561]},"properties":{}},{"type":"Feature","geometry":{"type":"Point","coordinates":[-6.4485,43.5606]},"properties":{}},{"type":"Feature","geometry":{"type":"Point","coordinates":[-6.4513,43.5612]},"properties":{}},{"type":"Feature","geometry":{"type":"Point","coordinates":[-6.4531,43.5621]},"properties":{}},{"type":"Feature","geometry":{"type":"Point","coordinates":[-6.4545,43.5632]},"properties":{}},{"type":"Feature","geometry":{"type":"Point","coordinates":[-6.4552,43.5639]},"properties":{}},{"type":"Feature","geometry":{"type":"Point","coordinates":[-6.4549,43.5644]},"properties":{}},{"type":"Feature","geometry":{"type":"Point","coordinates":[-6.4556,43.5638]},"properties":{}},{"type":"Feature","geometry":{"type":"Point","coordinates":[-6.456,43.5641]},"properties":{}},{"type":"Feature","geometry":{"type":"Point","coordinates":[-6.4574,43.5638]},"properties":{}},{"type":"Feature","geometry":{"type":"Point","coordinates":[-6.4599,43.5644]},"properties":{}},{"type":"Feature","geometry":{"type":"Point","coordinates":[-6.4614,43.5664]},"properties":{}},{"type":"Feature","geometry":{"type":"Point","coordinates":[-6.4607,43.568]},"properties":{}},{"type":"Feature","geometry":{"type":"Point","coordinates":[-6.4603,43.569]},"properties":{}},{"type":"Feature","geometry":{"type":"Point","coordinates":[-6.4609,43.5687]},"properties":{}},{"type":"Feature","geometry":{"type":"Point","coordinates":[-6.4614,43.5688]},"properties":{}},{"type":"Feature","geometry":{"type":"Point","coordinates":[-6.4638,43.5686]},"properties":{}},{"type":"Feature","geometry":{"type":"Point","coordinates":[-6.4654,43.5687]},"properties":{}},{"type":"Feature","geometry":{"type":"Point","coordinates":[-6.2342,43.5914]},"properties":{}},{"type":"Feature","geometry":{"type":"Point","coordinates":[-6.2338,43.5914]},"properties":{}},{"type":"Feature","geometry":{"type":"Point","coordinates":[-6.2269,43.591]},"properties":{}},{"type":"Feature","geometry":{"type":"Point","coordinates":[-6.2272,43.5911]},"properties":{}},{"type":"Feature","geometry":{"type":"Point","coordinates":[-6.2268,43.5903]},"properties":{}},{"type":"Feature","geometry":{"type":"Point","coordinates":[-6.2267,43.5909]},"properties":{}},{"type":"Feature","geometry":{"type":"Point","coordinates":[-6.2269,43.591]},"properties":{}},{"type":"Feature","geometry":{"type":"Point","coordinates":[-6.2324,43.5918]},"properties":{}},{"type":"Feature","geometry":{"type":"Point","coordinates":[-6.2314,43.5922]},"properties":{}},{"type":"Feature","geometry":{"type":"Point","coordinates":[-6.1923,43.58]},"properties":{}},{"type":"Feature","geometry":{"type":"Point","coordinates":[-6.1917,43.5803]},"properties":{}},{"type":"Feature","geometry":{"type":"Point","coordinates":[-6.1923,43.58]},"properties":{}},{"type":"Feature","geometry":{"type":"Point","coordinates":[-6.2221,43.5829]},"properties":{}},{"type":"Feature","geometry":{"type":"Point","coordinates":[-6.2228,43.5825]},"properties":{}},{"type":"Feature","geometry":{"type":"Point","coordinates":[-6.1911,43.5793]},"properties":{}},{"type":"Feature","geometry":{"type":"Point","coordinates":[-6.1911,43.5797]},"properties":{}},{"type":"Feature","geometry":{"type":"Point","coordinates":[-6.1914,43.5793]},"properties":{}},{"type":"Feature","geometry":{"type":"Point","coordinates":[-6.2247,43.5851]},"properties":{}},{"type":"Feature","geometry":{"type":"Point","coordinates":[-6.2239,43.5857]},"properties":{}},{"type":"Feature","geometry":{"type":"Point","coordinates":[-6.2246,43.5862]},"properties":{}},{"type":"Feature","geometry":{"type":"Point","coordinates":[-6.2258,43.5859]},"properties":{}},{"type":"Feature","geometry":{"type":"Point","coordinates":[-6.2262,43.5863]},"properties":{}},{"type":"Feature","geometry":{"type":"Point","coordinates":[-6.2265,43.5877]},"properties":{}},{"type":"Feature","geometry":{"type":"Point","coordinates":[-6.2272,43.5881]},"properties":{}},{"type":"Feature","geometry":{"type":"Point","coordinates":[-6.2269,43.5884]},"properties":{}},{"type":"Feature","geometry":{"type":"Point","coordinates":[-6.2268,43.5887]},"properties":{}},{"type":"Feature","geometry":{"type":"Point","coordinates":[-6.2272,43.5885]},"properties":{}},{"type":"Feature","geometry":{"type":"Point","coordinates":[-6.2277,43.5885]},"properties":{}},{"type":"Feature","geometry":{"type":"Point","coordinates":[-6.2278,43.5885]},"properties":{}},{"type":"Feature","geometry":{"type":"Point","coordinates":[-6.2285,43.5888]},"properties":{}},{"type":"Feature","geometry":{"type":"Point","coordinates":[-6.2289,43.5886]},"properties":{}},{"type":"Feature","geometry":{"type":"Point","coordinates":[-6.2293,43.5889]},"properties":{}},{"type":"Feature","geometry":{"type":"Point","coordinates":[-6.2296,43.5884]},"properties":{}},{"type":"Feature","geometry":{"type":"Point","coordinates":[-6.2302,43.5881]},"properties":{}},{"type":"Feature","geometry":{"type":"Point","coordinates":[-6.232,43.5885]},"properties":{}},{"type":"Feature","geometry":{"type":"Point","coordinates":[-6.2318,43.5894]},"properties":{}},{"type":"Feature","geometry":{"type":"Point","coordinates":[-6.2325,43.5901]},"properties":{}},{"type":"Feature","geometry":{"type":"Point","coordinates":[-6.2329,43.5909]},"properties":{}},{"type":"Feature","geometry":{"type":"Point","coordinates":[-6.1502,43.571]},"properties":{}},{"type":"Feature","geometry":{"type":"Point","coordinates":[-6.1502,43.5706]},"properties":{}},{"type":"Feature","geometry":{"type":"Point","coordinates":[-6.1501,43.5709]},"properties":{}},{"type":"Feature","geometry":{"type":"Point","coordinates":[-6.0896,43.563]},"properties":{}},{"type":"Feature","geometry":{"type":"Point","coordinates":[-6.0895,43.5629]},"properties":{}},{"type":"Feature","geometry":{"type":"Point","coordinates":[-6.1382,43.565]},"properties":{}},{"type":"Feature","geometry":{"type":"Point","coordinates":[-6.1378,43.5648]},"properties":{}},{"type":"Feature","geometry":{"type":"Point","coordinates":[-6.1377,43.5651]},"properties":{}},{"type":"Feature","geometry":{"type":"Point","coordinates":[-6.1379,43.5652]},"properties":{}},{"type":"Feature","geometry":{"type":"Point","coordinates":[-6.1381,43.5651]},"properties":{}},{"type":"Feature","geometry":{"type":"Point","coordinates":[-6.1382,43.565]},"properties":{}},{"type":"Feature","geometry":{"type":"Point","coordinates":[-6.2719,43.5764]},"properties":{}},{"type":"Feature","geometry":{"type":"Point","coordinates":[-6.6266,43.5725]},"properties":{}},{"type":"Feature","geometry":{"type":"Point","coordinates":[-6.6251,43.5723]},"properties":{}},{"type":"Feature","geometry":{"type":"Point","coordinates":[-6.6266,43.5725]},"properties":{}},{"type":"Feature","geometry":{"type":"Point","coordinates":[-6.7203,43.5565]},"properties":{}},{"type":"Feature","geometry":{"type":"Point","coordinates":[-6.7215,43.5555]},"properties":{}},{"type":"Feature","geometry":{"type":"Point","coordinates":[-6.7243,43.5556]},"properties":{}},{"type":"Feature","geometry":{"type":"Point","coordinates":[-6.7245,43.5556]},"properties":{}},{"type":"Feature","geometry":{"type":"Point","coordinates":[-6.2378,43.5935]},"properties":{}},{"type":"Feature","geometry":{"type":"Point","coordinates":[-6.2381,43.5932]},"properties":{}},{"type":"Feature","geometry":{"type":"Point","coordinates":[-6.2374,43.5937]},"properties":{}},{"type":"Feature","geometry":{"type":"Point","coordinates":[-6.2327,43.5912]},"properties":{}},{"type":"Feature","geometry":{"type":"Point","coordinates":[-6.2328,43.5911]},"properties":{}},{"type":"Feature","geometry":{"type":"Point","coordinates":[-6.2461,43.5918]},"properties":{}},{"type":"Feature","geometry":{"type":"Point","coordinates":[-6.2458,43.5915]},"properties":{}},{"type":"Feature","geometry":{"type":"Point","coordinates":[-6.2459,43.5918]},"properties":{}},{"type":"Feature","geometry":{"type":"Point","coordinates":[-6.245,43.5936]},"properties":{}},{"type":"Feature","geometry":{"type":"Point","coordinates":[-6.2449,43.5934]},"properties":{}},{"type":"Feature","geometry":{"type":"Point","coordinates":[-6.2256,43.5866]},"properties":{}},{"type":"Feature","geometry":{"type":"Point","coordinates":[-6.2254,43.5867]},"properties":{}},{"type":"Feature","geometry":{"type":"Point","coordinates":[-6.2256,43.5866]},"properties":{}},{"type":"Feature","geometry":{"type":"Point","coordinates":[-6.2256,43.5864]},"properties":{}},{"type":"Feature","geometry":{"type":"Point","coordinates":[-6.2257,43.5863]},"properties":{}},{"type":"Feature","geometry":{"type":"Point","coordinates":[-6.2932,43.5701]},"properties":{}},{"type":"Feature","geometry":{"type":"Point","coordinates":[-6.2086,43.5854]},"properties":{}},{"type":"Feature","geometry":{"type":"Point","coordinates":[-6.2088,43.5855]},"properties":{}},{"type":"Feature","geometry":{"type":"Point","coordinates":[-6.2086,43.585]},"properties":{}},{"type":"Feature","geometry":{"type":"Point","coordinates":[-4.4644,43.3938]},"properties":{}},{"type":"Feature","geometry":{"type":"Point","coordinates":[-4.4642,43.394]},"properties":{}},{"type":"Feature","geometry":{"type":"Point","coordinates":[-4.4651,43.3938]},"properties":{}},{"type":"Feature","geometry":{"type":"Point","coordinates":[-4.4651,43.3938]},"properties":{}},{"type":"Feature","geometry":{"type":"Point","coordinates":[-4.4646,43.3938]},"properties":{}},{"type":"Feature","geometry":{"type":"Point","coordinates":[-4.4649,43.3937]},"properties":{}},{"type":"Feature","geometry":{"type":"Point","coordinates":[-5.0663,43.4667]},"properties":{}},{"type":"Feature","geometry":{"type":"Point","coordinates":[-5.071,43.4661]},"properties":{}},{"type":"Feature","geometry":{"type":"Point","coordinates":[-5.0752,43.4676]},"properties":{}},{"type":"Feature","geometry":{"type":"Point","coordinates":[-4.8119,43.4364]},"properties":{}},{"type":"Feature","geometry":{"type":"Point","coordinates":[-4.8118,43.4364]},"properties":{}},{"type":"Feature","geometry":{"type":"Point","coordinates":[-4.8119,43.4365]},"properties":{}},{"type":"Feature","geometry":{"type":"Point","coordinates":[-4.8043,43.4333]},"properties":{}},{"type":"Feature","geometry":{"type":"Point","coordinates":[-4.8055,43.4329]},"properties":{}},{"type":"Feature","geometry":{"type":"Point","coordinates":[-4.8073,43.4323]},"properties":{}},{"type":"Feature","geometry":{"type":"Point","coordinates":[-4.8072,43.4325]},"properties":{}},{"type":"Feature","geometry":{"type":"Point","coordinates":[-4.8012,43.4322]},"properties":{}},{"type":"Feature","geometry":{"type":"Point","coordinates":[-4.801,43.4326]},"properties":{}},{"type":"Feature","geometry":{"type":"Point","coordinates":[-4.8175,43.4382]},"properties":{}},{"type":"Feature","geometry":{"type":"Point","coordinates":[-4.8175,43.438]},"properties":{}},{"type":"Feature","geometry":{"type":"Point","coordinates":[-4.8175,43.4382]},"properties":{}},{"type":"Feature","geometry":{"type":"Point","coordinates":[-4.8547,43.4443]},"properties":{}},{"type":"Feature","geometry":{"type":"Point","coordinates":[-4.8551,43.4443]},"properties":{}},{"type":"Feature","geometry":{"type":"Point","coordinates":[-4.8548,43.4441]},"properties":{}},{"type":"Feature","geometry":{"type":"Point","coordinates":[-4.7393,43.4168]},"properties":{}},{"type":"Feature","geometry":{"type":"Point","coordinates":[-4.7392,43.4168]},"properties":{}},{"type":"Feature","geometry":{"type":"Point","coordinates":[-6.9974,43.554]},"properties":{}},{"type":"Feature","geometry":{"type":"Point","coordinates":[-6.9969,43.5539]},"properties":{}},{"type":"Feature","geometry":{"type":"Point","coordinates":[-6.9974,43.554]},"properties":{}},{"type":"Feature","geometry":{"type":"Point","coordinates":[-6.9888,43.5622]},"properties":{}},{"type":"Feature","geometry":{"type":"Point","coordinates":[-6.9884,43.5619]},"properties":{}},{"type":"Feature","geometry":{"type":"Point","coordinates":[-6.9884,43.5619]},"properties":{}},{"type":"Feature","geometry":{"type":"Point","coordinates":[-7.0287,43.5563]},"properties":{}},{"type":"Feature","geometry":{"type":"Point","coordinates":[-7.0274,43.5554]},"properties":{}},{"type":"Feature","geometry":{"type":"Point","coordinates":[-7.036,43.5469]},"properties":{}},{"type":"Feature","geometry":{"type":"Point","coordinates":[-7.0358,43.5474]},"properties":{}},{"type":"Feature","geometry":{"type":"Point","coordinates":[-7.0353,43.5479]},"properties":{}},{"type":"Feature","geometry":{"type":"Point","coordinates":[-7.0353,43.5483]},"properties":{}},{"type":"Feature","geometry":{"type":"Point","coordinates":[-7.0355,43.5493]},"properties":{}},{"type":"Feature","geometry":{"type":"Point","coordinates":[-7.0345,43.5502]},"properties":{}},{"type":"Feature","geometry":{"type":"Point","coordinates":[-7.0355,43.5499]},"properties":{}},{"type":"Feature","geometry":{"type":"Point","coordinates":[-7.0361,43.551]},"properties":{}},{"type":"Feature","geometry":{"type":"Point","coordinates":[-7.0365,43.5515]},"properties":{}},{"type":"Feature","geometry":{"type":"Point","coordinates":[-7.037,43.5523]},"properties":{}},{"type":"Feature","geometry":{"type":"Point","coordinates":[-7.0375,43.5523]},"properties":{}},{"type":"Feature","geometry":{"type":"Point","coordinates":[-7.0379,43.5519]},"properties":{}},{"type":"Feature","geometry":{"type":"Point","coordinates":[-7.0378,43.5523]},"properties":{}},{"type":"Feature","geometry":{"type":"Point","coordinates":[-7.0382,43.5527]},"properties":{}},{"type":"Feature","geometry":{"type":"Point","coordinates":[-7.0392,43.5528]},"properties":{}},{"type":"Feature","geometry":{"type":"Point","coordinates":[-7.0391,43.5532]},"properties":{}},{"type":"Feature","geometry":{"type":"Point","coordinates":[-7.0403,43.5531]},"properties":{}},{"type":"Feature","geometry":{"type":"Point","coordinates":[-7.0401,43.5535]},"properties":{}},{"type":"Feature","geometry":{"type":"Point","coordinates":[-7.0406,43.5534]},"properties":{}},{"type":"Feature","geometry":{"type":"Point","coordinates":[-7.0414,43.5536]},"properties":{}},{"type":"Feature","geometry":{"type":"Point","coordinates":[-7.0414,43.554]},"properties":{}},{"type":"Feature","geometry":{"type":"Point","coordinates":[-7.0414,43.5551]},"properties":{}},{"type":"Feature","geometry":{"type":"Point","coordinates":[-7.0421,43.5556]},"properties":{}},{"type":"Feature","geometry":{"type":"Point","coordinates":[-5.0129,43.4596]},"properties":{}},{"type":"Feature","geometry":{"type":"Point","coordinates":[-5.0131,43.4599]},"properties":{}},{"type":"Feature","geometry":{"type":"Point","coordinates":[-5.0129,43.4596]},"properties":{}},{"type":"Feature","geometry":{"type":"Point","coordinates":[-7.0415,43.5557]},"properties":{}},{"type":"Feature","geometry":{"type":"Point","coordinates":[-7.0409,43.5561]},"properties":{}},{"type":"Feature","geometry":{"type":"Point","coordinates":[-7.0411,43.5567]},"properties":{}},{"type":"Feature","geometry":{"type":"Point","coordinates":[-7.0285,43.5571]},"properties":{}},{"type":"Feature","geometry":{"type":"Point","coordinates":[-3.1923,43.3637]},"properties":{}},{"type":"Feature","geometry":{"type":"Point","coordinates":[-3.1927,43.3637]},"properties":{}},{"type":"Feature","geometry":{"type":"Point","coordinates":[-3.1929,43.3635]},"properties":{}},{"type":"Feature","geometry":{"type":"Point","coordinates":[-3.193,43.363]},"properties":{}},{"type":"Feature","geometry":{"type":"Point","coordinates":[-3.1943,43.3633]},"properties":{}},{"type":"Feature","geometry":{"type":"Point","coordinates":[-3.1944,43.3642]},"properties":{}},{"type":"Feature","geometry":{"type":"Point","coordinates":[-3.1943,43.3645]},"properties":{}},{"type":"Feature","geometry":{"type":"Point","coordinates":[-5.6933,43.5472]},"properties":{}},{"type":"Feature","geometry":{"type":"Point","coordinates":[-5.6879,43.5501]},"properties":{}},{"type":"Feature","geometry":{"type":"Point","coordinates":[-5.6882,43.5502]},"properties":{}},{"type":"Feature","geometry":{"type":"Point","coordinates":[-5.6885,43.5522]},"properties":{}},{"type":"Feature","geometry":{"type":"Point","coordinates":[-5.6865,43.5509]},"properties":{}},{"type":"Feature","geometry":{"type":"Point","coordinates":[-5.6873,43.5496]},"properties":{}},{"type":"Feature","geometry":{"type":"Point","coordinates":[-5.6803,43.5561]},"properties":{}},{"type":"Feature","geometry":{"type":"Point","coordinates":[-5.6845,43.5607]},"properties":{}},{"type":"Feature","geometry":{"type":"Point","coordinates":[-5.6862,43.5605]},"properties":{}},{"type":"Feature","geometry":{"type":"Point","coordinates":[-5.6863,43.5599]},"properties":{}},{"type":"Feature","geometry":{"type":"Point","coordinates":[-5.7871,43.6168]},"properties":{}},{"type":"Feature","geometry":{"type":"Point","coordinates":[-5.7868,43.617]},"properties":{}},{"type":"Feature","geometry":{"type":"Point","coordinates":[-5.7613,43.5885]},"properties":{}},{"type":"Feature","geometry":{"type":"Point","coordinates":[-5.7618,43.5884]},"properties":{}},{"type":"Feature","geometry":{"type":"Point","coordinates":[-5.7577,43.5891]},"properties":{}},{"type":"Feature","geometry":{"type":"Point","coordinates":[-5.7614,43.5917]},"properties":{}},{"type":"Feature","geometry":{"type":"Point","coordinates":[-5.7614,43.5919]},"properties":{}},{"type":"Feature","geometry":{"type":"Point","coordinates":[-5.7611,43.5925]},"properties":{}},{"type":"Feature","geometry":{"type":"Point","coordinates":[-5.7615,43.5933]},"properties":{}},{"type":"Feature","geometry":{"type":"Point","coordinates":[-5.7605,43.5941]},"properties":{}},{"type":"Feature","geometry":{"type":"Point","coordinates":[-5.76,43.5947]},"properties":{}},{"type":"Feature","geometry":{"type":"Point","coordinates":[-5.7602,43.5949]},"properties":{}},{"type":"Feature","geometry":{"type":"Point","coordinates":[-5.7604,43.5951]},"properties":{}},{"type":"Feature","geometry":{"type":"Point","coordinates":[-5.7611,43.595]},"properties":{}},{"type":"Feature","geometry":{"type":"Point","coordinates":[-5.7613,43.5953]},"properties":{}},{"type":"Feature","geometry":{"type":"Point","coordinates":[-5.7817,43.62]},"properties":{}},{"type":"Feature","geometry":{"type":"Point","coordinates":[-5.7811,43.6196]},"properties":{}},{"type":"Feature","geometry":{"type":"Point","coordinates":[-5.7818,43.6228]},"properties":{}},{"type":"Feature","geometry":{"type":"Point","coordinates":[-5.8007,43.6354]},"properties":{}},{"type":"Feature","geometry":{"type":"Point","coordinates":[-5.8024,43.6352]},"properties":{}},{"type":"Feature","geometry":{"type":"Point","coordinates":[-5.8037,43.6347]},"properties":{}},{"type":"Feature","geometry":{"type":"Point","coordinates":[-5.8043,43.6347]},"properties":{}},{"type":"Feature","geometry":{"type":"Point","coordinates":[-5.805,43.6352]},"properties":{}},{"type":"Feature","geometry":{"type":"Point","coordinates":[-5.8057,43.6346]},"properties":{}},{"type":"Feature","geometry":{"type":"Point","coordinates":[-5.8058,43.6344]},"properties":{}},{"type":"Feature","geometry":{"type":"Point","coordinates":[-5.8064,43.6326]},"properties":{}},{"type":"Feature","geometry":{"type":"Point","coordinates":[-5.8071,43.6332]},"properties":{}},{"type":"Feature","geometry":{"type":"Point","coordinates":[-5.8076,43.6321]},"properties":{}},{"type":"Feature","geometry":{"type":"Point","coordinates":[-5.8121,43.6331]},"properties":{}},{"type":"Feature","geometry":{"type":"Point","coordinates":[-5.8118,43.6335]},"properties":{}},{"type":"Feature","geometry":{"type":"Point","coordinates":[-5.8115,43.6333]},"properties":{}},{"type":"Feature","geometry":{"type":"Point","coordinates":[-5.8107,43.6343]},"properties":{}},{"type":"Feature","geometry":{"type":"Point","coordinates":[-5.8105,43.635]},"properties":{}},{"type":"Feature","geometry":{"type":"Point","coordinates":[-5.8106,43.6352]},"properties":{}},{"type":"Feature","geometry":{"type":"Point","coordinates":[-5.8101,43.6367]},"properties":{}},{"type":"Feature","geometry":{"type":"Point","coordinates":[-5.8101,43.6368]},"properties":{}},{"type":"Feature","geometry":{"type":"Point","coordinates":[-5.8101,43.6375]},"properties":{}},{"type":"Feature","geometry":{"type":"Point","coordinates":[-5.8106,43.6372]},"properties":{}},{"type":"Feature","geometry":{"type":"Point","coordinates":[-5.8106,43.6377]},"properties":{}},{"type":"Feature","geometry":{"type":"Point","coordinates":[-5.8104,43.6383]},"properties":{}},{"type":"Feature","geometry":{"type":"Point","coordinates":[-5.8115,43.6402]},"properties":{}},{"type":"Feature","geometry":{"type":"Point","coordinates":[-5.8112,43.6402]},"properties":{}},{"type":"Feature","geometry":{"type":"Point","coordinates":[-5.811,43.6406]},"properties":{}},{"type":"Feature","geometry":{"type":"Point","coordinates":[-5.811,43.6408]},"properties":{}},{"type":"Feature","geometry":{"type":"Point","coordinates":[-5.8117,43.6416]},"properties":{}},{"type":"Feature","geometry":{"type":"Point","coordinates":[-5.8112,43.6418]},"properties":{}},{"type":"Feature","geometry":{"type":"Point","coordinates":[-5.8112,43.6424]},"properties":{}},{"type":"Feature","geometry":{"type":"Point","coordinates":[-5.8119,43.6423]},"properties":{}},{"type":"Feature","geometry":{"type":"Point","coordinates":[-5.8127,43.6423]},"properties":{}},{"type":"Feature","geometry":{"type":"Point","coordinates":[-5.8127,43.6418]},"properties":{}},{"type":"Feature","geometry":{"type":"Point","coordinates":[-5.8125,43.6412]},"properties":{}},{"type":"Feature","geometry":{"type":"Point","coordinates":[-5.8128,43.6413]},"properties":{}},{"type":"Feature","geometry":{"type":"Point","coordinates":[-5.8127,43.6402]},"properties":{}},{"type":"Feature","geometry":{"type":"Point","coordinates":[-5.8132,43.641]},"properties":{}},{"type":"Feature","geometry":{"type":"Point","coordinates":[-5.8133,43.6411]},"properties":{}},{"type":"Feature","geometry":{"type":"Point","coordinates":[-5.8135,43.6398]},"properties":{}},{"type":"Feature","geometry":{"type":"Point","coordinates":[-5.8137,43.6398]},"properties":{}},{"type":"Feature","geometry":{"type":"Point","coordinates":[-5.8139,43.6402]},"properties":{}},{"type":"Feature","geometry":{"type":"Point","coordinates":[-5.8153,43.6416]},"properties":{}},{"type":"Feature","geometry":{"type":"Point","coordinates":[-5.8165,43.6403]},"properties":{}},{"type":"Feature","geometry":{"type":"Point","coordinates":[-5.8175,43.6423]},"properties":{}},{"type":"Feature","geometry":{"type":"Point","coordinates":[-5.8182,43.6422]},"properties":{}},{"type":"Feature","geometry":{"type":"Point","coordinates":[-5.8188,43.6432]},"properties":{}},{"type":"Feature","geometry":{"type":"Point","coordinates":[-5.8201,43.6426]},"properties":{}},{"type":"Feature","geometry":{"type":"Point","coordinates":[-5.8214,43.6434]},"properties":{}},{"type":"Feature","geometry":{"type":"Point","coordinates":[-5.9446,43.5923]},"properties":{}},{"type":"Feature","geometry":{"type":"Point","coordinates":[-5.9465,43.5924]},"properties":{}},{"type":"Feature","geometry":{"type":"Point","coordinates":[-5.9411,43.5913]},"properties":{}},{"type":"Feature","geometry":{"type":"Point","coordinates":[-5.9675,43.5795]},"properties":{}},{"type":"Feature","geometry":{"type":"Point","coordinates":[-5.9672,43.5799]},"properties":{}},{"type":"Feature","geometry":{"type":"Point","coordinates":[-5.9668,43.5803]},"properties":{}},{"type":"Feature","geometry":{"type":"Point","coordinates":[-5.9669,43.5807]},"properties":{}},{"type":"Feature","geometry":{"type":"Point","coordinates":[-5.9669,43.581]},"properties":{}},{"type":"Feature","geometry":{"type":"Point","coordinates":[-5.9672,43.581]},"properties":{}},{"type":"Feature","geometry":{"type":"Point","coordinates":[-5.9675,43.5811]},"properties":{}},{"type":"Feature","geometry":{"type":"Point","coordinates":[-5.9677,43.581]},"properties":{}},{"type":"Feature","geometry":{"type":"Point","coordinates":[-5.9676,43.5807]},"properties":{}},{"type":"Feature","geometry":{"type":"Point","coordinates":[-5.9682,43.5807]},"properties":{}},{"type":"Feature","geometry":{"type":"Point","coordinates":[-5.9683,43.5804]},"properties":{}},{"type":"Feature","geometry":{"type":"Point","coordinates":[-5.9686,43.5804]},"properties":{}},{"type":"Feature","geometry":{"type":"Point","coordinates":[-5.9687,43.5803]},"properties":{}},{"type":"Feature","geometry":{"type":"Point","coordinates":[-5.9694,43.5796]},"properties":{}},{"type":"Feature","geometry":{"type":"Point","coordinates":[-5.97,43.5798]},"properties":{}},{"type":"Feature","geometry":{"type":"Point","coordinates":[-5.9711,43.5803]},"properties":{}},{"type":"Feature","geometry":{"type":"Point","coordinates":[-5.9718,43.5802]},"properties":{}},{"type":"Feature","geometry":{"type":"Point","coordinates":[-5.9721,43.5795]},"properties":{}},{"type":"Feature","geometry":{"type":"Point","coordinates":[-5.9742,43.5806]},"properties":{}},{"type":"Feature","geometry":{"type":"Point","coordinates":[-6.0788,43.5649]},"properties":{}},{"type":"Feature","geometry":{"type":"Point","coordinates":[-6.0793,43.5651]},"properties":{}},{"type":"Feature","geometry":{"type":"Point","coordinates":[-6.0798,43.5647]},"properties":{}},{"type":"Feature","geometry":{"type":"Point","coordinates":[-6.0817,43.5652]},"properties":{}},{"type":"Feature","geometry":{"type":"Point","coordinates":[-6.0814,43.5659]},"properties":{}},{"type":"Feature","geometry":{"type":"Point","coordinates":[-6.0818,43.566]},"properties":{}},{"type":"Feature","geometry":{"type":"Point","coordinates":[-6.0817,43.5655]},"properties":{}},{"type":"Feature","geometry":{"type":"Point","coordinates":[-6.0823,43.5654]},"properties":{}},{"type":"Feature","geometry":{"type":"Point","coordinates":[-6.0826,43.5654]},"properties":{}},{"type":"Feature","geometry":{"type":"Point","coordinates":[-6.0817,43.565]},"properties":{}},{"type":"Feature","geometry":{"type":"Point","coordinates":[-6.0833,43.5634]},"properties":{}},{"type":"Feature","geometry":{"type":"Point","coordinates":[-6.0842,43.5627]},"properties":{}},{"type":"Feature","geometry":{"type":"Point","coordinates":[-6.0861,43.5623]},"properties":{}},{"type":"Feature","geometry":{"type":"Point","coordinates":[-6.0874,43.5621]},"properties":{}},{"type":"Feature","geometry":{"type":"Point","coordinates":[-6.0891,43.5626]},"properties":{}},{"type":"Feature","geometry":{"type":"Point","coordinates":[-6.0909,43.5598]},"properties":{}},{"type":"Feature","geometry":{"type":"Point","coordinates":[-6.0771,43.5702]},"properties":{}},{"type":"Feature","geometry":{"type":"Point","coordinates":[-6.0791,43.5678]},"properties":{}},{"type":"Feature","geometry":{"type":"Point","coordinates":[-6.1536,43.5685]},"properties":{}},{"type":"Feature","geometry":{"type":"Point","coordinates":[-6.1563,43.5674]},"properties":{}},{"type":"Feature","geometry":{"type":"Point","coordinates":[-6.1588,43.5662]},"properties":{}},{"type":"Feature","geometry":{"type":"Point","coordinates":[-6.1613,43.5687]},"properties":{}},{"type":"Feature","geometry":{"type":"Point","coordinates":[-6.1619,43.5686]},"properties":{}},{"type":"Feature","geometry":{"type":"Point","coordinates":[-6.1632,43.5675]},"properties":{}},{"type":"Feature","geometry":{"type":"Point","coordinates":[-6.168,43.5677]},"properties":{}},{"type":"Feature","geometry":{"type":"Point","coordinates":[-6.169,43.5688]},"properties":{}},{"type":"Feature","geometry":{"type":"Point","coordinates":[-6.1699,43.5692]},"properties":{}},{"type":"Feature","geometry":{"type":"Point","coordinates":[-6.1726,43.5682]},"properties":{}},{"type":"Feature","geometry":{"type":"Point","coordinates":[-6.1745,43.5659]},"properties":{}},{"type":"Feature","geometry":{"type":"Point","coordinates":[-6.1766,43.567]},"properties":{}},{"type":"Feature","geometry":{"type":"Point","coordinates":[-6.1781,43.5675]},"properties":{}},{"type":"Feature","geometry":{"type":"Point","coordinates":[-6.1465,43.5661]},"properties":{}},{"type":"Feature","geometry":{"type":"Point","coordinates":[-6.1472,43.5666]},"properties":{}},{"type":"Feature","geometry":{"type":"Point","coordinates":[-6.1492,43.5685]},"properties":{}},{"type":"Feature","geometry":{"type":"Point","coordinates":[-6.1518,43.5691]},"properties":{}},{"type":"Feature","geometry":{"type":"Point","coordinates":[-5.8558,43.6583]},"properties":{}},{"type":"Feature","geometry":{"type":"Point","coordinates":[-5.8564,43.6579]},"properties":{}},{"type":"Feature","geometry":{"type":"Point","coordinates":[-5.8555,43.6568]},"properties":{}},{"type":"Feature","geometry":{"type":"Point","coordinates":[-5.8556,43.6576]},"properties":{}},{"type":"Feature","geometry":{"type":"Point","coordinates":[-4.5712,43.3936]},"properties":{}},{"type":"Feature","geometry":{"type":"Point","coordinates":[-4.574,43.3935]},"properties":{}},{"type":"Feature","geometry":{"type":"Point","coordinates":[-4.5745,43.3935]},"properties":{}},{"type":"Feature","geometry":{"type":"Point","coordinates":[-4.5751,43.3931]},"properties":{}},{"type":"Feature","geometry":{"type":"Point","coordinates":[-5.8769,43.6294]},"properties":{}},{"type":"Feature","geometry":{"type":"Point","coordinates":[-5.8773,43.6297]},"properties":{}},{"type":"Feature","geometry":{"type":"Point","coordinates":[-5.8773,43.6292]},"properties":{}},{"type":"Feature","geometry":{"type":"Point","coordinates":[-5.8774,43.6291]},"properties":{}},{"type":"Feature","geometry":{"type":"Point","coordinates":[-5.877,43.629]},"properties":{}},{"type":"Feature","geometry":{"type":"Point","coordinates":[-4.3852,43.395]},"properties":{}},{"type":"Feature","geometry":{"type":"Point","coordinates":[-4.3851,43.3953]},"properties":{}},{"type":"Feature","geometry":{"type":"Point","coordinates":[-4.3854,43.3951]},"properties":{}},{"type":"Feature","geometry":{"type":"Point","coordinates":[-4.3855,43.3951]},"properties":{}},{"type":"Feature","geometry":{"type":"Point","coordinates":[-4.3859,43.3947]},"properties":{}},{"type":"Feature","geometry":{"type":"Point","coordinates":[-4.4384,43.3953]},"properties":{}},{"type":"Feature","geometry":{"type":"Point","coordinates":[-4.4386,43.395]},"properties":{}},{"type":"Feature","geometry":{"type":"Point","coordinates":[-4.4389,43.3948]},"properties":{}},{"type":"Feature","geometry":{"type":"Point","coordinates":[-4.439,43.3944]},"properties":{}},{"type":"Feature","geometry":{"type":"Point","coordinates":[-4.4391,43.3942]},"properties":{}},{"type":"Feature","geometry":{"type":"Point","coordinates":[-4.4392,43.3938]},"properties":{}},{"type":"Feature","geometry":{"type":"Point","coordinates":[-4.4397,43.3937]},"properties":{}},{"type":"Feature","geometry":{"type":"Point","coordinates":[-4.4401,43.394]},"properties":{}},{"type":"Feature","geometry":{"type":"Point","coordinates":[-4.4408,43.3939]},"properties":{}},{"type":"Feature","geometry":{"type":"Point","coordinates":[-4.4411,43.3938]},"properties":{}},{"type":"Feature","geometry":{"type":"Point","coordinates":[-4.4413,43.3937]},"properties":{}},{"type":"Feature","geometry":{"type":"Point","coordinates":[-4.4414,43.3939]},"properties":{}},{"type":"Feature","geometry":{"type":"Point","coordinates":[-4.4411,43.3942]},"properties":{}},{"type":"Feature","geometry":{"type":"Point","coordinates":[-4.4406,43.3943]},"properties":{}},{"type":"Feature","geometry":{"type":"Point","coordinates":[-4.3036,43.3911]},"properties":{}},{"type":"Feature","geometry":{"type":"Point","coordinates":[-4.3051,43.3907]},"properties":{}},{"type":"Feature","geometry":{"type":"Point","coordinates":[-4.3054,43.3907]},"properties":{}},{"type":"Feature","geometry":{"type":"Point","coordinates":[-4.3058,43.3906]},"properties":{}},{"type":"Feature","geometry":{"type":"Point","coordinates":[-4.3059,43.3906]},"properties":{}},{"type":"Feature","geometry":{"type":"Point","coordinates":[-4.3062,43.3906]},"properties":{}},{"type":"Feature","geometry":{"type":"Point","coordinates":[-4.3064,43.3907]},"properties":{}},{"type":"Feature","geometry":{"type":"Point","coordinates":[-4.3065,43.391]},"properties":{}},{"type":"Feature","geometry":{"type":"Point","coordinates":[-4.3066,43.3912]},"properties":{}},{"type":"Feature","geometry":{"type":"Point","coordinates":[-4.3065,43.3914]},"properties":{}},{"type":"Feature","geometry":{"type":"Point","coordinates":[-4.3064,43.3915]},"properties":{}},{"type":"Feature","geometry":{"type":"Point","coordinates":[-4.3063,43.3917]},"properties":{}},{"type":"Feature","geometry":{"type":"Point","coordinates":[-4.3065,43.3917]},"properties":{}},{"type":"Feature","geometry":{"type":"Point","coordinates":[-4.3064,43.3917]},"properties":{}},{"type":"Feature","geometry":{"type":"Point","coordinates":[-4.3062,43.3919]},"properties":{}},{"type":"Feature","geometry":{"type":"Point","coordinates":[-4.3064,43.3921]},"properties":{}},{"type":"Feature","geometry":{"type":"Point","coordinates":[-4.3066,43.3924]},"properties":{}},{"type":"Feature","geometry":{"type":"Point","coordinates":[-4.3069,43.3925]},"properties":{}},{"type":"Feature","geometry":{"type":"Point","coordinates":[-4.3073,43.3926]},"properties":{}},{"type":"Feature","geometry":{"type":"Point","coordinates":[-4.3077,43.3927]},"properties":{}},{"type":"Feature","geometry":{"type":"Point","coordinates":[-4.3081,43.3928]},"properties":{}},{"type":"Feature","geometry":{"type":"Point","coordinates":[-4.3084,43.3928]},"properties":{}},{"type":"Feature","geometry":{"type":"Point","coordinates":[-4.3087,43.3928]},"properties":{}},{"type":"Feature","geometry":{"type":"Point","coordinates":[-4.309,43.3927]},"properties":{}},{"type":"Feature","geometry":{"type":"Point","coordinates":[-4.3093,43.3926]},"properties":{}},{"type":"Feature","geometry":{"type":"Point","coordinates":[-4.3096,43.3923]},"properties":{}},{"type":"Feature","geometry":{"type":"Point","coordinates":[-4.3098,43.3921]},"properties":{}},{"type":"Feature","geometry":{"type":"Point","coordinates":[-4.31,43.392]},"properties":{}},{"type":"Feature","geometry":{"type":"Point","coordinates":[-4.3103,43.3918]},"properties":{}},{"type":"Feature","geometry":{"type":"Point","coordinates":[-4.3106,43.3917]},"properties":{}},{"type":"Feature","geometry":{"type":"Point","coordinates":[-4.3108,43.3915]},"properties":{}},{"type":"Feature","geometry":{"type":"Point","coordinates":[-4.323,43.3908]},"properties":{}},{"type":"Feature","geometry":{"type":"Point","coordinates":[-4.3237,43.3909]},"properties":{}},{"type":"Feature","geometry":{"type":"Point","coordinates":[-4.3244,43.3909]},"properties":{}},{"type":"Feature","geometry":{"type":"Point","coordinates":[-4.3251,43.391]},"properties":{}},{"type":"Feature","geometry":{"type":"Point","coordinates":[-4.3256,43.391]},"properties":{}},{"type":"Feature","geometry":{"type":"Point","coordinates":[-4.3261,43.391]},"properties":{}},{"type":"Feature","geometry":{"type":"Point","coordinates":[-4.3267,43.3911]},"properties":{}},{"type":"Feature","geometry":{"type":"Point","coordinates":[-4.3272,43.3911]},"properties":{}},{"type":"Feature","geometry":{"type":"Point","coordinates":[-4.3275,43.3912]},"properties":{}},{"type":"Feature","geometry":{"type":"Point","coordinates":[-4.328,43.3914]},"properties":{}},{"type":"Feature","geometry":{"type":"Point","coordinates":[-4.3284,43.3916]},"properties":{}},{"type":"Feature","geometry":{"type":"Point","coordinates":[-4.3289,43.3919]},"properties":{}},{"type":"Feature","geometry":{"type":"Point","coordinates":[-4.3293,43.392]},"properties":{}},{"type":"Feature","geometry":{"type":"Point","coordinates":[-4.3297,43.392]},"properties":{}},{"type":"Feature","geometry":{"type":"Point","coordinates":[-4.33,43.3921]},"properties":{}},{"type":"Feature","geometry":{"type":"Point","coordinates":[-4.3305,43.3922]},"properties":{}},{"type":"Feature","geometry":{"type":"Point","coordinates":[-4.331,43.3924]},"properties":{}},{"type":"Feature","geometry":{"type":"Point","coordinates":[-4.3315,43.3926]},"properties":{}},{"type":"Feature","geometry":{"type":"Point","coordinates":[-4.332,43.3928]},"properties":{}},{"type":"Feature","geometry":{"type":"Point","coordinates":[-4.3325,43.3929]},"properties":{}},{"type":"Feature","geometry":{"type":"Point","coordinates":[-4.3326,43.393]},"properties":{}},{"type":"Feature","geometry":{"type":"Point","coordinates":[-4.3333,43.3933]},"properties":{}},{"type":"Feature","geometry":{"type":"Point","coordinates":[-4.3341,43.3937]},"properties":{}},{"type":"Feature","geometry":{"type":"Point","coordinates":[-4.335,43.3942]},"properties":{}},{"type":"Feature","geometry":{"type":"Point","coordinates":[-4.3358,43.3949]},"properties":{}},{"type":"Feature","geometry":{"type":"Point","coordinates":[-4.3364,43.3954]},"properties":{}},{"type":"Feature","geometry":{"type":"Point","coordinates":[-4.3369,43.3959]},"properties":{}},{"type":"Feature","geometry":{"type":"Point","coordinates":[-4.3373,43.3963]},"properties":{}},{"type":"Feature","geometry":{"type":"Point","coordinates":[-4.3377,43.3968]},"properties":{}},{"type":"Feature","geometry":{"type":"Point","coordinates":[-4.3379,43.3972]},"properties":{}},{"type":"Feature","geometry":{"type":"Point","coordinates":[-4.3382,43.3976]},"properties":{}},{"type":"Feature","geometry":{"type":"Point","coordinates":[-4.3383,43.3979]},"properties":{}},{"type":"Feature","geometry":{"type":"Point","coordinates":[-4.3385,43.3984]},"properties":{}},{"type":"Feature","geometry":{"type":"Point","coordinates":[-4.3385,43.3988]},"properties":{}},{"type":"Feature","geometry":{"type":"Point","coordinates":[-4.3385,43.3991]},"properties":{}},{"type":"Feature","geometry":{"type":"Point","coordinates":[-4.3384,43.3995]},"properties":{}},{"type":"Feature","geometry":{"type":"Point","coordinates":[-4.3384,43.3998]},"properties":{}},{"type":"Feature","geometry":{"type":"Point","coordinates":[-4.3382,43.4001]},"properties":{}},{"type":"Feature","geometry":{"type":"Point","coordinates":[-4.3378,43.4005]},"properties":{}},{"type":"Feature","geometry":{"type":"Point","coordinates":[-4.3373,43.4007]},"properties":{}},{"type":"Feature","geometry":{"type":"Point","coordinates":[-4.3373,43.4011]},"properties":{}},{"type":"Feature","geometry":{"type":"Point","coordinates":[-4.3376,43.4014]},"properties":{}},{"type":"Feature","geometry":{"type":"Point","coordinates":[-4.3378,43.4016]},"properties":{}},{"type":"Feature","geometry":{"type":"Point","coordinates":[-4.3376,43.4018]},"properties":{}},{"type":"Feature","geometry":{"type":"Point","coordinates":[-4.3374,43.402]},"properties":{}},{"type":"Feature","geometry":{"type":"Point","coordinates":[-4.3375,43.4023]},"properties":{}},{"type":"Feature","geometry":{"type":"Point","coordinates":[-4.3371,43.4025]},"properties":{}},{"type":"Feature","geometry":{"type":"Point","coordinates":[-4.3372,43.4026]},"properties":{}},{"type":"Feature","geometry":{"type":"Point","coordinates":[-4.3376,43.4025]},"properties":{}},{"type":"Feature","geometry":{"type":"Point","coordinates":[-4.3379,43.4025]},"properties":{}},{"type":"Feature","geometry":{"type":"Point","coordinates":[-4.3382,43.4026]},"properties":{}},{"type":"Feature","geometry":{"type":"Point","coordinates":[-4.3386,43.4028]},"properties":{}},{"type":"Feature","geometry":{"type":"Point","coordinates":[-4.3388,43.4031]},"properties":{}},{"type":"Feature","geometry":{"type":"Point","coordinates":[-4.3391,43.4036]},"properties":{}},{"type":"Feature","geometry":{"type":"Point","coordinates":[-4.3393,43.404]},"properties":{}},{"type":"Feature","geometry":{"type":"Point","coordinates":[-4.3392,43.4043]},"properties":{}},{"type":"Feature","geometry":{"type":"Point","coordinates":[-4.3388,43.4046]},"properties":{}},{"type":"Feature","geometry":{"type":"Point","coordinates":[-5.8615,43.666]},"properties":{}},{"type":"Feature","geometry":{"type":"Point","coordinates":[-5.8612,43.6665]},"properties":{}},{"type":"Feature","geometry":{"type":"Point","coordinates":[-5.8615,43.6664]},"properties":{}},{"type":"Feature","geometry":{"type":"Point","coordinates":[-5.8653,43.6643]},"properties":{}},{"type":"Feature","geometry":{"type":"Point","coordinates":[-5.8648,43.6645]},"properties":{}},{"type":"Feature","geometry":{"type":"Point","coordinates":[-5.8651,43.6647]},"properties":{}},{"type":"Feature","geometry":{"type":"Point","coordinates":[-5.8653,43.6643]},"properties":{}},{"type":"Feature","geometry":{"type":"Point","coordinates":[-5.6086,43.5562]},"properties":{}},{"type":"Feature","geometry":{"type":"Point","coordinates":[-5.6084,43.5563]},"properties":{}},{"type":"Feature","geometry":{"type":"Point","coordinates":[-5.6089,43.5562]},"properties":{}},{"type":"Feature","geometry":{"type":"Point","coordinates":[-5.609,43.5561]},"properties":{}},{"type":"Feature","geometry":{"type":"Point","coordinates":[-6.2492,43.5834]},"properties":{}},{"type":"Feature","geometry":{"type":"Point","coordinates":[-6.2488,43.5837]},"properties":{}},{"type":"Feature","geometry":{"type":"Point","coordinates":[-6.2492,43.5834]},"properties":{}},{"type":"Feature","geometry":{"type":"Point","coordinates":[-5.8779,43.629]},"properties":{}},{"type":"Feature","geometry":{"type":"Point","coordinates":[-5.8778,43.6287]},"properties":{}},{"type":"Feature","geometry":{"type":"Point","coordinates":[-5.8777,43.6288]},"properties":{}},{"type":"Feature","geometry":{"type":"Point","coordinates":[-5.8802,43.6309]},"properties":{}},{"type":"Feature","geometry":{"type":"Point","coordinates":[-5.8803,43.6306]},"properties":{}},{"type":"Feature","geometry":{"type":"Point","coordinates":[-5.88,43.6307]},"properties":{}},{"type":"Feature","geometry":{"type":"Point","coordinates":[-5.8799,43.6309]},"properties":{}},{"type":"Feature","geometry":{"type":"Point","coordinates":[-5.8808,43.6313]},"properties":{}},{"type":"Feature","geometry":{"type":"Point","coordinates":[-5.8808,43.6312]},"properties":{}},{"type":"Feature","geometry":{"type":"Point","coordinates":[-5.8807,43.6312]},"properties":{}},{"type":"Feature","geometry":{"type":"Point","coordinates":[-5.8598,43.6436]},"properties":{}},{"type":"Feature","geometry":{"type":"Point","coordinates":[-5.8604,43.6433]},"properties":{}},{"type":"Feature","geometry":{"type":"Point","coordinates":[-5.8606,43.6433]},"properties":{}},{"type":"Feature","geometry":{"type":"Point","coordinates":[-5.8609,43.6434]},"properties":{}},{"type":"Feature","geometry":{"type":"Point","coordinates":[-5.8607,43.6433]},"properties":{}},{"type":"Feature","geometry":{"type":"Point","coordinates":[-5.9007,43.628]},"properties":{}},{"type":"Feature","geometry":{"type":"Point","coordinates":[-5.9006,43.6282]},"properties":{}},{"type":"Feature","geometry":{"type":"Point","coordinates":[-5.9008,43.6282]},"properties":{}},{"type":"Feature","geometry":{"type":"Point","coordinates":[-5.9008,43.6281]},"properties":{}},{"type":"Feature","geometry":{"type":"Point","coordinates":[-5.9007,43.628]},"properties":{}},{"type":"Feature","geometry":{"type":"Point","coordinates":[-5.8657,43.6637]},"properties":{}},{"type":"Feature","geometry":{"type":"Point","coordinates":[-5.8658,43.6634]},"properties":{}},{"type":"Feature","geometry":{"type":"Point","coordinates":[-5.8657,43.6634]},"properties":{}},{"type":"Feature","geometry":{"type":"Point","coordinates":[-5.8657,43.663]},"properties":{}},{"type":"Feature","geometry":{"type":"Point","coordinates":[-5.8652,43.6633]},"properties":{}},{"type":"Feature","geometry":{"type":"Point","coordinates":[-5.8652,43.6636]},"properties":{}},{"type":"Feature","geometry":{"type":"Point","coordinates":[-5.8672,43.6625]},"properties":{}},{"type":"Feature","geometry":{"type":"Point","coordinates":[-5.8671,43.6623]},"properties":{}},{"type":"Feature","geometry":{"type":"Point","coordinates":[-5.8671,43.6625]},"properties":{}},{"type":"Feature","geometry":{"type":"Point","coordinates":[-5.867,43.663]},"properties":{}},{"type":"Feature","geometry":{"type":"Point","coordinates":[-5.867,43.6629]},"properties":{}},{"type":"Feature","geometry":{"type":"Point","coordinates":[-5.867,43.6631]},"properties":{}},{"type":"Feature","geometry":{"type":"Point","coordinates":[-5.867,43.6636]},"properties":{}},{"type":"Feature","geometry":{"type":"Point","coordinates":[-5.8668,43.6636]},"properties":{}},{"type":"Feature","geometry":{"type":"Point","coordinates":[-4.7894,43.4334]},"properties":{}},{"type":"Feature","geometry":{"type":"Point","coordinates":[-4.7898,43.4337]},"properties":{}},{"type":"Feature","geometry":{"type":"Point","coordinates":[-4.7901,43.4339]},"properties":{}},{"type":"Feature","geometry":{"type":"Point","coordinates":[-4.7896,43.434]},"properties":{}},{"type":"Feature","geometry":{"type":"Point","coordinates":[-4.7898,43.4341]},"properties":{}},{"type":"Feature","geometry":{"type":"Point","coordinates":[-4.7895,43.4342]},"properties":{}},{"type":"Feature","geometry":{"type":"Point","coordinates":[-4.7892,43.4342]},"properties":{}},{"type":"Feature","geometry":{"type":"Point","coordinates":[-4.7893,43.4331]},"properties":{}},{"type":"Feature","geometry":{"type":"Point","coordinates":[-4.789,43.4333]},"properties":{}},{"type":"Feature","geometry":{"type":"Point","coordinates":[-4.7894,43.4334]},"properties":{}},{"type":"Feature","geometry":{"type":"Point","coordinates":[-6.1502,43.5705]},"properties":{}},{"type":"Feature","geometry":{"type":"Point","coordinates":[-6.15,43.5704]},"properties":{}},{"type":"Feature","geometry":{"type":"Point","coordinates":[-6.1499,43.5705]},"properties":{}},{"type":"Feature","geometry":{"type":"Point","coordinates":[-6.1495,43.5716]},"properties":{}},{"type":"Feature","geometry":{"type":"Point","coordinates":[-6.1496,43.5714]},"properties":{}},{"type":"Feature","geometry":{"type":"Point","coordinates":[-6.1907,43.5822]},"properties":{}},{"type":"Feature","geometry":{"type":"Point","coordinates":[-6.1914,43.5825]},"properties":{}},{"type":"Feature","geometry":{"type":"Point","coordinates":[-6.1914,43.5822]},"properties":{}},{"type":"Feature","geometry":{"type":"Point","coordinates":[-6.1907,43.5822]},"properties":{}},{"type":"Feature","geometry":{"type":"Point","coordinates":[-6.9472,43.5739]},"properties":{}},{"type":"Feature","geometry":{"type":"Point","coordinates":[-6.9468,43.5739]},"properties":{}},{"type":"Feature","geometry":{"type":"Point","coordinates":[-6.9468,43.5745]},"properties":{}},{"type":"Feature","geometry":{"type":"Point","coordinates":[-6.9469,43.5745]},"properties":{}},{"type":"Feature","geometry":{"type":"Point","coordinates":[-6.9471,43.5747]},"properties":{}},{"type":"Feature","geometry":{"type":"Point","coordinates":[-6.9475,43.5743]},"properties":{}},{"type":"Feature","geometry":{"type":"Point","coordinates":[-6.9476,43.5742]},"properties":{}},{"type":"Feature","geometry":{"type":"Point","coordinates":[-6.9471,43.5744]},"properties":{}},{"type":"Feature","geometry":{"type":"Point","coordinates":[-6.9473,43.5742]},"properties":{}},{"type":"Feature","geometry":{"type":"Point","coordinates":[-6.9471,43.5741]},"properties":{}},{"type":"Feature","geometry":{"type":"Point","coordinates":[-6.9473,43.5739]},"properties":{}},{"type":"Feature","geometry":{"type":"Point","coordinates":[-6.9492,43.5761]},"properties":{}},{"type":"Feature","geometry":{"type":"Point","coordinates":[-6.9495,43.576]},"properties":{}},{"type":"Feature","geometry":{"type":"Point","coordinates":[-6.95,43.5758]},"properties":{}},{"type":"Feature","geometry":{"type":"Point","coordinates":[-6.9496,43.5756]},"properties":{}},{"type":"Feature","geometry":{"type":"Point","coordinates":[-6.9492,43.5758]},"properties":{}},{"type":"Feature","geometry":{"type":"Point","coordinates":[-6.9489,43.5761]},"properties":{}},{"type":"Feature","geometry":{"type":"Point","coordinates":[-6.4624,43.5697]},"properties":{}},{"type":"Feature","geometry":{"type":"Point","coordinates":[-6.4625,43.5697]},"properties":{}},{"type":"Feature","geometry":{"type":"Point","coordinates":[-6.4622,43.5697]},"properties":{}},{"type":"Feature","geometry":{"type":"Point","coordinates":[-3.7886,43.4001]},"properties":{}},{"type":"Feature","geometry":{"type":"Point","coordinates":[-3.7884,43.3994]},"properties":{}},{"type":"Feature","geometry":{"type":"Point","coordinates":[-7.0422,43.5557]},"properties":{}},{"type":"Feature","geometry":{"type":"Point","coordinates":[-7.0431,43.5559]},"properties":{}},{"type":"Feature","geometry":{"type":"Point","coordinates":[-7.0436,43.5559]},"properties":{}},{"type":"Feature","geometry":{"type":"Point","coordinates":[-7.0432,43.5555]},"properties":{}},{"type":"Feature","geometry":{"type":"Point","coordinates":[-7.0441,43.5554]},"properties":{}},{"type":"Feature","geometry":{"type":"Point","coordinates":[-7.0447,43.5552]},"properties":{}},{"type":"Feature","geometry":{"type":"Point","coordinates":[-7.0447,43.555]},"properties":{}},{"type":"Feature","geometry":{"type":"Point","coordinates":[-7.0449,43.5548]},"properties":{}},{"type":"Feature","geometry":{"type":"Point","coordinates":[-7.0441,43.5545]},"properties":{}},{"type":"Feature","geometry":{"type":"Point","coordinates":[-7.0445,43.5542]},"properties":{}},{"type":"Feature","geometry":{"type":"Point","coordinates":[-7.0441,43.5535]},"properties":{}},{"type":"Feature","geometry":{"type":"Point","coordinates":[-7.0455,43.5532]},"properties":{}},{"type":"Feature","geometry":{"type":"Point","coordinates":[-7.0461,43.5536]},"properties":{}},{"type":"Feature","geometry":{"type":"Point","coordinates":[-7.0465,43.5533]},"properties":{}},{"type":"Feature","geometry":{"type":"Point","coordinates":[-7.0475,43.5537]},"properties":{}},{"type":"Feature","geometry":{"type":"Point","coordinates":[-7.047,43.5551]},"properties":{}},{"type":"Feature","geometry":{"type":"Point","coordinates":[-7.0482,43.555]},"properties":{}},{"type":"Feature","geometry":{"type":"Point","coordinates":[-7.0497,43.5559]},"properties":{}},{"type":"Feature","geometry":{"type":"Point","coordinates":[-7.0511,43.5559]},"properties":{}},{"type":"Feature","geometry":{"type":"Point","coordinates":[-7.0514,43.5561]},"properties":{}},{"type":"Feature","geometry":{"type":"Point","coordinates":[-7.0516,43.5563]},"properties":{}},{"type":"Feature","geometry":{"type":"Point","coordinates":[-7.0521,43.5566]},"properties":{}},{"type":"Feature","geometry":{"type":"Point","coordinates":[-7.0528,43.5566]},"properties":{}},{"type":"Feature","geometry":{"type":"Point","coordinates":[-7.0533,43.5567]},"properties":{}},{"type":"Feature","geometry":{"type":"Point","coordinates":[-7.0537,43.5571]},"properties":{}},{"type":"Feature","geometry":{"type":"Point","coordinates":[-7.0545,43.5573]},"properties":{}},{"type":"Feature","geometry":{"type":"Point","coordinates":[-7.0554,43.5574]},"properties":{}},{"type":"Feature","geometry":{"type":"Point","coordinates":[-7.0556,43.5577]},"properties":{}},{"type":"Feature","geometry":{"type":"Point","coordinates":[-7.0551,43.5578]},"properties":{}},{"type":"Feature","geometry":{"type":"Point","coordinates":[-7.056,43.5584]},"properties":{}},{"type":"Feature","geometry":{"type":"Point","coordinates":[-7.0559,43.5589]},"properties":{}},{"type":"Feature","geometry":{"type":"Point","coordinates":[-7.0563,43.5586]},"properties":{}},{"type":"Feature","geometry":{"type":"Point","coordinates":[-7.0573,43.559]},"properties":{}},{"type":"Feature","geometry":{"type":"Point","coordinates":[-7.0583,43.5592]},"properties":{}},{"type":"Feature","geometry":{"type":"Point","coordinates":[-7.0578,43.5588]},"properties":{}},{"type":"Feature","geometry":{"type":"Point","coordinates":[-6.1001,43.5599]},"properties":{}},{"type":"Feature","geometry":{"type":"Point","coordinates":[-6.1002,43.5603]},"properties":{}},{"type":"Feature","geometry":{"type":"Point","coordinates":[-6.1004,43.56]},"properties":{}},{"type":"Feature","geometry":{"type":"Point","coordinates":[-6.1001,43.5599]},"properties":{}},{"type":"Feature","geometry":{"type":"Point","coordinates":[-6.0961,43.5597]},"properties":{}},{"type":"Feature","geometry":{"type":"Point","coordinates":[-6.0962,43.5598]},"properties":{}},{"type":"Feature","geometry":{"type":"Point","coordinates":[-6.0962,43.5597]},"properties":{}},{"type":"Feature","geometry":{"type":"Point","coordinates":[-6.0963,43.5597]},"properties":{}},{"type":"Feature","geometry":{"type":"Point","coordinates":[-6.0964,43.5596]},"properties":{}},{"type":"Feature","geometry":{"type":"Point","coordinates":[-6.0962,43.5594]},"properties":{}},{"type":"Feature","geometry":{"type":"Point","coordinates":[-6.0959,43.5596]},"properties":{}},{"type":"Feature","geometry":{"type":"Point","coordinates":[-6.0957,43.5598]},"properties":{}},{"type":"Feature","geometry":{"type":"Point","coordinates":[-6.0958,43.5599]},"properties":{}},{"type":"Feature","geometry":{"type":"Point","coordinates":[-6.0961,43.5598]},"properties":{}},{"type":"Feature","geometry":{"type":"Point","coordinates":[-6.0962,43.5596]},"properties":{}},{"type":"Feature","geometry":{"type":"Point","coordinates":[-6.0964,43.5594]},"properties":{}},{"type":"Feature","geometry":{"type":"Point","coordinates":[-6.0963,43.5594]},"properties":{}},{"type":"Feature","geometry":{"type":"Point","coordinates":[-6.0962,43.5594]},"properties":{}},{"type":"Feature","geometry":{"type":"Point","coordinates":[-3.7972,43.4166]},"properties":{}},{"type":"Feature","geometry":{"type":"Point","coordinates":[-3.7972,43.4164]},"properties":{}},{"type":"Feature","geometry":{"type":"Point","coordinates":[-3.797,43.4164]},"properties":{}},{"type":"Feature","geometry":{"type":"Point","coordinates":[-6.0328,43.5916]},"properties":{}},{"type":"Feature","geometry":{"type":"Point","coordinates":[-6.0327,43.5924]},"properties":{}},{"type":"Feature","geometry":{"type":"Point","coordinates":[-6.0331,43.5919]},"properties":{}},{"type":"Feature","geometry":{"type":"Point","coordinates":[-6.379,43.5597]},"properties":{}},{"type":"Feature","geometry":{"type":"Point","coordinates":[-6.3793,43.5595]},"properties":{}},{"type":"Feature","geometry":{"type":"Point","coordinates":[-6.3794,43.5593]},"properties":{}},{"type":"Feature","geometry":{"type":"Point","coordinates":[-6.3791,43.5589]},"properties":{}},{"type":"Feature","geometry":{"type":"Point","coordinates":[-6.379,43.5592]},"properties":{}},{"type":"Feature","geometry":{"type":"Point","coordinates":[-6.379,43.5596]},"properties":{}},{"type":"Feature","geometry":{"type":"Point","coordinates":[-5.8644,43.6641]},"properties":{}},{"type":"Feature","geometry":{"type":"Point","coordinates":[-5.8644,43.6637]},"properties":{}},{"type":"Feature","geometry":{"type":"Point","coordinates":[-5.8643,43.6641]},"properties":{}},{"type":"Feature","geometry":{"type":"Point","coordinates":[-6.1028,43.5614]},"properties":{}},{"type":"Feature","geometry":{"type":"Point","coordinates":[-6.1028,43.5613]},"properties":{}},{"type":"Feature","geometry":{"type":"Point","coordinates":[-6.1028,43.5613]},"properties":{}},{"type":"Feature","geometry":{"type":"Point","coordinates":[-6.1027,43.5612]},"properties":{}},{"type":"Feature","geometry":{"type":"Point","coordinates":[-6.1026,43.5612]},"properties":{}},{"type":"Feature","geometry":{"type":"Point","coordinates":[-6.1026,43.5611]},"properties":{}},{"type":"Feature","geometry":{"type":"Point","coordinates":[-6.1026,43.5612]},"properties":{}},{"type":"Feature","geometry":{"type":"Point","coordinates":[-6.1025,43.5612]},"properties":{}},{"type":"Feature","geometry":{"type":"Point","coordinates":[-6.1026,43.5613]},"properties":{}},{"type":"Feature","geometry":{"type":"Point","coordinates":[-6.1027,43.5614]},"properties":{}},{"type":"Feature","geometry":{"type":"Point","coordinates":[-6.1027,43.5615]},"properties":{}},{"type":"Feature","geometry":{"type":"Point","coordinates":[-6.1664,43.5729]},"properties":{}},{"type":"Feature","geometry":{"type":"Point","coordinates":[-6.1664,43.5729]},"properties":{}},{"type":"Feature","geometry":{"type":"Point","coordinates":[-6.1664,43.5728]},"properties":{}},{"type":"Feature","geometry":{"type":"Point","coordinates":[-6.1664,43.5729]},"properties":{}},{"type":"Feature","geometry":{"type":"Point","coordinates":[-6.0606,43.5675]},"properties":{}},{"type":"Feature","geometry":{"type":"Point","coordinates":[-6.0606,43.5677]},"properties":{}},{"type":"Feature","geometry":{"type":"Point","coordinates":[-6.0607,43.5678]},"properties":{}},{"type":"Feature","geometry":{"type":"Point","coordinates":[-6.0608,43.5678]},"properties":{}},{"type":"Feature","geometry":{"type":"Point","coordinates":[-6.0607,43.5676]},"properties":{}},{"type":"Feature","geometry":{"type":"Point","coordinates":[-6.0606,43.5675]},"properties":{}},{"type":"Feature","geometry":{"type":"Point","coordinates":[-5.8392,43.6625]},"properties":{}},{"type":"Feature","geometry":{"type":"Point","coordinates":[-5.8394,43.6623]},"properties":{}},{"type":"Feature","geometry":{"type":"Point","coordinates":[-5.8395,43.6622]},"properties":{}},{"type":"Feature","geometry":{"type":"Point","coordinates":[-5.8395,43.6621]},"properties":{}},{"type":"Feature","geometry":{"type":"Point","coordinates":[-5.8394,43.6622]},"properties":{}},{"type":"Feature","geometry":{"type":"Point","coordinates":[-5.8393,43.6623]},"properties":{}},{"type":"Feature","geometry":{"type":"Point","coordinates":[-5.8391,43.6624]},"properties":{}},{"type":"Feature","geometry":{"type":"Point","coordinates":[-5.8621,43.6494]},"properties":{}},{"type":"Feature","geometry":{"type":"Point","coordinates":[-5.8623,43.6493]},"properties":{}},{"type":"Feature","geometry":{"type":"Point","coordinates":[-5.8624,43.6492]},"properties":{}},{"type":"Feature","geometry":{"type":"Point","coordinates":[-5.8622,43.6492]},"properties":{}},{"type":"Feature","geometry":{"type":"Point","coordinates":[-5.862,43.6493]},"properties":{}},{"type":"Feature","geometry":{"type":"Point","coordinates":[-6.8162,43.5645]},"properties":{}},{"type":"Feature","geometry":{"type":"Point","coordinates":[-6.8163,43.5643]},"properties":{}},{"type":"Feature","geometry":{"type":"Point","coordinates":[-6.8162,43.5645]},"properties":{}},{"type":"Feature","geometry":{"type":"Point","coordinates":[-5.4984,43.5501]},"properties":{}},{"type":"Feature","geometry":{"type":"Point","coordinates":[-5.4982,43.5499]},"properties":{}},{"type":"Feature","geometry":{"type":"Point","coordinates":[-4.8999,43.4518]},"properties":{}},{"type":"Feature","geometry":{"type":"Point","coordinates":[-4.8999,43.4519]},"properties":{}},{"type":"Feature","geometry":{"type":"Point","coordinates":[-4.8999,43.4518]},"properties":{}},{"type":"Feature","geometry":{"type":"Point","coordinates":[-4.9005,43.4519]},"properties":{}},{"type":"Feature","geometry":{"type":"Point","coordinates":[-4.9004,43.4518]},"properties":{}},{"type":"Feature","geometry":{"type":"Point","coordinates":[-4.8613,43.4461]},"properties":{}},{"type":"Feature","geometry":{"type":"Point","coordinates":[-4.8613,43.4457]},"properties":{}},{"type":"Feature","geometry":{"type":"Point","coordinates":[-7.0281,43.527]},"properties":{}},{"type":"Feature","geometry":{"type":"Point","coordinates":[-7.0272,43.5252]},"properties":{}},{"type":"Feature","geometry":{"type":"Point","coordinates":[-7.0281,43.527]},"properties":{}},{"type":"Feature","geometry":{"type":"Point","coordinates":[-7.0298,43.5288]},"properties":{}},{"type":"Feature","geometry":{"type":"Point","coordinates":[-7.0329,43.5256]},"properties":{}},{"type":"Feature","geometry":{"type":"Point","coordinates":[-7.0335,43.525]},"properties":{}},{"type":"Feature","geometry":{"type":"Point","coordinates":[-7.0347,43.5241]},"properties":{}},{"type":"Feature","geometry":{"type":"Point","coordinates":[-7.035,43.5222]},"properties":{}},{"type":"Feature","geometry":{"type":"Point","coordinates":[-7.0355,43.5209]},"properties":{}},{"type":"Feature","geometry":{"type":"Point","coordinates":[-7.0362,43.5196]},"properties":{}},{"type":"Feature","geometry":{"type":"Point","coordinates":[-7.0366,43.5184]},"properties":{}},{"type":"Feature","geometry":{"type":"Point","coordinates":[-6.9432,43.574]},"properties":{}},{"type":"Feature","geometry":{"type":"Point","coordinates":[-6.9429,43.574]},"properties":{}},{"type":"Feature","geometry":{"type":"Point","coordinates":[-6.9431,43.5741]},"properties":{}},{"type":"Feature","geometry":{"type":"Point","coordinates":[-6.8564,43.5691]},"properties":{}},{"type":"Feature","geometry":{"type":"Point","coordinates":[-6.8567,43.5686]},"properties":{}},{"type":"Feature","geometry":{"type":"Point","coordinates":[-6.8562,43.5688]},"properties":{}},{"type":"Feature","geometry":{"type":"Point","coordinates":[-6.8564,43.569]},"properties":{}},{"type":"Feature","geometry":{"type":"Point","coordinates":[-6.9018,43.5705]},"properties":{}},{"type":"Feature","geometry":{"type":"Point","coordinates":[-6.902,43.5701]},"properties":{}},{"type":"Feature","geometry":{"type":"Point","coordinates":[-6.9014,43.5702]},"properties":{}},{"type":"Feature","geometry":{"type":"Point","coordinates":[-6.9016,43.5704]},"properties":{}},{"type":"Feature","geometry":{"type":"Point","coordinates":[-6.8905,43.57]},"properties":{}},{"type":"Feature","geometry":{"type":"Point","coordinates":[-6.8913,43.5699]},"properties":{}},{"type":"Feature","geometry":{"type":"Point","coordinates":[-6.8908,43.5694]},"properties":{}},{"type":"Feature","geometry":{"type":"Point","coordinates":[-6.8905,43.57]},"properties":{}},{"type":"Feature","geometry":{"type":"Point","coordinates":[-6.8909,43.5703]},"properties":{}},{"type":"Feature","geometry":{"type":"Point","coordinates":[-6.8909,43.5701]},"properties":{}},{"type":"Feature","geometry":{"type":"Point","coordinates":[-6.8906,43.5705]},"properties":{}},{"type":"Feature","geometry":{"type":"Point","coordinates":[-6.8947,43.5692]},"properties":{}},{"type":"Feature","geometry":{"type":"Point","coordinates":[-6.8947,43.5691]},"properties":{}},{"type":"Feature","geometry":{"type":"Point","coordinates":[-6.8944,43.5694]},"properties":{}},{"type":"Feature","geometry":{"type":"Point","coordinates":[-6.8939,43.5692]},"properties":{}},{"type":"Feature","geometry":{"type":"Point","coordinates":[-6.8937,43.5691]},"properties":{}},{"type":"Feature","geometry":{"type":"Point","coordinates":[-6.0205,43.5879]},"properties":{}},{"type":"Feature","geometry":{"type":"Point","coordinates":[-6.021,43.5876]},"properties":{}},{"type":"Feature","geometry":{"type":"Point","coordinates":[-6.02,43.5882]},"properties":{}},{"type":"Feature","geometry":{"type":"Point","coordinates":[-6.0203,43.588]},"properties":{}},{"type":"Feature","geometry":{"type":"Point","coordinates":[-6.02,43.5882]},"properties":{}},{"type":"Feature","geometry":{"type":"Point","coordinates":[-6.0511,43.5748]},"properties":{}},{"type":"Feature","geometry":{"type":"Point","coordinates":[-6.0509,43.5748]},"properties":{}},{"type":"Feature","geometry":{"type":"Point","coordinates":[-6.3093,43.5676]},"properties":{}},{"type":"Feature","geometry":{"type":"Point","coordinates":[-6.3096,43.5673]},"properties":{}},{"type":"Feature","geometry":{"type":"Point","coordinates":[-6.31,43.567]},"properties":{}},{"type":"Feature","geometry":{"type":"Point","coordinates":[-6.3095,43.5672]},"properties":{}},{"type":"Feature","geometry":{"type":"Point","coordinates":[-6.3092,43.5675]},"properties":{}},{"type":"Feature","geometry":{"type":"Point","coordinates":[-6.0898,43.5634]},"properties":{}},{"type":"Feature","geometry":{"type":"Point","coordinates":[-6.0896,43.5634]},"properties":{}},{"type":"Feature","geometry":{"type":"Point","coordinates":[-6.2438,43.5968]},"properties":{}},{"type":"Feature","geometry":{"type":"Point","coordinates":[-6.2439,43.5963]},"properties":{}},{"type":"Feature","geometry":{"type":"Point","coordinates":[-6.2438,43.5968]},"properties":{}},{"type":"Feature","geometry":{"type":"Point","coordinates":[-6.3096,43.5657]},"properties":{}},{"type":"Feature","geometry":{"type":"Point","coordinates":[-6.3099,43.5655]},"properties":{}},{"type":"Feature","geometry":{"type":"Point","coordinates":[-6.3095,43.5656]},"properties":{}},{"type":"Feature","geometry":{"type":"Point","coordinates":[-6.3144,43.5654]},"properties":{}},{"type":"Feature","geometry":{"type":"Point","coordinates":[-6.3148,43.5656]},"properties":{}},{"type":"Feature","geometry":{"type":"Point","coordinates":[-6.315,43.5654]},"properties":{}},{"type":"Feature","geometry":{"type":"Point","coordinates":[-6.3151,43.5652]},"properties":{}},{"type":"Feature","geometry":{"type":"Point","coordinates":[-6.3149,43.5649]},"properties":{}},{"type":"Feature","geometry":{"type":"Point","coordinates":[-6.3143,43.5653]},"properties":{}},{"type":"Feature","geometry":{"type":"Point","coordinates":[-5.8655,43.6644]},"properties":{}},{"type":"Feature","geometry":{"type":"Point","coordinates":[-5.8655,43.6644]},"properties":{}},{"type":"Feature","geometry":{"type":"Point","coordinates":[-5.8382,43.6644]},"properties":{}},{"type":"Feature","geometry":{"type":"Point","coordinates":[-5.8378,43.6644]},"properties":{}},{"type":"Feature","geometry":{"type":"Point","coordinates":[-5.8378,43.6647]},"properties":{}},{"type":"Feature","geometry":{"type":"Point","coordinates":[-5.8648,43.6639]},"properties":{}},{"type":"Feature","geometry":{"type":"Point","coordinates":[-5.8647,43.6639]},"properties":{}},{"type":"Feature","geometry":{"type":"Point","coordinates":[-5.8646,43.664]},"properties":{}},{"type":"Feature","geometry":{"type":"Point","coordinates":[-5.8652,43.6639]},"properties":{}},{"type":"Feature","geometry":{"type":"Point","coordinates":[-5.8665,43.6649]},"properties":{}},{"type":"Feature","geometry":{"type":"Point","coordinates":[-5.8667,43.6647]},"properties":{}},{"type":"Feature","geometry":{"type":"Point","coordinates":[-3.4426,43.4377]},"properties":{}},{"type":"Feature","geometry":{"type":"Point","coordinates":[-3.4422,43.4376]},"properties":{}},{"type":"Feature","geometry":{"type":"Point","coordinates":[-3.4421,43.4376]},"properties":{}},{"type":"Feature","geometry":{"type":"Point","coordinates":[-3.4418,43.4376]},"properties":{}},{"type":"Feature","geometry":{"type":"Point","coordinates":[-3.4416,43.4376]},"properties":{}},{"type":"Feature","geometry":{"type":"Point","coordinates":[-3.4414,43.4376]},"properties":{}},{"type":"Feature","geometry":{"type":"Point","coordinates":[-3.4412,43.4375]},"properties":{}},{"type":"Feature","geometry":{"type":"Point","coordinates":[-3.4411,43.4376]},"properties":{}},{"type":"Feature","geometry":{"type":"Point","coordinates":[-3.4409,43.4376]},"properties":{}},{"type":"Feature","geometry":{"type":"Point","coordinates":[-3.4408,43.4376]},"properties":{}},{"type":"Feature","geometry":{"type":"Point","coordinates":[-3.4407,43.4376]},"properties":{}},{"type":"Feature","geometry":{"type":"Point","coordinates":[-3.4406,43.4375]},"properties":{}},{"type":"Feature","geometry":{"type":"Point","coordinates":[-3.4405,43.4375]},"properties":{}},{"type":"Feature","geometry":{"type":"Point","coordinates":[-3.4401,43.4374]},"properties":{}},{"type":"Feature","geometry":{"type":"Point","coordinates":[-3.4398,43.4373]},"properties":{}},{"type":"Feature","geometry":{"type":"Point","coordinates":[-3.4397,43.4373]},"properties":{}},{"type":"Feature","geometry":{"type":"Point","coordinates":[-3.4395,43.4372]},"properties":{}},{"type":"Feature","geometry":{"type":"Point","coordinates":[-3.4392,43.4372]},"properties":{}},{"type":"Feature","geometry":{"type":"Point","coordinates":[-3.439,43.4372]},"properties":{}},{"type":"Feature","geometry":{"type":"Point","coordinates":[-3.4389,43.4371]},"properties":{}},{"type":"Feature","geometry":{"type":"Point","coordinates":[-3.4386,43.4372]},"properties":{}},{"type":"Feature","geometry":{"type":"Point","coordinates":[-3.4386,43.4372]},"properties":{}},{"type":"Feature","geometry":{"type":"Point","coordinates":[-3.4385,43.4371]},"properties":{}},{"type":"Feature","geometry":{"type":"Point","coordinates":[-3.4385,43.4372]},"properties":{}},{"type":"Feature","geometry":{"type":"Point","coordinates":[-3.4384,43.4372]},"properties":{}},{"type":"Feature","geometry":{"type":"Point","coordinates":[-3.4384,43.4372]},"properties":{}},{"type":"Feature","geometry":{"type":"Point","coordinates":[-3.4382,43.4374]},"properties":{}},{"type":"Feature","geometry":{"type":"Point","coordinates":[-3.4381,43.4375]},"properties":{}},{"type":"Feature","geometry":{"type":"Point","coordinates":[-3.438,43.4375]},"properties":{}},{"type":"Feature","geometry":{"type":"Point","coordinates":[-3.4379,43.4375]},"properties":{}},{"type":"Feature","geometry":{"type":"Point","coordinates":[-3.4379,43.4376]},"properties":{}},{"type":"Feature","geometry":{"type":"Point","coordinates":[-3.4378,43.4376]},"properties":{}},{"type":"Feature","geometry":{"type":"Point","coordinates":[-3.4378,43.4376]},"properties":{}},{"type":"Feature","geometry":{"type":"Point","coordinates":[-3.4378,43.4377]},"properties":{}},{"type":"Feature","geometry":{"type":"Point","coordinates":[-3.4377,43.4378]},"properties":{}},{"type":"Feature","geometry":{"type":"Point","coordinates":[-3.4377,43.4379]},"properties":{}},{"type":"Feature","geometry":{"type":"Point","coordinates":[-3.4376,43.4379]},"properties":{}},{"type":"Feature","geometry":{"type":"Point","coordinates":[-3.4376,43.438]},"properties":{}},{"type":"Feature","geometry":{"type":"Point","coordinates":[-3.4376,43.438]},"properties":{}},{"type":"Feature","geometry":{"type":"Point","coordinates":[-3.4375,43.438]},"properties":{}},{"type":"Feature","geometry":{"type":"Point","coordinates":[-3.437,43.4383]},"properties":{}},{"type":"Feature","geometry":{"type":"Point","coordinates":[-3.4368,43.4385]},"properties":{}},{"type":"Feature","geometry":{"type":"Point","coordinates":[-3.4366,43.4386]},"properties":{}},{"type":"Feature","geometry":{"type":"Point","coordinates":[-3.4365,43.4385]},"properties":{}},{"type":"Feature","geometry":{"type":"Point","coordinates":[-3.4364,43.4386]},"properties":{}},{"type":"Feature","geometry":{"type":"Point","coordinates":[-3.4363,43.4386]},"properties":{}},{"type":"Feature","geometry":{"type":"Point","coordinates":[-3.4361,43.4385]},"properties":{}},{"type":"Feature","geometry":{"type":"Point","coordinates":[-3.4361,43.4385]},"properties":{}},{"type":"Feature","geometry":{"type":"Point","coordinates":[-3.4361,43.4385]},"properties":{}},{"type":"Feature","geometry":{"type":"Point","coordinates":[-3.4361,43.4385]},"properties":{}},{"type":"Feature","geometry":{"type":"Point","coordinates":[-3.436,43.4386]},"properties":{}},{"type":"Feature","geometry":{"type":"Point","coordinates":[-3.4359,43.4386]},"properties":{}},{"type":"Feature","geometry":{"type":"Point","coordinates":[-3.4357,43.4386]},"properties":{}},{"type":"Feature","geometry":{"type":"Point","coordinates":[-3.4357,43.4386]},"properties":{}},{"type":"Feature","geometry":{"type":"Point","coordinates":[-3.4357,43.4387]},"properties":{}},{"type":"Feature","geometry":{"type":"Point","coordinates":[-3.4356,43.4387]},"properties":{}},{"type":"Feature","geometry":{"type":"Point","coordinates":[-3.4355,43.4388]},"properties":{}},{"type":"Feature","geometry":{"type":"Point","coordinates":[-3.4352,43.4389]},"properties":{}},{"type":"Feature","geometry":{"type":"Point","coordinates":[-3.435,43.4389]},"properties":{}},{"type":"Feature","geometry":{"type":"Point","coordinates":[-3.4349,43.4389]},"properties":{}},{"type":"Feature","geometry":{"type":"Point","coordinates":[-3.4347,43.439]},"properties":{}},{"type":"Feature","geometry":{"type":"Point","coordinates":[-3.4346,43.439]},"properties":{}},{"type":"Feature","geometry":{"type":"Point","coordinates":[-3.4345,43.4391]},"properties":{}},{"type":"Feature","geometry":{"type":"Point","coordinates":[-3.4343,43.4391]},"properties":{}},{"type":"Feature","geometry":{"type":"Point","coordinates":[-3.4342,43.4391]},"properties":{}},{"type":"Feature","geometry":{"type":"Point","coordinates":[-3.4341,43.4392]},"properties":{}},{"type":"Feature","geometry":{"type":"Point","coordinates":[-3.434,43.4393]},"properties":{}},{"type":"Feature","geometry":{"type":"Point","coordinates":[-3.4339,43.4392]},"properties":{}},{"type":"Feature","geometry":{"type":"Point","coordinates":[-3.4338,43.4392]},"properties":{}},{"type":"Feature","geometry":{"type":"Point","coordinates":[-3.4338,43.4393]},"properties":{}},{"type":"Feature","geometry":{"type":"Point","coordinates":[-3.4337,43.4393]},"properties":{}},{"type":"Feature","geometry":{"type":"Point","coordinates":[-3.4337,43.4393]},"properties":{}},{"type":"Feature","geometry":{"type":"Point","coordinates":[-3.4336,43.4394]},"properties":{}},{"type":"Feature","geometry":{"type":"Point","coordinates":[-3.4336,43.4394]},"properties":{}},{"type":"Feature","geometry":{"type":"Point","coordinates":[-3.4335,43.4394]},"properties":{}},{"type":"Feature","geometry":{"type":"Point","coordinates":[-3.4334,43.4395]},"properties":{}},{"type":"Feature","geometry":{"type":"Point","coordinates":[-3.4333,43.4395]},"properties":{}},{"type":"Feature","geometry":{"type":"Point","coordinates":[-3.4332,43.4395]},"properties":{}},{"type":"Feature","geometry":{"type":"Point","coordinates":[-3.4331,43.4395]},"properties":{}},{"type":"Feature","geometry":{"type":"Point","coordinates":[-3.433,43.4396]},"properties":{}},{"type":"Feature","geometry":{"type":"Point","coordinates":[-3.4329,43.4396]},"properties":{}},{"type":"Feature","geometry":{"type":"Point","coordinates":[-3.4328,43.4397]},"properties":{}},{"type":"Feature","geometry":{"type":"Point","coordinates":[-3.4328,43.4397]},"properties":{}},{"type":"Feature","geometry":{"type":"Point","coordinates":[-3.4327,43.4397]},"properties":{}},{"type":"Feature","geometry":{"type":"Point","coordinates":[-3.4326,43.4398]},"properties":{}},{"type":"Feature","geometry":{"type":"Point","coordinates":[-3.4325,43.4398]},"properties":{}},{"type":"Feature","geometry":{"type":"Point","coordinates":[-3.4325,43.4398]},"properties":{}},{"type":"Feature","geometry":{"type":"Point","coordinates":[-3.4324,43.4398]},"properties":{}},{"type":"Feature","geometry":{"type":"Point","coordinates":[-3.4323,43.4398]},"properties":{}},{"type":"Feature","geometry":{"type":"Point","coordinates":[-3.4323,43.4399]},"properties":{}},{"type":"Feature","geometry":{"type":"Point","coordinates":[-3.4323,43.4399]},"properties":{}},{"type":"Feature","geometry":{"type":"Point","coordinates":[-3.4323,43.4399]},"properties":{}},{"type":"Feature","geometry":{"type":"Point","coordinates":[-3.4323,43.44]},"properties":{}},{"type":"Feature","geometry":{"type":"Point","coordinates":[-3.4322,43.44]},"properties":{}},{"type":"Feature","geometry":{"type":"Point","coordinates":[-3.4321,43.4401]},"properties":{}},{"type":"Feature","geometry":{"type":"Point","coordinates":[-3.4321,43.4401]},"properties":{}},{"type":"Feature","geometry":{"type":"Point","coordinates":[-3.4321,43.4401]},"properties":{}},{"type":"Feature","geometry":{"type":"Point","coordinates":[-3.4319,43.4402]},"properties":{}},{"type":"Feature","geometry":{"type":"Point","coordinates":[-3.4318,43.4403]},"properties":{}},{"type":"Feature","geometry":{"type":"Point","coordinates":[-3.4318,43.4404]},"properties":{}},{"type":"Feature","geometry":{"type":"Point","coordinates":[-3.4317,43.4404]},"properties":{}},{"type":"Feature","geometry":{"type":"Point","coordinates":[-3.4318,43.4405]},"properties":{}},{"type":"Feature","geometry":{"type":"Point","coordinates":[-3.4318,43.4405]},"properties":{}},{"type":"Feature","geometry":{"type":"Point","coordinates":[-3.4316,43.4405]},"properties":{}},{"type":"Feature","geometry":{"type":"Point","coordinates":[-3.4316,43.4406]},"properties":{}},{"type":"Feature","geometry":{"type":"Point","coordinates":[-3.4316,43.4406]},"properties":{}},{"type":"Feature","geometry":{"type":"Point","coordinates":[-3.4315,43.4406]},"properties":{}},{"type":"Feature","geometry":{"type":"Point","coordinates":[-3.4315,43.4406]},"properties":{}},{"type":"Feature","geometry":{"type":"Point","coordinates":[-3.4313,43.4406]},"properties":{}},{"type":"Feature","geometry":{"type":"Point","coordinates":[-3.431,43.4407]},"properties":{}},{"type":"Feature","geometry":{"type":"Point","coordinates":[-3.431,43.4406]},"properties":{}},{"type":"Feature","geometry":{"type":"Point","coordinates":[-3.4309,43.4407]},"properties":{}},{"type":"Feature","geometry":{"type":"Point","coordinates":[-3.4309,43.4406]},"properties":{}},{"type":"Feature","geometry":{"type":"Point","coordinates":[-3.4308,43.4407]},"properties":{}},{"type":"Feature","geometry":{"type":"Point","coordinates":[-3.4309,43.4407]},"properties":{}},{"type":"Feature","geometry":{"type":"Point","coordinates":[-3.4309,43.4408]},"properties":{}},{"type":"Feature","geometry":{"type":"Point","coordinates":[-3.4308,43.4408]},"properties":{}},{"type":"Feature","geometry":{"type":"Point","coordinates":[-3.4307,43.4409]},"properties":{}},{"type":"Feature","geometry":{"type":"Point","coordinates":[-3.4305,43.441]},"properties":{}},{"type":"Feature","geometry":{"type":"Point","coordinates":[-3.4305,43.441]},"properties":{}},{"type":"Feature","geometry":{"type":"Point","coordinates":[-3.4305,43.441]},"properties":{}},{"type":"Feature","geometry":{"type":"Point","coordinates":[-3.4304,43.441]},"properties":{}},{"type":"Feature","geometry":{"type":"Point","coordinates":[-3.4303,43.441]},"properties":{}},{"type":"Feature","geometry":{"type":"Point","coordinates":[-3.4303,43.4411]},"properties":{}},{"type":"Feature","geometry":{"type":"Point","coordinates":[-3.4302,43.4411]},"properties":{}},{"type":"Feature","geometry":{"type":"Point","coordinates":[-3.4301,43.4411]},"properties":{}},{"type":"Feature","geometry":{"type":"Point","coordinates":[-3.43,43.4411]},"properties":{}},{"type":"Feature","geometry":{"type":"Point","coordinates":[-3.43,43.4411]},"properties":{}},{"type":"Feature","geometry":{"type":"Point","coordinates":[-3.43,43.4412]},"properties":{}},{"type":"Feature","geometry":{"type":"Point","coordinates":[-3.4299,43.4412]},"properties":{}},{"type":"Feature","geometry":{"type":"Point","coordinates":[-3.4298,43.4412]},"properties":{}},{"type":"Feature","geometry":{"type":"Point","coordinates":[-3.4298,43.4412]},"properties":{}},{"type":"Feature","geometry":{"type":"Point","coordinates":[-3.4298,43.4412]},"properties":{}},{"type":"Feature","geometry":{"type":"Point","coordinates":[-3.4298,43.4413]},"properties":{}},{"type":"Feature","geometry":{"type":"Point","coordinates":[-3.4298,43.4413]},"properties":{}},{"type":"Feature","geometry":{"type":"Point","coordinates":[-3.4298,43.4414]},"properties":{}},{"type":"Feature","geometry":{"type":"Point","coordinates":[-3.4297,43.4415]},"properties":{}},{"type":"Feature","geometry":{"type":"Point","coordinates":[-3.4295,43.4416]},"properties":{}},{"type":"Feature","geometry":{"type":"Point","coordinates":[-3.4295,43.4416]},"properties":{}},{"type":"Feature","geometry":{"type":"Point","coordinates":[-3.4294,43.4417]},"properties":{}},{"type":"Feature","geometry":{"type":"Point","coordinates":[-3.4293,43.4417]},"properties":{}},{"type":"Feature","geometry":{"type":"Point","coordinates":[-3.4292,43.4418]},"properties":{}},{"type":"Feature","geometry":{"type":"Point","coordinates":[-3.4291,43.4418]},"properties":{}},{"type":"Feature","geometry":{"type":"Point","coordinates":[-3.429,43.4419]},"properties":{}},{"type":"Feature","geometry":{"type":"Point","coordinates":[-3.429,43.4419]},"properties":{}},{"type":"Feature","geometry":{"type":"Point","coordinates":[-3.429,43.442]},"properties":{}},{"type":"Feature","geometry":{"type":"Point","coordinates":[-3.429,43.442]},"properties":{}},{"type":"Feature","geometry":{"type":"Point","coordinates":[-3.4289,43.442]},"properties":{}},{"type":"Feature","geometry":{"type":"Point","coordinates":[-3.4289,43.4422]},"properties":{}},{"type":"Feature","geometry":{"type":"Point","coordinates":[-3.4289,43.4422]},"properties":{}},{"type":"Feature","geometry":{"type":"Point","coordinates":[-3.4289,43.4422]},"properties":{}},{"type":"Feature","geometry":{"type":"Point","coordinates":[-3.4289,43.4423]},"properties":{}},{"type":"Feature","geometry":{"type":"Point","coordinates":[-3.4288,43.4423]},"properties":{}},{"type":"Feature","geometry":{"type":"Point","coordinates":[-3.4288,43.4424]},"properties":{}},{"type":"Feature","geometry":{"type":"Point","coordinates":[-3.4289,43.4424]},"properties":{}},{"type":"Feature","geometry":{"type":"Point","coordinates":[-3.4289,43.4425]},"properties":{}},{"type":"Feature","geometry":{"type":"Point","coordinates":[-3.4289,43.4426]},"properties":{}},{"type":"Feature","geometry":{"type":"Point","coordinates":[-3.4289,43.4426]},"properties":{}},{"type":"Feature","geometry":{"type":"Point","coordinates":[-3.4288,43.4426]},"properties":{}},{"type":"Feature","geometry":{"type":"Point","coordinates":[-3.4287,43.4427]},"properties":{}},{"type":"Feature","geometry":{"type":"Point","coordinates":[-3.4287,43.4427]},"properties":{}},{"type":"Feature","geometry":{"type":"Point","coordinates":[-3.4286,43.4427]},"properties":{}},{"type":"Feature","geometry":{"type":"Point","coordinates":[-3.4286,43.4428]},"properties":{}},{"type":"Feature","geometry":{"type":"Point","coordinates":[-3.4285,43.4428]},"properties":{}},{"type":"Feature","geometry":{"type":"Point","coordinates":[-3.4284,43.4428]},"properties":{}},{"type":"Feature","geometry":{"type":"Point","coordinates":[-3.4283,43.4428]},"properties":{}},{"type":"Feature","geometry":{"type":"Point","coordinates":[-3.4283,43.4428]},"properties":{}},{"type":"Feature","geometry":{"type":"Point","coordinates":[-3.4281,43.4428]},"properties":{}},{"type":"Feature","geometry":{"type":"Point","coordinates":[-3.4281,43.4428]},"properties":{}},{"type":"Feature","geometry":{"type":"Point","coordinates":[-3.428,43.4429]},"properties":{}},{"type":"Feature","geometry":{"type":"Point","coordinates":[-3.4279,43.4429]},"properties":{}},{"type":"Feature","geometry":{"type":"Point","coordinates":[-3.4278,43.4429]},"properties":{}},{"type":"Feature","geometry":{"type":"Point","coordinates":[-3.4277,43.443]},"properties":{}},{"type":"Feature","geometry":{"type":"Point","coordinates":[-3.4277,43.4429]},"properties":{}},{"type":"Feature","geometry":{"type":"Point","coordinates":[-3.4276,43.4428]},"properties":{}},{"type":"Feature","geometry":{"type":"Point","coordinates":[-3.4276,43.4429]},"properties":{}},{"type":"Feature","geometry":{"type":"Point","coordinates":[-3.4276,43.4429]},"properties":{}},{"type":"Feature","geometry":{"type":"Point","coordinates":[-3.4277,43.443]},"properties":{}},{"type":"Feature","geometry":{"type":"Point","coordinates":[-3.4276,43.443]},"properties":{}},{"type":"Feature","geometry":{"type":"Point","coordinates":[-3.4275,43.4431]},"properties":{}},{"type":"Feature","geometry":{"type":"Point","coordinates":[-3.4275,43.4431]},"properties":{}},{"type":"Feature","geometry":{"type":"Point","coordinates":[-3.4275,43.4431]},"properties":{}},{"type":"Feature","geometry":{"type":"Point","coordinates":[-3.4274,43.4432]},"properties":{}},{"type":"Feature","geometry":{"type":"Point","coordinates":[-3.4273,43.4433]},"properties":{}},{"type":"Feature","geometry":{"type":"Point","coordinates":[-3.4273,43.4433]},"properties":{}},{"type":"Feature","geometry":{"type":"Point","coordinates":[-3.4273,43.4434]},"properties":{}},{"type":"Feature","geometry":{"type":"Point","coordinates":[-3.4273,43.4435]},"properties":{}},{"type":"Feature","geometry":{"type":"Point","coordinates":[-3.4272,43.4436]},"properties":{}},{"type":"Feature","geometry":{"type":"Point","coordinates":[-3.4271,43.4436]},"properties":{}},{"type":"Feature","geometry":{"type":"Point","coordinates":[-3.427,43.4437]},"properties":{}},{"type":"Feature","geometry":{"type":"Point","coordinates":[-3.4269,43.4437]},"properties":{}},{"type":"Feature","geometry":{"type":"Point","coordinates":[-3.4266,43.4436]},"properties":{}},{"type":"Feature","geometry":{"type":"Point","coordinates":[-3.4265,43.4436]},"properties":{}},{"type":"Feature","geometry":{"type":"Point","coordinates":[-3.4265,43.4437]},"properties":{}},{"type":"Feature","geometry":{"type":"Point","coordinates":[-3.4264,43.4437]},"properties":{}},{"type":"Feature","geometry":{"type":"Point","coordinates":[-3.4264,43.4438]},"properties":{}},{"type":"Feature","geometry":{"type":"Point","coordinates":[-3.4265,43.4438]},"properties":{}},{"type":"Feature","geometry":{"type":"Point","coordinates":[-3.4265,43.4439]},"properties":{}},{"type":"Feature","geometry":{"type":"Point","coordinates":[-3.4264,43.444]},"properties":{}},{"type":"Feature","geometry":{"type":"Point","coordinates":[-3.4263,43.4441]},"properties":{}},{"type":"Feature","geometry":{"type":"Point","coordinates":[-3.4262,43.4442]},"properties":{}},{"type":"Feature","geometry":{"type":"Point","coordinates":[-3.426,43.4442]},"properties":{}},{"type":"Feature","geometry":{"type":"Point","coordinates":[-3.426,43.4443]},"properties":{}},{"type":"Feature","geometry":{"type":"Point","coordinates":[-3.4262,43.4444]},"properties":{}},{"type":"Feature","geometry":{"type":"Point","coordinates":[-3.4261,43.4444]},"properties":{}},{"type":"Feature","geometry":{"type":"Point","coordinates":[-3.4262,43.4447]},"properties":{}},{"type":"Feature","geometry":{"type":"Point","coordinates":[-3.4263,43.4447]},"properties":{}},{"type":"Feature","geometry":{"type":"Point","coordinates":[-3.4266,43.4451]},"properties":{}},{"type":"Feature","geometry":{"type":"Point","coordinates":[-3.4266,43.4454]},"properties":{}},{"type":"Feature","geometry":{"type":"Point","coordinates":[-3.4263,43.4456]},"properties":{}},{"type":"Feature","geometry":{"type":"Point","coordinates":[-3.426,43.4458]},"properties":{}},{"type":"Feature","geometry":{"type":"Point","coordinates":[-3.4261,43.4459]},"properties":{}},{"type":"Feature","geometry":{"type":"Point","coordinates":[-3.4263,43.4459]},"properties":{}},{"type":"Feature","geometry":{"type":"Point","coordinates":[-3.4266,43.4461]},"properties":{}},{"type":"Feature","geometry":{"type":"Point","coordinates":[-3.4267,43.4463]},"properties":{}},{"type":"Feature","geometry":{"type":"Point","coordinates":[-3.4266,43.4464]},"properties":{}},{"type":"Feature","geometry":{"type":"Point","coordinates":[-3.4267,43.4465]},"properties":{}},{"type":"Feature","geometry":{"type":"Point","coordinates":[-3.4267,43.4465]},"properties":{}},{"type":"Feature","geometry":{"type":"Point","coordinates":[-3.4267,43.4466]},"properties":{}},{"type":"Feature","geometry":{"type":"Point","coordinates":[-3.4268,43.4467]},"properties":{}},{"type":"Feature","geometry":{"type":"Point","coordinates":[-3.4269,43.4467]},"properties":{}},{"type":"Feature","geometry":{"type":"Point","coordinates":[-3.4271,43.4468]},"properties":{}},{"type":"Feature","geometry":{"type":"Point","coordinates":[-3.4272,43.4469]},"properties":{}},{"type":"Feature","geometry":{"type":"Point","coordinates":[-3.4274,43.4471]},"properties":{}},{"type":"Feature","geometry":{"type":"Point","coordinates":[-3.4274,43.4472]},"properties":{}},{"type":"Feature","geometry":{"type":"Point","coordinates":[-3.4274,43.4473]},"properties":{}},{"type":"Feature","geometry":{"type":"Point","coordinates":[-3.4274,43.4474]},"properties":{}},{"type":"Feature","geometry":{"type":"Point","coordinates":[-3.4274,43.4474]},"properties":{}},{"type":"Feature","geometry":{"type":"Point","coordinates":[-3.4274,43.4474]},"properties":{}},{"type":"Feature","geometry":{"type":"Point","coordinates":[-3.4277,43.4475]},"properties":{}},{"type":"Feature","geometry":{"type":"Point","coordinates":[-3.4277,43.4478]},"properties":{}},{"type":"Feature","geometry":{"type":"Point","coordinates":[-3.4276,43.4482]},"properties":{}},{"type":"Feature","geometry":{"type":"Point","coordinates":[-3.4273,43.4484]},"properties":{}},{"type":"Feature","geometry":{"type":"Point","coordinates":[-3.427,43.4486]},"properties":{}},{"type":"Feature","geometry":{"type":"Point","coordinates":[-3.427,43.4487]},"properties":{}},{"type":"Feature","geometry":{"type":"Point","coordinates":[-3.4271,43.4487]},"properties":{}},{"type":"Feature","geometry":{"type":"Point","coordinates":[-3.4271,43.4488]},"properties":{}},{"type":"Feature","geometry":{"type":"Point","coordinates":[-3.4271,43.4491]},"properties":{}},{"type":"Feature","geometry":{"type":"Point","coordinates":[-3.4272,43.4494]},"properties":{}},{"type":"Feature","geometry":{"type":"Point","coordinates":[-3.4269,43.4499]},"properties":{}},{"type":"Feature","geometry":{"type":"Point","coordinates":[-3.4269,43.45]},"properties":{}},{"type":"Feature","geometry":{"type":"Point","coordinates":[-3.4267,43.4502]},"properties":{}},{"type":"Feature","geometry":{"type":"Point","coordinates":[-3.4266,43.4504]},"properties":{}},{"type":"Feature","geometry":{"type":"Point","coordinates":[-3.4266,43.4506]},"properties":{}},{"type":"Feature","geometry":{"type":"Point","coordinates":[-3.4266,43.4507]},"properties":{}},{"type":"Feature","geometry":{"type":"Point","coordinates":[-3.4267,43.4508]},"properties":{}},{"type":"Feature","geometry":{"type":"Point","coordinates":[-3.4266,43.4509]},"properties":{}},{"type":"Feature","geometry":{"type":"Point","coordinates":[-3.4265,43.451]},"properties":{}},{"type":"Feature","geometry":{"type":"Point","coordinates":[-3.4264,43.4511]},"properties":{}},{"type":"Feature","geometry":{"type":"Point","coordinates":[-3.4262,43.4512]},"properties":{}},{"type":"Feature","geometry":{"type":"Point","coordinates":[-3.4259,43.4513]},"properties":{}},{"type":"Feature","geometry":{"type":"Point","coordinates":[-3.4257,43.4514]},"properties":{}},{"type":"Feature","geometry":{"type":"Point","coordinates":[-3.4255,43.4514]},"properties":{}},{"type":"Feature","geometry":{"type":"Point","coordinates":[-4.4305,43.3941]},"properties":{}},{"type":"Feature","geometry":{"type":"Point","coordinates":[-3.8916,43.4744]},"properties":{}},{"type":"Feature","geometry":{"type":"Point","coordinates":[-3.8915,43.4742]},"properties":{}},{"type":"Feature","geometry":{"type":"Point","coordinates":[-3.8915,43.4744]},"properties":{}},{"type":"Feature","geometry":{"type":"Point","coordinates":[-3.9157,43.4745]},"properties":{}},{"type":"Feature","geometry":{"type":"Point","coordinates":[-3.9158,43.4746]},"properties":{}},{"type":"Feature","geometry":{"type":"Point","coordinates":[-3.9158,43.4747]},"properties":{}},{"type":"Feature","geometry":{"type":"Point","coordinates":[-3.9158,43.4748]},"properties":{}},{"type":"Feature","geometry":{"type":"Point","coordinates":[-3.9157,43.4749]},"properties":{}},{"type":"Feature","geometry":{"type":"Point","coordinates":[-3.9157,43.475]},"properties":{}},{"type":"Feature","geometry":{"type":"Point","coordinates":[-3.9156,43.475]},"properties":{}},{"type":"Feature","geometry":{"type":"Point","coordinates":[-3.9156,43.4751]},"properties":{}},{"type":"Feature","geometry":{"type":"Point","coordinates":[-3.9155,43.4752]},"properties":{}},{"type":"Feature","geometry":{"type":"Point","coordinates":[-3.9154,43.4752]},"properties":{}},{"type":"Feature","geometry":{"type":"Point","coordinates":[-3.9153,43.4753]},"properties":{}},{"type":"Feature","geometry":{"type":"Point","coordinates":[-3.9152,43.4753]},"properties":{}},{"type":"Feature","geometry":{"type":"Point","coordinates":[-3.9151,43.4754]},"properties":{}},{"type":"Feature","geometry":{"type":"Point","coordinates":[-3.9149,43.4755]},"properties":{}},{"type":"Feature","geometry":{"type":"Point","coordinates":[-3.9147,43.4755]},"properties":{}},{"type":"Feature","geometry":{"type":"Point","coordinates":[-3.9146,43.4756]},"properties":{}},{"type":"Feature","geometry":{"type":"Point","coordinates":[-3.9146,43.4756]},"properties":{}},{"type":"Feature","geometry":{"type":"Point","coordinates":[-3.9145,43.4757]},"properties":{}},{"type":"Feature","geometry":{"type":"Point","coordinates":[-3.9145,43.4757]},"properties":{}},{"type":"Feature","geometry":{"type":"Point","coordinates":[-3.9145,43.4758]},"properties":{}},{"type":"Feature","geometry":{"type":"Point","coordinates":[-3.9146,43.4758]},"properties":{}},{"type":"Feature","geometry":{"type":"Point","coordinates":[-3.9146,43.4758]},"properties":{}},{"type":"Feature","geometry":{"type":"Point","coordinates":[-3.9147,43.4758]},"properties":{}},{"type":"Feature","geometry":{"type":"Point","coordinates":[-3.9147,43.4758]},"properties":{}},{"type":"Feature","geometry":{"type":"Point","coordinates":[-3.9148,43.4758]},"properties":{}},{"type":"Feature","geometry":{"type":"Point","coordinates":[-3.9149,43.4758]},"properties":{}},{"type":"Feature","geometry":{"type":"Point","coordinates":[-3.9149,43.4757]},"properties":{}},{"type":"Feature","geometry":{"type":"Point","coordinates":[-3.915,43.4757]},"properties":{}},{"type":"Feature","geometry":{"type":"Point","coordinates":[-3.9151,43.4757]},"properties":{}},{"type":"Feature","geometry":{"type":"Point","coordinates":[-3.9151,43.4757]},"properties":{}},{"type":"Feature","geometry":{"type":"Point","coordinates":[-3.9152,43.4757]},"properties":{}},{"type":"Feature","geometry":{"type":"Point","coordinates":[-3.9152,43.4757]},"properties":{}},{"type":"Feature","geometry":{"type":"Point","coordinates":[-3.9153,43.4757]},"properties":{}},{"type":"Feature","geometry":{"type":"Point","coordinates":[-3.9153,43.4756]},"properties":{}},{"type":"Feature","geometry":{"type":"Point","coordinates":[-3.9153,43.4756]},"properties":{}},{"type":"Feature","geometry":{"type":"Point","coordinates":[-3.9154,43.4755]},"properties":{}},{"type":"Feature","geometry":{"type":"Point","coordinates":[-3.9155,43.4755]},"properties":{}},{"type":"Feature","geometry":{"type":"Point","coordinates":[-3.9155,43.4755]},"properties":{}},{"type":"Feature","geometry":{"type":"Point","coordinates":[-3.9156,43.4755]},"properties":{}},{"type":"Feature","geometry":{"type":"Point","coordinates":[-3.9157,43.4755]},"properties":{}},{"type":"Feature","geometry":{"type":"Point","coordinates":[-3.9158,43.4755]},"properties":{}},{"type":"Feature","geometry":{"type":"Point","coordinates":[-3.9159,43.4755]},"properties":{}},{"type":"Feature","geometry":{"type":"Point","coordinates":[-3.9159,43.4755]},"properties":{}},{"type":"Feature","geometry":{"type":"Point","coordinates":[-3.916,43.4754]},"properties":{}},{"type":"Feature","geometry":{"type":"Point","coordinates":[-3.916,43.4754]},"properties":{}},{"type":"Feature","geometry":{"type":"Point","coordinates":[-3.916,43.4754]},"properties":{}},{"type":"Feature","geometry":{"type":"Point","coordinates":[-3.9161,43.4754]},"properties":{}},{"type":"Feature","geometry":{"type":"Point","coordinates":[-3.9161,43.4753]},"properties":{}},{"type":"Feature","geometry":{"type":"Point","coordinates":[-3.9162,43.4753]},"properties":{}},{"type":"Feature","geometry":{"type":"Point","coordinates":[-3.9162,43.4753]},"properties":{}},{"type":"Feature","geometry":{"type":"Point","coordinates":[-3.9162,43.4753]},"properties":{}},{"type":"Feature","geometry":{"type":"Point","coordinates":[-3.9163,43.4753]},"properties":{}},{"type":"Feature","geometry":{"type":"Point","coordinates":[-3.9163,43.4752]},"properties":{}},{"type":"Feature","geometry":{"type":"Point","coordinates":[-3.9164,43.4752]},"properties":{}},{"type":"Feature","geometry":{"type":"Point","coordinates":[-3.9164,43.4752]},"properties":{}},{"type":"Feature","geometry":{"type":"Point","coordinates":[-3.9164,43.4751]},"properties":{}},{"type":"Feature","geometry":{"type":"Point","coordinates":[-3.9165,43.4751]},"properties":{}},{"type":"Feature","geometry":{"type":"Point","coordinates":[-3.8831,43.4757]},"properties":{}},{"type":"Feature","geometry":{"type":"Point","coordinates":[-3.8825,43.4753]},"properties":{}},{"type":"Feature","geometry":{"type":"Point","coordinates":[-3.8821,43.4752]},"properties":{}},{"type":"Feature","geometry":{"type":"Point","coordinates":[-3.8822,43.4751]},"properties":{}},{"type":"Feature","geometry":{"type":"Point","coordinates":[-3.5201,43.4946]},"properties":{}},{"type":"Feature","geometry":{"type":"Point","coordinates":[-3.5201,43.4946]},"properties":{}},{"type":"Feature","geometry":{"type":"Point","coordinates":[-3.5202,43.4947]},"properties":{}},{"type":"Feature","geometry":{"type":"Point","coordinates":[-3.5202,43.4947]},"properties":{}},{"type":"Feature","geometry":{"type":"Point","coordinates":[-3.5203,43.4947]},"properties":{}},{"type":"Feature","geometry":{"type":"Point","coordinates":[-3.5204,43.4947]},"properties":{}},{"type":"Feature","geometry":{"type":"Point","coordinates":[-3.5206,43.4947]},"properties":{}},{"type":"Feature","geometry":{"type":"Point","coordinates":[-3.5207,43.4946]},"properties":{}},{"type":"Feature","geometry":{"type":"Point","coordinates":[-3.5208,43.4946]},"properties":{}},{"type":"Feature","geometry":{"type":"Point","coordinates":[-3.5209,43.4945]},"properties":{}},{"type":"Feature","geometry":{"type":"Point","coordinates":[-3.5209,43.4945]},"properties":{}},{"type":"Feature","geometry":{"type":"Point","coordinates":[-3.521,43.4944]},"properties":{}},{"type":"Feature","geometry":{"type":"Point","coordinates":[-3.521,43.4943]},"properties":{}},{"type":"Feature","geometry":{"type":"Point","coordinates":[-3.5211,43.4942]},"properties":{}},{"type":"Feature","geometry":{"type":"Point","coordinates":[-3.5211,43.4941]},"properties":{}},{"type":"Feature","geometry":{"type":"Point","coordinates":[-3.5211,43.494]},"properties":{}},{"type":"Feature","geometry":{"type":"Point","coordinates":[-3.5212,43.4939]},"properties":{}},{"type":"Feature","geometry":{"type":"Point","coordinates":[-3.5212,43.4938]},"properties":{}},{"type":"Feature","geometry":{"type":"Point","coordinates":[-3.5213,43.4938]},"properties":{}},{"type":"Feature","geometry":{"type":"Point","coordinates":[-3.5213,43.4937]},"properties":{}},{"type":"Feature","geometry":{"type":"Point","coordinates":[-3.5213,43.4936]},"properties":{}},{"type":"Feature","geometry":{"type":"Point","coordinates":[-3.5214,43.4936]},"properties":{}},{"type":"Feature","geometry":{"type":"Point","coordinates":[-3.5215,43.4936]},"properties":{}},{"type":"Feature","geometry":{"type":"Point","coordinates":[-3.5216,43.4936]},"properties":{}},{"type":"Feature","geometry":{"type":"Point","coordinates":[-3.5216,43.4935]},"properties":{}},{"type":"Feature","geometry":{"type":"Point","coordinates":[-3.5217,43.4935]},"properties":{}},{"type":"Feature","geometry":{"type":"Point","coordinates":[-3.5218,43.4936]},"properties":{}},{"type":"Feature","geometry":{"type":"Point","coordinates":[-3.5218,43.4936]},"properties":{}},{"type":"Feature","geometry":{"type":"Point","coordinates":[-3.5217,43.4937]},"properties":{}},{"type":"Feature","geometry":{"type":"Point","coordinates":[-3.5218,43.4938]},"properties":{}},{"type":"Feature","geometry":{"type":"Point","coordinates":[-3.5218,43.4938]},"properties":{}},{"type":"Feature","geometry":{"type":"Point","coordinates":[-3.5219,43.4939]},"properties":{}},{"type":"Feature","geometry":{"type":"Point","coordinates":[-3.5221,43.4939]},"properties":{}},{"type":"Feature","geometry":{"type":"Point","coordinates":[-3.5222,43.4939]},"properties":{}},{"type":"Feature","geometry":{"type":"Point","coordinates":[-3.5223,43.4939]},"properties":{}},{"type":"Feature","geometry":{"type":"Point","coordinates":[-3.5224,43.4939]},"properties":{}},{"type":"Feature","geometry":{"type":"Point","coordinates":[-3.5225,43.494]},"properties":{}},{"type":"Feature","geometry":{"type":"Point","coordinates":[-3.5225,43.4941]},"properties":{}},{"type":"Feature","geometry":{"type":"Point","coordinates":[-3.5225,43.4942]},"properties":{}},{"type":"Feature","geometry":{"type":"Point","coordinates":[-3.5224,43.4942]},"properties":{}},{"type":"Feature","geometry":{"type":"Point","coordinates":[-3.5225,43.4943]},"properties":{}},{"type":"Feature","geometry":{"type":"Point","coordinates":[-3.5227,43.4943]},"properties":{}},{"type":"Feature","geometry":{"type":"Point","coordinates":[-3.5228,43.4942]},"properties":{}},{"type":"Feature","geometry":{"type":"Point","coordinates":[-3.5228,43.4942]},"properties":{}},{"type":"Feature","geometry":{"type":"Point","coordinates":[-3.5228,43.4941]},"properties":{}},{"type":"Feature","geometry":{"type":"Point","coordinates":[-3.523,43.4941]},"properties":{}},{"type":"Feature","geometry":{"type":"Point","coordinates":[-3.5231,43.4941]},"properties":{}},{"type":"Feature","geometry":{"type":"Point","coordinates":[-3.5232,43.4941]},"properties":{}},{"type":"Feature","geometry":{"type":"Point","coordinates":[-3.5234,43.494]},"properties":{}},{"type":"Feature","geometry":{"type":"Point","coordinates":[-3.5235,43.494]},"properties":{}},{"type":"Feature","geometry":{"type":"Point","coordinates":[-3.5236,43.4939]},"properties":{}},{"type":"Feature","geometry":{"type":"Point","coordinates":[-3.5237,43.4938]},"properties":{}},{"type":"Feature","geometry":{"type":"Point","coordinates":[-3.5238,43.4938]},"properties":{}},{"type":"Feature","geometry":{"type":"Point","coordinates":[-3.524,43.4938]},"properties":{}},{"type":"Feature","geometry":{"type":"Point","coordinates":[-3.5241,43.4938]},"properties":{}},{"type":"Feature","geometry":{"type":"Point","coordinates":[-3.5242,43.4939]},"properties":{}},{"type":"Feature","geometry":{"type":"Point","coordinates":[-3.5244,43.494]},"properties":{}},{"type":"Feature","geometry":{"type":"Point","coordinates":[-3.5245,43.494]},"properties":{}},{"type":"Feature","geometry":{"type":"Point","coordinates":[-3.5247,43.4939]},"properties":{}},{"type":"Feature","geometry":{"type":"Point","coordinates":[-3.5246,43.4938]},"properties":{}},{"type":"Feature","geometry":{"type":"Point","coordinates":[-3.5247,43.4937]},"properties":{}},{"type":"Feature","geometry":{"type":"Point","coordinates":[-3.5248,43.4938]},"properties":{}},{"type":"Feature","geometry":{"type":"Point","coordinates":[-3.525,43.4939]},"properties":{}},{"type":"Feature","geometry":{"type":"Point","coordinates":[-3.5251,43.494]},"properties":{}},{"type":"Feature","geometry":{"type":"Point","coordinates":[-3.5252,43.494]},"properties":{}},{"type":"Feature","geometry":{"type":"Point","coordinates":[-3.5253,43.4941]},"properties":{}},{"type":"Feature","geometry":{"type":"Point","coordinates":[-3.5255,43.4941]},"properties":{}},{"type":"Feature","geometry":{"type":"Point","coordinates":[-3.5256,43.4942]},"properties":{}},{"type":"Feature","geometry":{"type":"Point","coordinates":[-3.5257,43.4943]},"properties":{}},{"type":"Feature","geometry":{"type":"Point","coordinates":[-3.5259,43.4944]},"properties":{}},{"type":"Feature","geometry":{"type":"Point","coordinates":[-3.526,43.4944]},"properties":{}},{"type":"Feature","geometry":{"type":"Point","coordinates":[-3.5261,43.4945]},"properties":{}},{"type":"Feature","geometry":{"type":"Point","coordinates":[-3.5263,43.4945]},"properties":{}},{"type":"Feature","geometry":{"type":"Point","coordinates":[-3.5264,43.4946]},"properties":{}},{"type":"Feature","geometry":{"type":"Point","coordinates":[-3.5266,43.4946]},"properties":{}},{"type":"Feature","geometry":{"type":"Point","coordinates":[-3.5269,43.4946]},"properties":{}},{"type":"Feature","geometry":{"type":"Point","coordinates":[-3.527,43.4945]},"properties":{}},{"type":"Feature","geometry":{"type":"Point","coordinates":[-3.5269,43.4945]},"properties":{}},{"type":"Feature","geometry":{"type":"Point","coordinates":[-3.5269,43.4944]},"properties":{}},{"type":"Feature","geometry":{"type":"Point","coordinates":[-3.5269,43.4944]},"properties":{}},{"type":"Feature","geometry":{"type":"Point","coordinates":[-3.5269,43.4943]},"properties":{}},{"type":"Feature","geometry":{"type":"Point","coordinates":[-3.527,43.4942]},"properties":{}},{"type":"Feature","geometry":{"type":"Point","coordinates":[-3.5271,43.4941]},"properties":{}},{"type":"Feature","geometry":{"type":"Point","coordinates":[-3.5272,43.494]},"properties":{}},{"type":"Feature","geometry":{"type":"Point","coordinates":[-3.5273,43.4939]},"properties":{}},{"type":"Feature","geometry":{"type":"Point","coordinates":[-3.5274,43.4938]},"properties":{}},{"type":"Feature","geometry":{"type":"Point","coordinates":[-3.5274,43.4937]},"properties":{}},{"type":"Feature","geometry":{"type":"Point","coordinates":[-3.5275,43.4937]},"properties":{}},{"type":"Feature","geometry":{"type":"Point","coordinates":[-3.5275,43.4936]},"properties":{}},{"type":"Feature","geometry":{"type":"Point","coordinates":[-3.5275,43.4936]},"properties":{}},{"type":"Feature","geometry":{"type":"Point","coordinates":[-3.5276,43.4935]},"properties":{}},{"type":"Feature","geometry":{"type":"Point","coordinates":[-3.5276,43.4935]},"properties":{}},{"type":"Feature","geometry":{"type":"Point","coordinates":[-3.5277,43.4934]},"properties":{}},{"type":"Feature","geometry":{"type":"Point","coordinates":[-3.5278,43.4933]},"properties":{}},{"type":"Feature","geometry":{"type":"Point","coordinates":[-3.5278,43.4933]},"properties":{}},{"type":"Feature","geometry":{"type":"Point","coordinates":[-3.5279,43.4932]},"properties":{}},{"type":"Feature","geometry":{"type":"Point","coordinates":[-3.5279,43.4931]},"properties":{}},{"type":"Feature","geometry":{"type":"Point","coordinates":[-3.528,43.4931]},"properties":{}},{"type":"Feature","geometry":{"type":"Point","coordinates":[-3.528,43.493]},"properties":{}},{"type":"Feature","geometry":{"type":"Point","coordinates":[-3.5281,43.4929]},"properties":{}},{"type":"Feature","geometry":{"type":"Point","coordinates":[-3.5283,43.4927]},"properties":{}},{"type":"Feature","geometry":{"type":"Point","coordinates":[-3.5285,43.4926]},"properties":{}},{"type":"Feature","geometry":{"type":"Point","coordinates":[-3.5286,43.4925]},"properties":{}},{"type":"Feature","geometry":{"type":"Point","coordinates":[-3.5286,43.4925]},"properties":{}},{"type":"Feature","geometry":{"type":"Point","coordinates":[-3.5287,43.4924]},"properties":{}},{"type":"Feature","geometry":{"type":"Point","coordinates":[-3.529,43.4923]},"properties":{}},{"type":"Feature","geometry":{"type":"Point","coordinates":[-3.5291,43.4923]},"properties":{}},{"type":"Feature","geometry":{"type":"Point","coordinates":[-3.5292,43.4923]},"properties":{}},{"type":"Feature","geometry":{"type":"Point","coordinates":[-3.5294,43.4922]},"properties":{}},{"type":"Feature","geometry":{"type":"Point","coordinates":[-3.5295,43.4922]},"properties":{}},{"type":"Feature","geometry":{"type":"Point","coordinates":[-3.5297,43.4922]},"properties":{}},{"type":"Feature","geometry":{"type":"Point","coordinates":[-3.5298,43.4922]},"properties":{}},{"type":"Feature","geometry":{"type":"Point","coordinates":[-3.5299,43.4922]},"properties":{}},{"type":"Feature","geometry":{"type":"Point","coordinates":[-3.5301,43.4921]},"properties":{}},{"type":"Feature","geometry":{"type":"Point","coordinates":[-3.5302,43.4921]},"properties":{}},{"type":"Feature","geometry":{"type":"Point","coordinates":[-3.5303,43.4921]},"properties":{}},{"type":"Feature","geometry":{"type":"Point","coordinates":[-3.5305,43.4921]},"properties":{}},{"type":"Feature","geometry":{"type":"Point","coordinates":[-3.5307,43.4921]},"properties":{}},{"type":"Feature","geometry":{"type":"Point","coordinates":[-3.5309,43.4921]},"properties":{}},{"type":"Feature","geometry":{"type":"Point","coordinates":[-3.5309,43.4921]},"properties":{}},{"type":"Feature","geometry":{"type":"Point","coordinates":[-3.531,43.4921]},"properties":{}},{"type":"Feature","geometry":{"type":"Point","coordinates":[-3.5311,43.492]},"properties":{}},{"type":"Feature","geometry":{"type":"Point","coordinates":[-3.5311,43.492]},"properties":{}},{"type":"Feature","geometry":{"type":"Point","coordinates":[-3.5312,43.492]},"properties":{}},{"type":"Feature","geometry":{"type":"Point","coordinates":[-3.5313,43.492]},"properties":{}},{"type":"Feature","geometry":{"type":"Point","coordinates":[-3.5313,43.492]},"properties":{}},{"type":"Feature","geometry":{"type":"Point","coordinates":[-3.5314,43.492]},"properties":{}},{"type":"Feature","geometry":{"type":"Point","coordinates":[-3.5314,43.4919]},"properties":{}},{"type":"Feature","geometry":{"type":"Point","coordinates":[-3.5315,43.4919]},"properties":{}},{"type":"Feature","geometry":{"type":"Point","coordinates":[-3.5316,43.4919]},"properties":{}},{"type":"Feature","geometry":{"type":"Point","coordinates":[-3.5316,43.4919]},"properties":{}},{"type":"Feature","geometry":{"type":"Point","coordinates":[-3.5317,43.4919]},"properties":{}},{"type":"Feature","geometry":{"type":"Point","coordinates":[-3.5318,43.4919]},"properties":{}},{"type":"Feature","geometry":{"type":"Point","coordinates":[-3.5319,43.4918]},"properties":{}},{"type":"Feature","geometry":{"type":"Point","coordinates":[-3.532,43.4918]},"properties":{}},{"type":"Feature","geometry":{"type":"Point","coordinates":[-3.5149,43.4901]},"properties":{}},{"type":"Feature","geometry":{"type":"Point","coordinates":[-3.5149,43.4901]},"properties":{}},{"type":"Feature","geometry":{"type":"Point","coordinates":[-3.5149,43.4902]},"properties":{}},{"type":"Feature","geometry":{"type":"Point","coordinates":[-3.5148,43.4903]},"properties":{}},{"type":"Feature","geometry":{"type":"Point","coordinates":[-3.5147,43.4903]},"properties":{}},{"type":"Feature","geometry":{"type":"Point","coordinates":[-3.5145,43.4903]},"properties":{}},{"type":"Feature","geometry":{"type":"Point","coordinates":[-3.5145,43.4903]},"properties":{}},{"type":"Feature","geometry":{"type":"Point","coordinates":[-3.5145,43.4904]},"properties":{}},{"type":"Feature","geometry":{"type":"Point","coordinates":[-3.5145,43.4904]},"properties":{}},{"type":"Feature","geometry":{"type":"Point","coordinates":[-3.5144,43.4904]},"properties":{}},{"type":"Feature","geometry":{"type":"Point","coordinates":[-3.5143,43.4905]},"properties":{}},{"type":"Feature","geometry":{"type":"Point","coordinates":[-3.5143,43.4906]},"properties":{}},{"type":"Feature","geometry":{"type":"Point","coordinates":[-3.5143,43.4906]},"properties":{}},{"type":"Feature","geometry":{"type":"Point","coordinates":[-3.5143,43.4907]},"properties":{}},{"type":"Feature","geometry":{"type":"Point","coordinates":[-3.5142,43.4908]},"properties":{}},{"type":"Feature","geometry":{"type":"Point","coordinates":[-3.514,43.4909]},"properties":{}},{"type":"Feature","geometry":{"type":"Point","coordinates":[-3.514,43.4909]},"properties":{}},{"type":"Feature","geometry":{"type":"Point","coordinates":[-3.5139,43.491]},"properties":{}},{"type":"Feature","geometry":{"type":"Point","coordinates":[-3.5139,43.4911]},"properties":{}},{"type":"Feature","geometry":{"type":"Point","coordinates":[-3.5138,43.4911]},"properties":{}},{"type":"Feature","geometry":{"type":"Point","coordinates":[-3.5137,43.4912]},"properties":{}},{"type":"Feature","geometry":{"type":"Point","coordinates":[-3.5136,43.4912]},"properties":{}},{"type":"Feature","geometry":{"type":"Point","coordinates":[-3.5134,43.4913]},"properties":{}},{"type":"Feature","geometry":{"type":"Point","coordinates":[-3.5133,43.4913]},"properties":{}},{"type":"Feature","geometry":{"type":"Point","coordinates":[-3.5132,43.4913]},"properties":{}},{"type":"Feature","geometry":{"type":"Point","coordinates":[-3.513,43.4914]},"properties":{}},{"type":"Feature","geometry":{"type":"Point","coordinates":[-3.5131,43.4914]},"properties":{}},{"type":"Feature","geometry":{"type":"Point","coordinates":[-3.5131,43.4915]},"properties":{}},{"type":"Feature","geometry":{"type":"Point","coordinates":[-3.5132,43.4916]},"properties":{}},{"type":"Feature","geometry":{"type":"Point","coordinates":[-3.5133,43.4916]},"properties":{}},{"type":"Feature","geometry":{"type":"Point","coordinates":[-3.5134,43.4916]},"properties":{}},{"type":"Feature","geometry":{"type":"Point","coordinates":[-3.5135,43.4917]},"properties":{}},{"type":"Feature","geometry":{"type":"Point","coordinates":[-3.5135,43.4917]},"properties":{}},{"type":"Feature","geometry":{"type":"Point","coordinates":[-3.5136,43.4918]},"properties":{}},{"type":"Feature","geometry":{"type":"Point","coordinates":[-3.5136,43.4918]},"properties":{}},{"type":"Feature","geometry":{"type":"Point","coordinates":[-3.5136,43.4919]},"properties":{}},{"type":"Feature","geometry":{"type":"Point","coordinates":[-3.5135,43.4919]},"properties":{}},{"type":"Feature","geometry":{"type":"Point","coordinates":[-3.5133,43.4919]},"properties":{}},{"type":"Feature","geometry":{"type":"Point","coordinates":[-3.5132,43.4919]},"properties":{}},{"type":"Feature","geometry":{"type":"Point","coordinates":[-3.5131,43.492]},"properties":{}},{"type":"Feature","geometry":{"type":"Point","coordinates":[-3.5131,43.4921]},"properties":{}},{"type":"Feature","geometry":{"type":"Point","coordinates":[-3.5131,43.4921]},"properties":{}},{"type":"Feature","geometry":{"type":"Point","coordinates":[-3.5133,43.4922]},"properties":{}},{"type":"Feature","geometry":{"type":"Point","coordinates":[-3.5134,43.4922]},"properties":{}},{"type":"Feature","geometry":{"type":"Point","coordinates":[-3.5135,43.4922]},"properties":{}},{"type":"Feature","geometry":{"type":"Point","coordinates":[-3.5136,43.4923]},"properties":{}},{"type":"Feature","geometry":{"type":"Point","coordinates":[-3.5137,43.4922]},"properties":{}},{"type":"Feature","geometry":{"type":"Point","coordinates":[-3.5139,43.4923]},"properties":{}},{"type":"Feature","geometry":{"type":"Point","coordinates":[-3.514,43.4923]},"properties":{}},{"type":"Feature","geometry":{"type":"Point","coordinates":[-3.514,43.4923]},"properties":{}},{"type":"Feature","geometry":{"type":"Point","coordinates":[-3.5141,43.4924]},"properties":{}},{"type":"Feature","geometry":{"type":"Point","coordinates":[-3.5142,43.4923]},"properties":{}},{"type":"Feature","geometry":{"type":"Point","coordinates":[-3.5142,43.4923]},"properties":{}},{"type":"Feature","geometry":{"type":"Point","coordinates":[-3.5143,43.4923]},"properties":{}},{"type":"Feature","geometry":{"type":"Point","coordinates":[-3.5144,43.4923]},"properties":{}},{"type":"Feature","geometry":{"type":"Point","coordinates":[-3.5145,43.4923]},"properties":{}},{"type":"Feature","geometry":{"type":"Point","coordinates":[-3.5147,43.4923]},"properties":{}},{"type":"Feature","geometry":{"type":"Point","coordinates":[-3.5148,43.4923]},"properties":{}},{"type":"Feature","geometry":{"type":"Point","coordinates":[-3.515,43.4923]},"properties":{}},{"type":"Feature","geometry":{"type":"Point","coordinates":[-3.5151,43.4923]},"properties":{}},{"type":"Feature","geometry":{"type":"Point","coordinates":[-3.5152,43.4923]},"properties":{}},{"type":"Feature","geometry":{"type":"Point","coordinates":[-3.5152,43.4923]},"properties":{}},{"type":"Feature","geometry":{"type":"Point","coordinates":[-3.5153,43.4924]},"properties":{}},{"type":"Feature","geometry":{"type":"Point","coordinates":[-3.5153,43.4925]},"properties":{}},{"type":"Feature","geometry":{"type":"Point","coordinates":[-3.5154,43.4925]},"properties":{}},{"type":"Feature","geometry":{"type":"Point","coordinates":[-3.5154,43.4926]},"properties":{}},{"type":"Feature","geometry":{"type":"Point","coordinates":[-3.5155,43.4926]},"properties":{}},{"type":"Feature","geometry":{"type":"Point","coordinates":[-3.5157,43.4927]},"properties":{}},{"type":"Feature","geometry":{"type":"Point","coordinates":[-3.5158,43.4927]},"properties":{}},{"type":"Feature","geometry":{"type":"Point","coordinates":[-3.516,43.4927]},"properties":{}},{"type":"Feature","geometry":{"type":"Point","coordinates":[-3.516,43.4928]},"properties":{}},{"type":"Feature","geometry":{"type":"Point","coordinates":[-3.516,43.4929]},"properties":{}},{"type":"Feature","geometry":{"type":"Point","coordinates":[-3.516,43.4929]},"properties":{}},{"type":"Feature","geometry":{"type":"Point","coordinates":[-3.5159,43.493]},"properties":{}},{"type":"Feature","geometry":{"type":"Point","coordinates":[-3.5159,43.493]},"properties":{}},{"type":"Feature","geometry":{"type":"Point","coordinates":[-3.516,43.4931]},"properties":{}},{"type":"Feature","geometry":{"type":"Point","coordinates":[-3.516,43.4931]},"properties":{}},{"type":"Feature","geometry":{"type":"Point","coordinates":[-3.516,43.4932]},"properties":{}},{"type":"Feature","geometry":{"type":"Point","coordinates":[-3.5161,43.4933]},"properties":{}},{"type":"Feature","geometry":{"type":"Point","coordinates":[-3.5162,43.4934]},"properties":{}},{"type":"Feature","geometry":{"type":"Point","coordinates":[-3.5163,43.4933]},"properties":{}},{"type":"Feature","geometry":{"type":"Point","coordinates":[-3.5163,43.4932]},"properties":{}},{"type":"Feature","geometry":{"type":"Point","coordinates":[-3.5163,43.4932]},"properties":{}},{"type":"Feature","geometry":{"type":"Point","coordinates":[-3.5163,43.4932]},"properties":{}},{"type":"Feature","geometry":{"type":"Point","coordinates":[-3.5163,43.4933]},"properties":{}},{"type":"Feature","geometry":{"type":"Point","coordinates":[-3.5163,43.4934]},"properties":{}},{"type":"Feature","geometry":{"type":"Point","coordinates":[-3.5163,43.4934]},"properties":{}},{"type":"Feature","geometry":{"type":"Point","coordinates":[-3.5164,43.4935]},"properties":{}},{"type":"Feature","geometry":{"type":"Point","coordinates":[-3.5166,43.4936]},"properties":{}},{"type":"Feature","geometry":{"type":"Point","coordinates":[-3.5167,43.4936]},"properties":{}},{"type":"Feature","geometry":{"type":"Point","coordinates":[-3.5168,43.4937]},"properties":{}},{"type":"Feature","geometry":{"type":"Point","coordinates":[-3.517,43.4937]},"properties":{}},{"type":"Feature","geometry":{"type":"Point","coordinates":[-3.517,43.4938]},"properties":{}},{"type":"Feature","geometry":{"type":"Point","coordinates":[-3.517,43.4938]},"properties":{}},{"type":"Feature","geometry":{"type":"Point","coordinates":[-3.517,43.4939]},"properties":{}},{"type":"Feature","geometry":{"type":"Point","coordinates":[-3.517,43.494]},"properties":{}},{"type":"Feature","geometry":{"type":"Point","coordinates":[-3.5171,43.4941]},"properties":{}},{"type":"Feature","geometry":{"type":"Point","coordinates":[-3.5173,43.4941]},"properties":{}},{"type":"Feature","geometry":{"type":"Point","coordinates":[-3.5172,43.4942]},"properties":{}},{"type":"Feature","geometry":{"type":"Point","coordinates":[-3.5172,43.4942]},"properties":{}},{"type":"Feature","geometry":{"type":"Point","coordinates":[-3.5172,43.4943]},"properties":{}},{"type":"Feature","geometry":{"type":"Point","coordinates":[-3.5173,43.4943]},"properties":{}},{"type":"Feature","geometry":{"type":"Point","coordinates":[-3.5175,43.4944]},"properties":{}},{"type":"Feature","geometry":{"type":"Point","coordinates":[-3.5176,43.4944]},"properties":{}},{"type":"Feature","geometry":{"type":"Point","coordinates":[-3.5177,43.4944]},"properties":{}},{"type":"Feature","geometry":{"type":"Point","coordinates":[-3.5178,43.4944]},"properties":{}},{"type":"Feature","geometry":{"type":"Point","coordinates":[-3.5178,43.4944]},"properties":{}},{"type":"Feature","geometry":{"type":"Point","coordinates":[-3.5179,43.4944]},"properties":{}},{"type":"Feature","geometry":{"type":"Point","coordinates":[-3.5179,43.4945]},"properties":{}},{"type":"Feature","geometry":{"type":"Point","coordinates":[-3.518,43.4946]},"properties":{}},{"type":"Feature","geometry":{"type":"Point","coordinates":[-3.5181,43.4946]},"properties":{}},{"type":"Feature","geometry":{"type":"Point","coordinates":[-3.5182,43.4946]},"properties":{}},{"type":"Feature","geometry":{"type":"Point","coordinates":[-3.5183,43.4947]},"properties":{}},{"type":"Feature","geometry":{"type":"Point","coordinates":[-3.5186,43.4947]},"properties":{}},{"type":"Feature","geometry":{"type":"Point","coordinates":[-3.5186,43.4947]},"properties":{}},{"type":"Feature","geometry":{"type":"Point","coordinates":[-3.5188,43.4948]},"properties":{}},{"type":"Feature","geometry":{"type":"Point","coordinates":[-3.5189,43.4948]},"properties":{}},{"type":"Feature","geometry":{"type":"Point","coordinates":[-3.519,43.4948]},"properties":{}},{"type":"Feature","geometry":{"type":"Point","coordinates":[-3.5191,43.4947]},"properties":{}},{"type":"Feature","geometry":{"type":"Point","coordinates":[-3.5193,43.4947]},"properties":{}},{"type":"Feature","geometry":{"type":"Point","coordinates":[-3.5194,43.4947]},"properties":{}},{"type":"Feature","geometry":{"type":"Point","coordinates":[-3.5194,43.4946]},"properties":{}},{"type":"Feature","geometry":{"type":"Point","coordinates":[-3.5194,43.4946]},"properties":{}},{"type":"Feature","geometry":{"type":"Point","coordinates":[-3.5196,43.4946]},"properties":{}},{"type":"Feature","geometry":{"type":"Point","coordinates":[-3.5197,43.4946]},"properties":{}},{"type":"Feature","geometry":{"type":"Point","coordinates":[-3.5198,43.4946]},"properties":{}},{"type":"Feature","geometry":{"type":"Point","coordinates":[-3.52,43.4945]},"properties":{}},{"type":"Feature","geometry":{"type":"Point","coordinates":[-3.5201,43.4945]},"properties":{}},{"type":"Feature","geometry":{"type":"Point","coordinates":[-3.5247,43.4966]},"properties":{}},{"type":"Feature","geometry":{"type":"Point","coordinates":[-3.525,43.4969]},"properties":{}},{"type":"Feature","geometry":{"type":"Point","coordinates":[-3.5252,43.4968]},"properties":{}},{"type":"Feature","geometry":{"type":"Point","coordinates":[-3.5252,43.4967]},"properties":{}},{"type":"Feature","geometry":{"type":"Point","coordinates":[-3.5249,43.4965]},"properties":{}},{"type":"Feature","geometry":{"type":"Point","coordinates":[-4.0211,43.4524]},"properties":{}},{"type":"Feature","geometry":{"type":"Point","coordinates":[-4.0215,43.4524]},"properties":{}},{"type":"Feature","geometry":{"type":"Point","coordinates":[-4.0219,43.4524]},"properties":{}},{"type":"Feature","geometry":{"type":"Point","coordinates":[-4.0222,43.4523]},"properties":{}},{"type":"Feature","geometry":{"type":"Point","coordinates":[-4.0218,43.4523]},"properties":{}},{"type":"Feature","geometry":{"type":"Point","coordinates":[-4.0213,43.4523]},"properties":{}},{"type":"Feature","geometry":{"type":"Point","coordinates":[-4.0211,43.4524]},"properties":{}},{"type":"Feature","geometry":{"type":"Point","coordinates":[-4.0138,43.45]},"properties":{}},{"type":"Feature","geometry":{"type":"Point","coordinates":[-4.014,43.4501]},"properties":{}},{"type":"Feature","geometry":{"type":"Point","coordinates":[-4.0141,43.45]},"properties":{}},{"type":"Feature","geometry":{"type":"Point","coordinates":[-4.014,43.4499]},"properties":{}},{"type":"Feature","geometry":{"type":"Point","coordinates":[-4.0139,43.4499]},"properties":{}},{"type":"Feature","geometry":{"type":"Point","coordinates":[-4.0138,43.45]},"properties":{}},{"type":"Feature","geometry":{"type":"Point","coordinates":[-4.0137,43.4501]},"properties":{}},{"type":"Feature","geometry":{"type":"Point","coordinates":[-4.0137,43.4502]},"properties":{}},{"type":"Feature","geometry":{"type":"Point","coordinates":[-4.0138,43.4502]},"properties":{}},{"type":"Feature","geometry":{"type":"Point","coordinates":[-4.0138,43.4501]},"properties":{}},{"type":"Feature","geometry":{"type":"Point","coordinates":[-4.0137,43.4501]},"properties":{}},{"type":"Feature","geometry":{"type":"Point","coordinates":[-4.0133,43.4501]},"properties":{}},{"type":"Feature","geometry":{"type":"Point","coordinates":[-4.0134,43.4502]},"properties":{}},{"type":"Feature","geometry":{"type":"Point","coordinates":[-4.0133,43.4501]},"properties":{}},{"type":"Feature","geometry":{"type":"Point","coordinates":[-4.0248,43.4525]},"properties":{}},{"type":"Feature","geometry":{"type":"Point","coordinates":[-4.0251,43.4525]},"properties":{}},{"type":"Feature","geometry":{"type":"Point","coordinates":[-4.0248,43.4525]},"properties":{}},{"type":"Feature","geometry":{"type":"Point","coordinates":[-4.0163,43.453]},"properties":{}},{"type":"Feature","geometry":{"type":"Point","coordinates":[-4.0165,43.4529]},"properties":{}},{"type":"Feature","geometry":{"type":"Point","coordinates":[-4.0244,43.4525]},"properties":{}},{"type":"Feature","geometry":{"type":"Point","coordinates":[-4.0244,43.4524]},"properties":{}},{"type":"Feature","geometry":{"type":"Point","coordinates":[-4.0239,43.4524]},"properties":{}},{"type":"Feature","geometry":{"type":"Point","coordinates":[-4.0235,43.4524]},"properties":{}},{"type":"Feature","geometry":{"type":"Point","coordinates":[-4.0231,43.4524]},"properties":{}},{"type":"Feature","geometry":{"type":"Point","coordinates":[-4.0229,43.4523]},"properties":{}},{"type":"Feature","geometry":{"type":"Point","coordinates":[-4.023,43.4525]},"properties":{}},{"type":"Feature","geometry":{"type":"Point","coordinates":[-4.0237,43.4525]},"properties":{}},{"type":"Feature","geometry":{"type":"Point","coordinates":[-4.0244,43.4525]},"properties":{}},{"type":"Feature","geometry":{"type":"Point","coordinates":[-6.1184,43.5558]},"properties":{}},{"type":"Feature","geometry":{"type":"Point","coordinates":[-6.1183,43.5559]},"properties":{}},{"type":"Feature","geometry":{"type":"Point","coordinates":[-5.9668,43.5808]},"properties":{}},{"type":"Feature","geometry":{"type":"Point","coordinates":[-5.9665,43.581]},"properties":{}},{"type":"Feature","geometry":{"type":"Point","coordinates":[-5.9665,43.5813]},"properties":{}},{"type":"Feature","geometry":{"type":"Point","coordinates":[-5.9667,43.5812]},"properties":{}},{"type":"Feature","geometry":{"type":"Point","coordinates":[-5.9667,43.5811]},"properties":{}},{"type":"Feature","geometry":{"type":"Point","coordinates":[-5.9668,43.5808]},"properties":{}},{"type":"Feature","geometry":{"type":"Point","coordinates":[-3.8132,43.4946]},"properties":{}},{"type":"Feature","geometry":{"type":"Point","coordinates":[-3.8132,43.4944]},"properties":{}},{"type":"Feature","geometry":{"type":"Point","coordinates":[-3.813,43.4947]},"properties":{}},{"type":"Feature","geometry":{"type":"Point","coordinates":[-3.8297,43.488]},"properties":{}},{"type":"Feature","geometry":{"type":"Point","coordinates":[-3.8299,43.4878]},"properties":{}},{"type":"Feature","geometry":{"type":"Point","coordinates":[-3.8297,43.488]},"properties":{}},{"type":"Feature","geometry":{"type":"Point","coordinates":[-3.8316,43.4868]},"properties":{}},{"type":"Feature","geometry":{"type":"Point","coordinates":[-3.8315,43.4868]},"properties":{}},{"type":"Feature","geometry":{"type":"Point","coordinates":[-6.4002,43.5657]},"properties":{}},{"type":"Feature","geometry":{"type":"Point","coordinates":[-6.4003,43.5654]},"properties":{}},{"type":"Feature","geometry":{"type":"Point","coordinates":[-6.4002,43.5657]},"properties":{}},{"type":"Feature","geometry":{"type":"Point","coordinates":[-6.4001,43.5652]},"properties":{}},{"type":"Feature","geometry":{"type":"Point","coordinates":[-6.3997,43.5654]},"properties":{}},{"type":"Feature","geometry":{"type":"Point","coordinates":[-6.3964,43.5601]},"properties":{}},{"type":"Feature","geometry":{"type":"Point","coordinates":[-6.3966,43.5598]},"properties":{}},{"type":"Feature","geometry":{"type":"Point","coordinates":[-6.3963,43.5601]},"properties":{}},{"type":"Feature","geometry":{"type":"Point","coordinates":[-6.387,43.5579]},"properties":{}},{"type":"Feature","geometry":{"type":"Point","coordinates":[-6.3871,43.5577]},"properties":{}},{"type":"Feature","geometry":{"type":"Point","coordinates":[-6.387,43.5579]},"properties":{}},{"type":"Feature","geometry":{"type":"Point","coordinates":[-4.7842,43.4299]},"properties":{}},{"type":"Feature","geometry":{"type":"Point","coordinates":[-4.7839,43.4297]},"properties":{}},{"type":"Feature","geometry":{"type":"Point","coordinates":[-4.7843,43.4286]},"properties":{}},{"type":"Feature","geometry":{"type":"Point","coordinates":[-4.7848,43.4279]},"properties":{}},{"type":"Feature","geometry":{"type":"Point","coordinates":[-4.7849,43.4273]},"properties":{}},{"type":"Feature","geometry":{"type":"Point","coordinates":[-4.7861,43.4265]},"properties":{}},{"type":"Feature","geometry":{"type":"Point","coordinates":[-4.7863,43.427]},"properties":{}},{"type":"Feature","geometry":{"type":"Point","coordinates":[-4.7861,43.4271]},"properties":{}},{"type":"Feature","geometry":{"type":"Point","coordinates":[-4.7858,43.4265]},"properties":{}},{"type":"Feature","geometry":{"type":"Point","coordinates":[-4.7851,43.4272]},"properties":{}},{"type":"Feature","geometry":{"type":"Point","coordinates":[-4.7855,43.4268]},"properties":{}},{"type":"Feature","geometry":{"type":"Point","coordinates":[-4.7856,43.4265]},"properties":{}},{"type":"Feature","geometry":{"type":"Point","coordinates":[-4.8382,43.4402]},"properties":{}},{"type":"Feature","geometry":{"type":"Point","coordinates":[-4.8399,43.4423]},"properties":{}},{"type":"Feature","geometry":{"type":"Point","coordinates":[-4.8355,43.438]},"properties":{}},{"type":"Feature","geometry":{"type":"Point","coordinates":[-4.8349,43.4384]},"properties":{}},{"type":"Feature","geometry":{"type":"Point","coordinates":[-4.8349,43.4391]},"properties":{}},{"type":"Feature","geometry":{"type":"Point","coordinates":[-4.8356,43.4398]},"properties":{}},{"type":"Feature","geometry":{"type":"Point","coordinates":[-4.8351,43.4406]},"properties":{}},{"type":"Feature","geometry":{"type":"Point","coordinates":[-4.8366,43.4406]},"properties":{}},{"type":"Feature","geometry":{"type":"Point","coordinates":[-4.8399,43.4423]},"properties":{}},{"type":"Feature","geometry":{"type":"Point","coordinates":[-4.8396,43.4427]},"properties":{}},{"type":"Feature","geometry":{"type":"Point","coordinates":[-4.8401,43.4429]},"properties":{}},{"type":"Feature","geometry":{"type":"Point","coordinates":[-4.8405,43.4446]},"properties":{}},{"type":"Feature","geometry":{"type":"Point","coordinates":[-4.8388,43.4458]},"properties":{}},{"type":"Feature","geometry":{"type":"Point","coordinates":[-4.8386,43.4463]},"properties":{}},{"type":"Feature","geometry":{"type":"Point","coordinates":[-4.8406,43.4465]},"properties":{}},{"type":"Feature","geometry":{"type":"Point","coordinates":[-4.8424,43.4468]},"properties":{}},{"type":"Feature","geometry":{"type":"Point","coordinates":[-4.8423,43.4456]},"properties":{}},{"type":"Feature","geometry":{"type":"Point","coordinates":[-4.8429,43.4449]},"properties":{}},{"type":"Feature","geometry":{"type":"Point","coordinates":[-4.844,43.4453]},"properties":{}},{"type":"Feature","geometry":{"type":"Point","coordinates":[-4.8442,43.4455]},"properties":{}},{"type":"Feature","geometry":{"type":"Point","coordinates":[-4.8449,43.4455]},"properties":{}},{"type":"Feature","geometry":{"type":"Point","coordinates":[-4.8942,43.4491]},"properties":{}},{"type":"Feature","geometry":{"type":"Point","coordinates":[-4.8942,43.4492]},"properties":{}},{"type":"Feature","geometry":{"type":"Point","coordinates":[-5.5979,43.5484]},"properties":{}},{"type":"Feature","geometry":{"type":"Point","coordinates":[-5.5981,43.5482]},"properties":{}},{"type":"Feature","geometry":{"type":"Point","coordinates":[-5.5979,43.5484]},"properties":{}},{"type":"Feature","geometry":{"type":"Point","coordinates":[-5.7673,43.6069]},"properties":{}},{"type":"Feature","geometry":{"type":"Point","coordinates":[-5.7674,43.6068]},"properties":{}},{"type":"Feature","geometry":{"type":"Point","coordinates":[-5.6051,43.55]},"properties":{}},{"type":"Feature","geometry":{"type":"Point","coordinates":[-5.6055,43.55]},"properties":{}},{"type":"Feature","geometry":{"type":"Point","coordinates":[-5.6053,43.5499]},"properties":{}},{"type":"Feature","geometry":{"type":"Point","coordinates":[-4.9276,43.4599]},"properties":{}},{"type":"Feature","geometry":{"type":"Point","coordinates":[-4.9279,43.4605]},"properties":{}},{"type":"Feature","geometry":{"type":"Point","coordinates":[-4.9274,43.4611]},"properties":{}},{"type":"Feature","geometry":{"type":"Point","coordinates":[-4.926,43.4622]},"properties":{}},{"type":"Feature","geometry":{"type":"Point","coordinates":[-4.9277,43.4621]},"properties":{}},{"type":"Feature","geometry":{"type":"Point","coordinates":[-4.9301,43.4619]},"properties":{}},{"type":"Feature","geometry":{"type":"Point","coordinates":[-4.9319,43.4609]},"properties":{}},{"type":"Feature","geometry":{"type":"Point","coordinates":[-4.9343,43.4594]},"properties":{}},{"type":"Feature","geometry":{"type":"Point","coordinates":[-4.9358,43.4581]},"properties":{}},{"type":"Feature","geometry":{"type":"Point","coordinates":[-4.9354,43.4579]},"properties":{}},{"type":"Feature","geometry":{"type":"Point","coordinates":[-4.9357,43.4572]},"properties":{}},{"type":"Feature","geometry":{"type":"Point","coordinates":[-4.9366,43.4578]},"properties":{}},{"type":"Feature","geometry":{"type":"Point","coordinates":[-4.9364,43.4589]},"properties":{}},{"type":"Feature","geometry":{"type":"Point","coordinates":[-4.9363,43.4594]},"properties":{}},{"type":"Feature","geometry":{"type":"Point","coordinates":[-4.9242,43.4577]},"properties":{}},{"type":"Feature","geometry":{"type":"Point","coordinates":[-4.9246,43.4584]},"properties":{}},{"type":"Feature","geometry":{"type":"Point","coordinates":[-4.9255,43.4584]},"properties":{}},{"type":"Feature","geometry":{"type":"Point","coordinates":[-4.926,43.4587]},"properties":{}},{"type":"Feature","geometry":{"type":"Point","coordinates":[-4.9274,43.4593]},"properties":{}},{"type":"Feature","geometry":{"type":"Point","coordinates":[-4.928,43.4592]},"properties":{}},{"type":"Feature","geometry":{"type":"Point","coordinates":[-4.9287,43.4597]},"properties":{}},{"type":"Feature","geometry":{"type":"Point","coordinates":[-4.9276,43.4599]},"properties":{}},{"type":"Feature","geometry":{"type":"Point","coordinates":[-4.8932,43.4489]},"properties":{}},{"type":"Feature","geometry":{"type":"Point","coordinates":[-4.8919,43.4492]},"properties":{}},{"type":"Feature","geometry":{"type":"Point","coordinates":[-4.8921,43.4493]},"properties":{}},{"type":"Feature","geometry":{"type":"Point","coordinates":[-4.8928,43.4491]},"properties":{}},{"type":"Feature","geometry":{"type":"Point","coordinates":[-4.8937,43.449]},"properties":{}},{"type":"Feature","geometry":{"type":"Point","coordinates":[-4.8952,43.4487]},"properties":{}},{"type":"Feature","geometry":{"type":"Point","coordinates":[-4.8961,43.4487]},"properties":{}},{"type":"Feature","geometry":{"type":"Point","coordinates":[-4.8972,43.4485]},"properties":{}},{"type":"Feature","geometry":{"type":"Point","coordinates":[-4.896,43.4488]},"properties":{}},{"type":"Feature","geometry":{"type":"Point","coordinates":[-4.8957,43.4492]},"properties":{}},{"type":"Feature","geometry":{"type":"Point","coordinates":[-4.8962,43.4493]},"properties":{}},{"type":"Feature","geometry":{"type":"Point","coordinates":[-4.8975,43.4492]},"properties":{}},{"type":"Feature","geometry":{"type":"Point","coordinates":[-4.8976,43.4494]},"properties":{}},{"type":"Feature","geometry":{"type":"Point","coordinates":[-4.8994,43.4492]},"properties":{}},{"type":"Feature","geometry":{"type":"Point","coordinates":[-4.8992,43.4496]},"properties":{}},{"type":"Feature","geometry":{"type":"Point","coordinates":[-4.898,43.4497]},"properties":{}},{"type":"Feature","geometry":{"type":"Point","coordinates":[-4.8974,43.45]},"properties":{}},{"type":"Feature","geometry":{"type":"Point","coordinates":[-4.8972,43.4506]},"properties":{}},{"type":"Feature","geometry":{"type":"Point","coordinates":[-4.8971,43.4508]},"properties":{}},{"type":"Feature","geometry":{"type":"Point","coordinates":[-4.8686,43.4425]},"properties":{}},{"type":"Feature","geometry":{"type":"Point","coordinates":[-4.8723,43.4416]},"properties":{}},{"type":"Feature","geometry":{"type":"Point","coordinates":[-4.8641,43.4434]},"properties":{}},{"type":"Feature","geometry":{"type":"Point","coordinates":[-4.8158,43.4383]},"properties":{}},{"type":"Feature","geometry":{"type":"Point","coordinates":[-4.8162,43.4377]},"properties":{}},{"type":"Feature","geometry":{"type":"Point","coordinates":[-4.8166,43.4376]},"properties":{}},{"type":"Feature","geometry":{"type":"Point","coordinates":[-4.8175,43.4377]},"properties":{}},{"type":"Feature","geometry":{"type":"Point","coordinates":[-4.8172,43.4374]},"properties":{}},{"type":"Feature","geometry":{"type":"Point","coordinates":[-4.8174,43.4364]},"properties":{}},{"type":"Feature","geometry":{"type":"Point","coordinates":[-4.8182,43.4361]},"properties":{}},{"type":"Feature","geometry":{"type":"Point","coordinates":[-4.8189,43.4363]},"properties":{}},{"type":"Feature","geometry":{"type":"Point","coordinates":[-4.8191,43.4369]},"properties":{}},{"type":"Feature","geometry":{"type":"Point","coordinates":[-4.8199,43.4373]},"properties":{}},{"type":"Feature","geometry":{"type":"Point","coordinates":[-4.821,43.437]},"properties":{}},{"type":"Feature","geometry":{"type":"Point","coordinates":[-4.7947,43.4317]},"properties":{}},{"type":"Feature","geometry":{"type":"Point","coordinates":[-4.7965,43.4321]},"properties":{}},{"type":"Feature","geometry":{"type":"Point","coordinates":[-4.798,43.4321]},"properties":{}},{"type":"Feature","geometry":{"type":"Point","coordinates":[-4.7982,43.4318]},"properties":{}},{"type":"Feature","geometry":{"type":"Point","coordinates":[-4.7741,43.4305]},"properties":{}},{"type":"Feature","geometry":{"type":"Point","coordinates":[-4.7749,43.4308]},"properties":{}},{"type":"Feature","geometry":{"type":"Point","coordinates":[-4.7769,43.4304]},"properties":{}},{"type":"Feature","geometry":{"type":"Point","coordinates":[-4.7794,43.4303]},"properties":{}},{"type":"Feature","geometry":{"type":"Point","coordinates":[-4.7826,43.4315]},"properties":{}},{"type":"Feature","geometry":{"type":"Point","coordinates":[-4.7847,43.4315]},"properties":{}},{"type":"Feature","geometry":{"type":"Point","coordinates":[-4.7852,43.4316]},"properties":{}},{"type":"Feature","geometry":{"type":"Point","coordinates":[-4.7855,43.4314]},"properties":{}},{"type":"Feature","geometry":{"type":"Point","coordinates":[-4.7857,43.4306]},"properties":{}},{"type":"Feature","geometry":{"type":"Point","coordinates":[-4.7852,43.43]},"properties":{}},{"type":"Feature","geometry":{"type":"Point","coordinates":[-4.7411,43.4156]},"properties":{}},{"type":"Feature","geometry":{"type":"Point","coordinates":[-4.7147,43.4138]},"properties":{}},{"type":"Feature","geometry":{"type":"Point","coordinates":[-4.7126,43.4145]},"properties":{}},{"type":"Feature","geometry":{"type":"Point","coordinates":[-4.7143,43.4154]},"properties":{}},{"type":"Feature","geometry":{"type":"Point","coordinates":[-4.7176,43.4159]},"properties":{}},{"type":"Feature","geometry":{"type":"Point","coordinates":[-4.7188,43.4164]},"properties":{}},{"type":"Feature","geometry":{"type":"Point","coordinates":[-4.6982,43.407]},"properties":{}},{"type":"Feature","geometry":{"type":"Point","coordinates":[-4.6973,43.4076]},"properties":{}},{"type":"Feature","geometry":{"type":"Point","coordinates":[-4.6969,43.4081]},"properties":{}},{"type":"Feature","geometry":{"type":"Point","coordinates":[-4.6962,43.4089]},"properties":{}},{"type":"Feature","geometry":{"type":"Point","coordinates":[-4.6962,43.4091]},"properties":{}},{"type":"Feature","geometry":{"type":"Point","coordinates":[-4.6977,43.4094]},"properties":{}},{"type":"Feature","geometry":{"type":"Point","coordinates":[-4.6965,43.4095]},"properties":{}},{"type":"Feature","geometry":{"type":"Point","coordinates":[-4.6969,43.4097]},"properties":{}},{"type":"Feature","geometry":{"type":"Point","coordinates":[-4.697,43.41]},"properties":{}},{"type":"Feature","geometry":{"type":"Point","coordinates":[-4.6967,43.4101]},"properties":{}},{"type":"Feature","geometry":{"type":"Point","coordinates":[-4.6972,43.4105]},"properties":{}},{"type":"Feature","geometry":{"type":"Point","coordinates":[-4.6978,43.412]},"properties":{}},{"type":"Feature","geometry":{"type":"Point","coordinates":[-4.6984,43.4121]},"properties":{}},{"type":"Feature","geometry":{"type":"Point","coordinates":[-4.6992,43.4124]},"properties":{}},{"type":"Feature","geometry":{"type":"Point","coordinates":[-4.7024,43.4115]},"properties":{}},{"type":"Feature","geometry":{"type":"Point","coordinates":[-4.7032,43.4113]},"properties":{}},{"type":"Feature","geometry":{"type":"Point","coordinates":[-4.7061,43.4106]},"properties":{}},{"type":"Feature","geometry":{"type":"Point","coordinates":[-4.7071,43.4104]},"properties":{}},{"type":"Feature","geometry":{"type":"Point","coordinates":[-4.6553,43.4012]},"properties":{}},{"type":"Feature","geometry":{"type":"Point","coordinates":[-4.6571,43.4015]},"properties":{}},{"type":"Feature","geometry":{"type":"Point","coordinates":[-4.6599,43.4036]},"properties":{}},{"type":"Feature","geometry":{"type":"Point","coordinates":[-4.6648,43.4059]},"properties":{}},{"type":"Feature","geometry":{"type":"Point","coordinates":[-4.669,43.407]},"properties":{}},{"type":"Feature","geometry":{"type":"Point","coordinates":[-4.6729,43.4076]},"properties":{}},{"type":"Feature","geometry":{"type":"Point","coordinates":[-4.6763,43.4082]},"properties":{}},{"type":"Feature","geometry":{"type":"Point","coordinates":[-4.6812,43.4089]},"properties":{}},{"type":"Feature","geometry":{"type":"Point","coordinates":[-4.683,43.4088]},"properties":{}},{"type":"Feature","geometry":{"type":"Point","coordinates":[-4.6846,43.4084]},"properties":{}},{"type":"Feature","geometry":{"type":"Point","coordinates":[-4.6869,43.4082]},"properties":{}},{"type":"Feature","geometry":{"type":"Point","coordinates":[-4.6883,43.4079]},"properties":{}},{"type":"Feature","geometry":{"type":"Point","coordinates":[-4.689,43.4082]},"properties":{}},{"type":"Feature","geometry":{"type":"Point","coordinates":[-4.6909,43.408]},"properties":{}},{"type":"Feature","geometry":{"type":"Point","coordinates":[-4.6925,43.4084]},"properties":{}},{"type":"Feature","geometry":{"type":"Point","coordinates":[-4.6937,43.4084]},"properties":{}},{"type":"Feature","geometry":{"type":"Point","coordinates":[-4.6943,43.4085]},"properties":{}},{"type":"Feature","geometry":{"type":"Point","coordinates":[-4.6951,43.4087]},"properties":{}},{"type":"Feature","geometry":{"type":"Point","coordinates":[-4.6959,43.4085]},"properties":{}},{"type":"Feature","geometry":{"type":"Point","coordinates":[-4.6962,43.4081]},"properties":{}},{"type":"Feature","geometry":{"type":"Point","coordinates":[-4.6965,43.4076]},"properties":{}},{"type":"Feature","geometry":{"type":"Point","coordinates":[-4.6971,43.4072]},"properties":{}},{"type":"Feature","geometry":{"type":"Point","coordinates":[-4.6978,43.4068]},"properties":{}},{"type":"Feature","geometry":{"type":"Point","coordinates":[-4.6987,43.4067]},"properties":{}},{"type":"Feature","geometry":{"type":"Point","coordinates":[-5.0522,43.4638]},"properties":{}},{"type":"Feature","geometry":{"type":"Point","coordinates":[-5.0547,43.464]},"properties":{}},{"type":"Feature","geometry":{"type":"Point","coordinates":[-5.0555,43.4651]},"properties":{}},{"type":"Feature","geometry":{"type":"Point","coordinates":[-5.1953,43.4754]},"properties":{}},{"type":"Feature","geometry":{"type":"Point","coordinates":[-5.1994,43.4754]},"properties":{}},{"type":"Feature","geometry":{"type":"Point","coordinates":[-5.2002,43.4758]},"properties":{}},{"type":"Feature","geometry":{"type":"Point","coordinates":[-5.2018,43.4758]},"properties":{}},{"type":"Feature","geometry":{"type":"Point","coordinates":[-5.2031,43.4759]},"properties":{}},{"type":"Feature","geometry":{"type":"Point","coordinates":[-5.2044,43.4746]},"properties":{}},{"type":"Feature","geometry":{"type":"Point","coordinates":[-5.2054,43.4748]},"properties":{}},{"type":"Feature","geometry":{"type":"Point","coordinates":[-5.209,43.4742]},"properties":{}},{"type":"Feature","geometry":{"type":"Point","coordinates":[-5.2151,43.4743]},"properties":{}},{"type":"Feature","geometry":{"type":"Point","coordinates":[-5.2391,43.4915]},"properties":{}},{"type":"Feature","geometry":{"type":"Point","coordinates":[-5.2422,43.4934]},"properties":{}},{"type":"Feature","geometry":{"type":"Point","coordinates":[-5.2457,43.4963]},"properties":{}},{"type":"Feature","geometry":{"type":"Point","coordinates":[-5.249,43.4994]},"properties":{}},{"type":"Feature","geometry":{"type":"Point","coordinates":[-5.2525,43.5011]},"properties":{}},{"type":"Feature","geometry":{"type":"Point","coordinates":[-5.2705,43.5079]},"properties":{}},{"type":"Feature","geometry":{"type":"Point","coordinates":[-5.3873,43.5365]},"properties":{}},{"type":"Feature","geometry":{"type":"Point","coordinates":[-5.495,43.5442]},"properties":{}},{"type":"Feature","geometry":{"type":"Point","coordinates":[-5.4963,43.5462]},"properties":{}},{"type":"Feature","geometry":{"type":"Point","coordinates":[-5.4967,43.5468]},"properties":{}},{"type":"Feature","geometry":{"type":"Point","coordinates":[-5.4982,43.5489]},"properties":{}},{"type":"Feature","geometry":{"type":"Point","coordinates":[-5.4994,43.5496]},"properties":{}},{"type":"Feature","geometry":{"type":"Point","coordinates":[-5.502,43.5501]},"properties":{}},{"type":"Feature","geometry":{"type":"Point","coordinates":[-5.5031,43.5499]},"properties":{}},{"type":"Feature","geometry":{"type":"Point","coordinates":[-5.5032,43.5498]},"properties":{}},{"type":"Feature","geometry":{"type":"Point","coordinates":[-5.5054,43.5491]},"properties":{}},{"type":"Feature","geometry":{"type":"Point","coordinates":[-5.5066,43.5486]},"properties":{}},{"type":"Feature","geometry":{"type":"Point","coordinates":[-5.5312,43.5457]},"properties":{}},{"type":"Feature","geometry":{"type":"Point","coordinates":[-5.5355,43.5478]},"properties":{}},{"type":"Feature","geometry":{"type":"Point","coordinates":[-5.5367,43.5478]},"properties":{}},{"type":"Feature","geometry":{"type":"Point","coordinates":[-5.5404,43.5483]},"properties":{}},{"type":"Feature","geometry":{"type":"Point","coordinates":[-5.5461,43.5497]},"properties":{}},{"type":"Feature","geometry":{"type":"Point","coordinates":[-5.5538,43.5497]},"properties":{}},{"type":"Feature","geometry":{"type":"Point","coordinates":[-5.5578,43.5491]},"properties":{}},{"type":"Feature","geometry":{"type":"Point","coordinates":[-5.4124,43.5544]},"properties":{}},{"type":"Feature","geometry":{"type":"Point","coordinates":[-5.4136,43.5547]},"properties":{}},{"type":"Feature","geometry":{"type":"Point","coordinates":[-5.4158,43.554]},"properties":{}},{"type":"Feature","geometry":{"type":"Point","coordinates":[-5.4174,43.554]},"properties":{}},{"type":"Feature","geometry":{"type":"Point","coordinates":[-5.4209,43.5533]},"properties":{}},{"type":"Feature","geometry":{"type":"Point","coordinates":[-5.4242,43.5516]},"properties":{}},{"type":"Feature","geometry":{"type":"Point","coordinates":[-5.4287,43.5512]},"properties":{}},{"type":"Feature","geometry":{"type":"Point","coordinates":[-5.4317,43.5498]},"properties":{}},{"type":"Feature","geometry":{"type":"Point","coordinates":[-5.4345,43.5507]},"properties":{}},{"type":"Feature","geometry":{"type":"Point","coordinates":[-5.4368,43.5514]},"properties":{}},{"type":"Feature","geometry":{"type":"Point","coordinates":[-5.4412,43.5525]},"properties":{}},{"type":"Feature","geometry":{"type":"Point","coordinates":[-5.4436,43.5523]},"properties":{}},{"type":"Feature","geometry":{"type":"Point","coordinates":[-5.4448,43.5519]},"properties":{}},{"type":"Feature","geometry":{"type":"Point","coordinates":[-5.4467,43.5514]},"properties":{}},{"type":"Feature","geometry":{"type":"Point","coordinates":[-5.3875,43.5369]},"properties":{}},{"type":"Feature","geometry":{"type":"Point","coordinates":[-5.3886,43.5395]},"properties":{}},{"type":"Feature","geometry":{"type":"Point","coordinates":[-5.391,43.5414]},"properties":{}},{"type":"Feature","geometry":{"type":"Point","coordinates":[-5.3913,43.5416]},"properties":{}},{"type":"Feature","geometry":{"type":"Point","coordinates":[-5.393,43.5419]},"properties":{}},{"type":"Feature","geometry":{"type":"Point","coordinates":[-5.3955,43.543]},"properties":{}},{"type":"Feature","geometry":{"type":"Point","coordinates":[-5.3991,43.5439]},"properties":{}},{"type":"Feature","geometry":{"type":"Point","coordinates":[-5.3993,43.5455]},"properties":{}},{"type":"Feature","geometry":{"type":"Point","coordinates":[-5.3989,43.5456]},"properties":{}},{"type":"Feature","geometry":{"type":"Point","coordinates":[-5.3982,43.546]},"properties":{}},{"type":"Feature","geometry":{"type":"Point","coordinates":[-5.3979,43.5462]},"properties":{}},{"type":"Feature","geometry":{"type":"Point","coordinates":[-5.3984,43.5508]},"properties":{}},{"type":"Feature","geometry":{"type":"Point","coordinates":[-5.4052,43.5524]},"properties":{}},{"type":"Feature","geometry":{"type":"Point","coordinates":[-5.4066,43.5535]},"properties":{}},{"type":"Feature","geometry":{"type":"Point","coordinates":[-5.4093,43.5542]},"properties":{}},{"type":"Feature","geometry":{"type":"Point","coordinates":[-5.7216,43.5703]},"properties":{}},{"type":"Feature","geometry":{"type":"Point","coordinates":[-5.7236,43.5716]},"properties":{}},{"type":"Feature","geometry":{"type":"Point","coordinates":[-5.7253,43.5718]},"properties":{}},{"type":"Feature","geometry":{"type":"Point","coordinates":[-5.7263,43.5724]},"properties":{}},{"type":"Feature","geometry":{"type":"Point","coordinates":[-5.7262,43.5727]},"properties":{}},{"type":"Feature","geometry":{"type":"Point","coordinates":[-5.7374,43.5745]},"properties":{}},{"type":"Feature","geometry":{"type":"Point","coordinates":[-5.7378,43.575]},"properties":{}},{"type":"Feature","geometry":{"type":"Point","coordinates":[-5.7382,43.5754]},"properties":{}},{"type":"Feature","geometry":{"type":"Point","coordinates":[-5.7385,43.5756]},"properties":{}},{"type":"Feature","geometry":{"type":"Point","coordinates":[-5.7599,43.5865]},"properties":{}},{"type":"Feature","geometry":{"type":"Point","coordinates":[-5.7611,43.5876]},"properties":{}},{"type":"Feature","geometry":{"type":"Point","coordinates":[-5.7604,43.5883]},"properties":{}},{"type":"Feature","geometry":{"type":"Point","coordinates":[-5.7818,43.6123]},"properties":{}},{"type":"Feature","geometry":{"type":"Point","coordinates":[-5.7814,43.611]},"properties":{}},{"type":"Feature","geometry":{"type":"Point","coordinates":[-5.7808,43.6112]},"properties":{}},{"type":"Feature","geometry":{"type":"Point","coordinates":[-5.7814,43.6119]},"properties":{}},{"type":"Feature","geometry":{"type":"Point","coordinates":[-5.7819,43.6104]},"properties":{}},{"type":"Feature","geometry":{"type":"Point","coordinates":[-5.7822,43.6094]},"properties":{}},{"type":"Feature","geometry":{"type":"Point","coordinates":[-5.8672,43.6353]},"properties":{}},{"type":"Feature","geometry":{"type":"Point","coordinates":[-5.8668,43.6348]},"properties":{}},{"type":"Feature","geometry":{"type":"Point","coordinates":[-5.8666,43.6342]},"properties":{}},{"type":"Feature","geometry":{"type":"Point","coordinates":[-5.8661,43.6339]},"properties":{}},{"type":"Feature","geometry":{"type":"Point","coordinates":[-5.8663,43.6311]},"properties":{}},{"type":"Feature","geometry":{"type":"Point","coordinates":[-5.8673,43.6311]},"properties":{}},{"type":"Feature","geometry":{"type":"Point","coordinates":[-5.876,43.6268]},"properties":{}},{"type":"Feature","geometry":{"type":"Point","coordinates":[-5.877,43.6258]},"properties":{}},{"type":"Feature","geometry":{"type":"Point","coordinates":[-5.8787,43.6251]},"properties":{}},{"type":"Feature","geometry":{"type":"Point","coordinates":[-5.8304,43.64]},"properties":{}},{"type":"Feature","geometry":{"type":"Point","coordinates":[-5.8301,43.6408]},"properties":{}},{"type":"Feature","geometry":{"type":"Point","coordinates":[-5.7817,43.6243]},"properties":{}},{"type":"Feature","geometry":{"type":"Point","coordinates":[-5.7811,43.6275]},"properties":{}},{"type":"Feature","geometry":{"type":"Point","coordinates":[-5.7827,43.6286]},"properties":{}},{"type":"Feature","geometry":{"type":"Point","coordinates":[-5.7838,43.6302]},"properties":{}},{"type":"Feature","geometry":{"type":"Point","coordinates":[-5.7849,43.6305]},"properties":{}},{"type":"Feature","geometry":{"type":"Point","coordinates":[-5.7865,43.6289]},"properties":{}},{"type":"Feature","geometry":{"type":"Point","coordinates":[-5.7885,43.6298]},"properties":{}},{"type":"Feature","geometry":{"type":"Point","coordinates":[-5.79,43.6302]},"properties":{}},{"type":"Feature","geometry":{"type":"Point","coordinates":[-5.7926,43.6299]},"properties":{}},{"type":"Feature","geometry":{"type":"Point","coordinates":[-5.7943,43.6295]},"properties":{}},{"type":"Feature","geometry":{"type":"Point","coordinates":[-5.794,43.6303]},"properties":{}},{"type":"Feature","geometry":{"type":"Point","coordinates":[-5.7943,43.6307]},"properties":{}},{"type":"Feature","geometry":{"type":"Point","coordinates":[-5.7944,43.6312]},"properties":{}},{"type":"Feature","geometry":{"type":"Point","coordinates":[-5.7938,43.632]},"properties":{}},{"type":"Feature","geometry":{"type":"Point","coordinates":[-5.7935,43.6332]},"properties":{}},{"type":"Feature","geometry":{"type":"Point","coordinates":[-5.7936,43.6336]},"properties":{}},{"type":"Feature","geometry":{"type":"Point","coordinates":[-5.7936,43.6339]},"properties":{}},{"type":"Feature","geometry":{"type":"Point","coordinates":[-5.7939,43.6343]},"properties":{}},{"type":"Feature","geometry":{"type":"Point","coordinates":[-5.7943,43.6344]},"properties":{}},{"type":"Feature","geometry":{"type":"Point","coordinates":[-5.7938,43.6349]},"properties":{}},{"type":"Feature","geometry":{"type":"Point","coordinates":[-5.7937,43.636]},"properties":{}},{"type":"Feature","geometry":{"type":"Point","coordinates":[-5.7942,43.6359]},"properties":{}},{"type":"Feature","geometry":{"type":"Point","coordinates":[-5.7949,43.6348]},"properties":{}},{"type":"Feature","geometry":{"type":"Point","coordinates":[-5.7946,43.6356]},"properties":{}},{"type":"Feature","geometry":{"type":"Point","coordinates":[-5.7952,43.6347]},"properties":{}},{"type":"Feature","geometry":{"type":"Point","coordinates":[-5.7951,43.6343]},"properties":{}},{"type":"Feature","geometry":{"type":"Point","coordinates":[-5.7954,43.6344]},"properties":{}},{"type":"Feature","geometry":{"type":"Point","coordinates":[-5.7957,43.6341]},"properties":{}},{"type":"Feature","geometry":{"type":"Point","coordinates":[-5.796,43.6347]},"properties":{}},{"type":"Feature","geometry":{"type":"Point","coordinates":[-5.7965,43.6349]},"properties":{}},{"type":"Feature","geometry":{"type":"Point","coordinates":[-5.7966,43.6358]},"properties":{}},{"type":"Feature","geometry":{"type":"Point","coordinates":[-5.7988,43.6353]},"properties":{}},{"type":"Feature","geometry":{"type":"Point","coordinates":[-5.8987,43.6249]},"properties":{}},{"type":"Feature","geometry":{"type":"Point","coordinates":[-5.8994,43.6262]},"properties":{}},{"type":"Feature","geometry":{"type":"Point","coordinates":[-5.9004,43.6279]},"properties":{}},{"type":"Feature","geometry":{"type":"Point","coordinates":[-5.9013,43.6261]},"properties":{}},{"type":"Feature","geometry":{"type":"Point","coordinates":[-5.902,43.6251]},"properties":{}},{"type":"Feature","geometry":{"type":"Point","coordinates":[-5.9039,43.6246]},"properties":{}},{"type":"Feature","geometry":{"type":"Point","coordinates":[-5.9056,43.6233]},"properties":{}},{"type":"Feature","geometry":{"type":"Point","coordinates":[-5.908,43.6231]},"properties":{}},{"type":"Feature","geometry":{"type":"Point","coordinates":[-5.9114,43.6244]},"properties":{}},{"type":"Feature","geometry":{"type":"Point","coordinates":[-5.9125,43.6247]},"properties":{}},{"type":"Feature","geometry":{"type":"Point","coordinates":[-5.9135,43.6242]},"properties":{}},{"type":"Feature","geometry":{"type":"Point","coordinates":[-5.9139,43.6242]},"properties":{}},{"type":"Feature","geometry":{"type":"Point","coordinates":[-5.9156,43.6221]},"properties":{}},{"type":"Feature","geometry":{"type":"Point","coordinates":[-5.9161,43.6199]},"properties":{}},{"type":"Feature","geometry":{"type":"Point","coordinates":[-5.9149,43.6189]},"properties":{}},{"type":"Feature","geometry":{"type":"Point","coordinates":[-5.9128,43.6181]},"properties":{}},{"type":"Feature","geometry":{"type":"Point","coordinates":[-5.9119,43.6172]},"properties":{}},{"type":"Feature","geometry":{"type":"Point","coordinates":[-5.911,43.6169]},"properties":{}},{"type":"Feature","geometry":{"type":"Point","coordinates":[-5.9109,43.6161]},"properties":{}},{"type":"Feature","geometry":{"type":"Point","coordinates":[-5.9141,43.6147]},"properties":{}},{"type":"Feature","geometry":{"type":"Point","coordinates":[-5.9145,43.6129]},"properties":{}},{"type":"Feature","geometry":{"type":"Point","coordinates":[-5.9159,43.6117]},"properties":{}},{"type":"Feature","geometry":{"type":"Point","coordinates":[-5.9161,43.6065]},"properties":{}},{"type":"Feature","geometry":{"type":"Point","coordinates":[-5.8899,43.6291]},"properties":{}},{"type":"Feature","geometry":{"type":"Point","coordinates":[-5.8901,43.6288]},"properties":{}},{"type":"Feature","geometry":{"type":"Point","coordinates":[-5.8898,43.6289]},"properties":{}},{"type":"Feature","geometry":{"type":"Point","coordinates":[-5.8894,43.6291]},"properties":{}},{"type":"Feature","geometry":{"type":"Point","coordinates":[-5.8896,43.6292]},"properties":{}},{"type":"Feature","geometry":{"type":"Point","coordinates":[-5.8898,43.6291]},"properties":{}},{"type":"Feature","geometry":{"type":"Point","coordinates":[-5.8902,43.6287]},"properties":{}},{"type":"Feature","geometry":{"type":"Point","coordinates":[-5.8903,43.629]},"properties":{}},{"type":"Feature","geometry":{"type":"Point","coordinates":[-5.8902,43.6287]},"properties":{}},{"type":"Feature","geometry":{"type":"Point","coordinates":[-5.9412,43.5893]},"properties":{}},{"type":"Feature","geometry":{"type":"Point","coordinates":[-5.9442,43.5852]},"properties":{}},{"type":"Feature","geometry":{"type":"Point","coordinates":[-5.9469,43.5836]},"properties":{}},{"type":"Feature","geometry":{"type":"Point","coordinates":[-5.9528,43.5805]},"properties":{}},{"type":"Feature","geometry":{"type":"Point","coordinates":[-5.9612,43.5778]},"properties":{}},{"type":"Feature","geometry":{"type":"Point","coordinates":[-5.9659,43.5778]},"properties":{}},{"type":"Feature","geometry":{"type":"Point","coordinates":[-5.9832,43.5785]},"properties":{}},{"type":"Feature","geometry":{"type":"Point","coordinates":[-5.9837,43.5794]},"properties":{}},{"type":"Feature","geometry":{"type":"Point","coordinates":[-5.9849,43.5797]},"properties":{}},{"type":"Feature","geometry":{"type":"Point","coordinates":[-5.9852,43.5801]},"properties":{}},{"type":"Feature","geometry":{"type":"Point","coordinates":[-5.9857,43.5798]},"properties":{}},{"type":"Feature","geometry":{"type":"Point","coordinates":[-5.9863,43.5798]},"properties":{}},{"type":"Feature","geometry":{"type":"Point","coordinates":[-5.9864,43.5797]},"properties":{}},{"type":"Feature","geometry":{"type":"Point","coordinates":[-5.9872,43.5789]},"properties":{}},{"type":"Feature","geometry":{"type":"Point","coordinates":[-5.9883,43.5777]},"properties":{}},{"type":"Feature","geometry":{"type":"Point","coordinates":[-5.9903,43.5777]},"properties":{}},{"type":"Feature","geometry":{"type":"Point","coordinates":[-5.9912,43.5792]},"properties":{}},{"type":"Feature","geometry":{"type":"Point","coordinates":[-5.9918,43.5791]},"properties":{}},{"type":"Feature","geometry":{"type":"Point","coordinates":[-5.9919,43.5785]},"properties":{}},{"type":"Feature","geometry":{"type":"Point","coordinates":[-5.9917,43.5768]},"properties":{}},{"type":"Feature","geometry":{"type":"Point","coordinates":[-5.9926,43.577]},"properties":{}},{"type":"Feature","geometry":{"type":"Point","coordinates":[-5.9932,43.5766]},"properties":{}},{"type":"Feature","geometry":{"type":"Point","coordinates":[-5.9943,43.5756]},"properties":{}},{"type":"Feature","geometry":{"type":"Point","coordinates":[-5.9948,43.5746]},"properties":{}},{"type":"Feature","geometry":{"type":"Point","coordinates":[-5.9951,43.5723]},"properties":{}},{"type":"Feature","geometry":{"type":"Point","coordinates":[-5.9966,43.5733]},"properties":{}},{"type":"Feature","geometry":{"type":"Point","coordinates":[-6.0117,43.5793]},"properties":{}},{"type":"Feature","geometry":{"type":"Point","coordinates":[-6.0126,43.581]},"properties":{}},{"type":"Feature","geometry":{"type":"Point","coordinates":[-6.0132,43.5807]},"properties":{}},{"type":"Feature","geometry":{"type":"Point","coordinates":[-6.0134,43.5808]},"properties":{}},{"type":"Feature","geometry":{"type":"Point","coordinates":[-6.0155,43.5816]},"properties":{}},{"type":"Feature","geometry":{"type":"Point","coordinates":[-6.0173,43.5841]},"properties":{}},{"type":"Feature","geometry":{"type":"Point","coordinates":[-6.0179,43.5858]},"properties":{}},{"type":"Feature","geometry":{"type":"Point","coordinates":[-6.0173,43.5877]},"properties":{}},{"type":"Feature","geometry":{"type":"Point","coordinates":[-6.0206,43.5866]},"properties":{}},{"type":"Feature","geometry":{"type":"Point","coordinates":[-6.0241,43.5861]},"properties":{}},{"type":"Feature","geometry":{"type":"Point","coordinates":[-6.0255,43.5851]},"properties":{}},{"type":"Feature","geometry":{"type":"Point","coordinates":[-6.0274,43.5859]},"properties":{}},{"type":"Feature","geometry":{"type":"Point","coordinates":[-6.0296,43.5855]},"properties":{}},{"type":"Feature","geometry":{"type":"Point","coordinates":[-6.0314,43.5847]},"properties":{}},{"type":"Feature","geometry":{"type":"Point","coordinates":[-6.0317,43.5838]},"properties":{}},{"type":"Feature","geometry":{"type":"Point","coordinates":[-6.0336,43.5837]},"properties":{}},{"type":"Feature","geometry":{"type":"Point","coordinates":[-6.0349,43.5834]},"properties":{}},{"type":"Feature","geometry":{"type":"Point","coordinates":[-6.0367,43.5843]},"properties":{}},{"type":"Feature","geometry":{"type":"Point","coordinates":[-6.037,43.5839]},"properties":{}},{"type":"Feature","geometry":{"type":"Point","coordinates":[-6.0369,43.5827]},"properties":{}},{"type":"Feature","geometry":{"type":"Point","coordinates":[-6.0352,43.5816]},"properties":{}},{"type":"Feature","geometry":{"type":"Point","coordinates":[-6.035,43.5808]},"properties":{}},{"type":"Feature","geometry":{"type":"Point","coordinates":[-6.0424,43.5754]},"properties":{}},{"type":"Feature","geometry":{"type":"Point","coordinates":[-6.0529,43.5705]},"properties":{}},{"type":"Feature","geometry":{"type":"Point","coordinates":[-6.0921,43.558]},"properties":{}},{"type":"Feature","geometry":{"type":"Point","coordinates":[-6.0982,43.558]},"properties":{}},{"type":"Feature","geometry":{"type":"Point","coordinates":[-6.1001,43.5592]},"properties":{}},{"type":"Feature","geometry":{"type":"Point","coordinates":[-6.1001,43.5597]},"properties":{}},{"type":"Feature","geometry":{"type":"Point","coordinates":[-6.101,43.5596]},"properties":{}},{"type":"Feature","geometry":{"type":"Point","coordinates":[-6.1019,43.5597]},"properties":{}},{"type":"Feature","geometry":{"type":"Point","coordinates":[-6.144,43.5649]},"properties":{}},{"type":"Feature","geometry":{"type":"Point","coordinates":[-6.1451,43.5656]},"properties":{}},{"type":"Feature","geometry":{"type":"Point","coordinates":[-6.1453,43.5645]},"properties":{}},{"type":"Feature","geometry":{"type":"Point","coordinates":[-6.1457,43.5644]},"properties":{}},{"type":"Feature","geometry":{"type":"Point","coordinates":[-6.1463,43.5647]},"properties":{}},{"type":"Feature","geometry":{"type":"Point","coordinates":[-6.1468,43.5649]},"properties":{}},{"type":"Feature","geometry":{"type":"Point","coordinates":[-6.1463,43.5646]},"properties":{}},{"type":"Feature","geometry":{"type":"Point","coordinates":[-6.1459,43.5643]},"properties":{}},{"type":"Feature","geometry":{"type":"Point","coordinates":[-6.1463,43.5636]},"properties":{}},{"type":"Feature","geometry":{"type":"Point","coordinates":[-6.1472,43.5637]},"properties":{}},{"type":"Feature","geometry":{"type":"Point","coordinates":[-6.1474,43.5639]},"properties":{}},{"type":"Feature","geometry":{"type":"Point","coordinates":[-6.1536,43.5685]},"properties":{}},{"type":"Feature","geometry":{"type":"Point","coordinates":[-6.1825,43.5642]},"properties":{}},{"type":"Feature","geometry":{"type":"Point","coordinates":[-6.2191,43.5779]},"properties":{}},{"type":"Feature","geometry":{"type":"Point","coordinates":[-6.2223,43.5798]},"properties":{}},{"type":"Feature","geometry":{"type":"Point","coordinates":[-6.2219,43.5811]},"properties":{}},{"type":"Feature","geometry":{"type":"Point","coordinates":[-6.2217,43.5826]},"properties":{}},{"type":"Feature","geometry":{"type":"Point","coordinates":[-6.2583,43.577]},"properties":{}},{"type":"Feature","geometry":{"type":"Point","coordinates":[-6.2654,43.5774]},"properties":{}},{"type":"Feature","geometry":{"type":"Point","coordinates":[-6.2722,43.5765]},"properties":{}},{"type":"Feature","geometry":{"type":"Point","coordinates":[-6.2736,43.5736]},"properties":{}},{"type":"Feature","geometry":{"type":"Point","coordinates":[-6.2771,43.5726]},"properties":{}},{"type":"Feature","geometry":{"type":"Point","coordinates":[-6.2778,43.573]},"properties":{}},{"type":"Feature","geometry":{"type":"Point","coordinates":[-6.2779,43.5733]},"properties":{}},{"type":"Feature","geometry":{"type":"Point","coordinates":[-6.2786,43.5734]},"properties":{}},{"type":"Feature","geometry":{"type":"Point","coordinates":[-6.2789,43.5734]},"properties":{}},{"type":"Feature","geometry":{"type":"Point","coordinates":[-6.2782,43.5727]},"properties":{}},{"type":"Feature","geometry":{"type":"Point","coordinates":[-6.3012,43.5647]},"properties":{}},{"type":"Feature","geometry":{"type":"Point","coordinates":[-6.3018,43.5649]},"properties":{}},{"type":"Feature","geometry":{"type":"Point","coordinates":[-6.302,43.5649]},"properties":{}},{"type":"Feature","geometry":{"type":"Point","coordinates":[-6.3024,43.5648]},"properties":{}},{"type":"Feature","geometry":{"type":"Point","coordinates":[-6.3023,43.564]},"properties":{}},{"type":"Feature","geometry":{"type":"Point","coordinates":[-6.3032,43.5631]},"properties":{}},{"type":"Feature","geometry":{"type":"Point","coordinates":[-6.3062,43.5627]},"properties":{}},{"type":"Feature","geometry":{"type":"Point","coordinates":[-6.3085,43.5633]},"properties":{}},{"type":"Feature","geometry":{"type":"Point","coordinates":[-6.3092,43.5639]},"properties":{}},{"type":"Feature","geometry":{"type":"Point","coordinates":[-6.3105,43.5632]},"properties":{}},{"type":"Feature","geometry":{"type":"Point","coordinates":[-6.3114,43.5635]},"properties":{}},{"type":"Feature","geometry":{"type":"Point","coordinates":[-6.3118,43.5642]},"properties":{}},{"type":"Feature","geometry":{"type":"Point","coordinates":[-6.3128,43.5642]},"properties":{}},{"type":"Feature","geometry":{"type":"Point","coordinates":[-6.3132,43.5643]},"properties":{}},{"type":"Feature","geometry":{"type":"Point","coordinates":[-6.3136,43.5641]},"properties":{}},{"type":"Feature","geometry":{"type":"Point","coordinates":[-6.3147,43.564]},"properties":{}},{"type":"Feature","geometry":{"type":"Point","coordinates":[-6.3178,43.563]},"properties":{}},{"type":"Feature","geometry":{"type":"Point","coordinates":[-6.3188,43.5635]},"properties":{}},{"type":"Feature","geometry":{"type":"Point","coordinates":[-6.3188,43.5643]},"properties":{}},{"type":"Feature","geometry":{"type":"Point","coordinates":[-6.3195,43.5643]},"properties":{}},{"type":"Feature","geometry":{"type":"Point","coordinates":[-6.3198,43.5633]},"properties":{}},{"type":"Feature","geometry":{"type":"Point","coordinates":[-6.3203,43.5616]},"properties":{}},{"type":"Feature","geometry":{"type":"Point","coordinates":[-6.3255,43.5618]},"properties":{}},{"type":"Feature","geometry":{"type":"Point","coordinates":[-6.331,43.5606]},"properties":{}},{"type":"Feature","geometry":{"type":"Point","coordinates":[-6.3331,43.5594]},"properties":{}},{"type":"Feature","geometry":{"type":"Point","coordinates":[-6.336,43.5581]},"properties":{}},{"type":"Feature","geometry":{"type":"Point","coordinates":[-6.3401,43.5569]},"properties":{}},{"type":"Feature","geometry":{"type":"Point","coordinates":[-6.3448,43.5541]},"properties":{}},{"type":"Feature","geometry":{"type":"Point","coordinates":[-6.5578,43.55]},"properties":{}},{"type":"Feature","geometry":{"type":"Point","coordinates":[-6.5572,43.551]},"properties":{}},{"type":"Feature","geometry":{"type":"Point","coordinates":[-6.5552,43.5528]},"properties":{}},{"type":"Feature","geometry":{"type":"Point","coordinates":[-6.5563,43.553]},"properties":{}},{"type":"Feature","geometry":{"type":"Point","coordinates":[-6.5586,43.5537]},"properties":{}},{"type":"Feature","geometry":{"type":"Point","coordinates":[-6.5585,43.5551]},"properties":{}},{"type":"Feature","geometry":{"type":"Point","coordinates":[-6.5602,43.5547]},"properties":{}},{"type":"Feature","geometry":{"type":"Point","coordinates":[-6.5628,43.5554]},"properties":{}},{"type":"Feature","geometry":{"type":"Point","coordinates":[-6.5638,43.5561]},"properties":{}},{"type":"Feature","geometry":{"type":"Point","coordinates":[-6.5406,43.5488]},"properties":{}},{"type":"Feature","geometry":{"type":"Point","coordinates":[-6.5418,43.5508]},"properties":{}},{"type":"Feature","geometry":{"type":"Point","coordinates":[-6.5401,43.552]},"properties":{}},{"type":"Feature","geometry":{"type":"Point","coordinates":[-6.5403,43.5524]},"properties":{}},{"type":"Feature","geometry":{"type":"Point","coordinates":[-6.5151,43.5485]},"properties":{}},{"type":"Feature","geometry":{"type":"Point","coordinates":[-6.5175,43.5479]},"properties":{}},{"type":"Feature","geometry":{"type":"Point","coordinates":[-6.5182,43.5485]},"properties":{}},{"type":"Feature","geometry":{"type":"Point","coordinates":[-6.5189,43.5485]},"properties":{}},{"type":"Feature","geometry":{"type":"Point","coordinates":[-6.4881,43.5491]},"properties":{}},{"type":"Feature","geometry":{"type":"Point","coordinates":[-6.4899,43.5487]},"properties":{}},{"type":"Feature","geometry":{"type":"Point","coordinates":[-6.3977,43.5594]},"properties":{}},{"type":"Feature","geometry":{"type":"Point","coordinates":[-6.3989,43.5586]},"properties":{}},{"type":"Feature","geometry":{"type":"Point","coordinates":[-6.3999,43.5578]},"properties":{}},{"type":"Feature","geometry":{"type":"Point","coordinates":[-6.4025,43.5563]},"properties":{}},{"type":"Feature","geometry":{"type":"Point","coordinates":[-6.3547,43.5509]},"properties":{}},{"type":"Feature","geometry":{"type":"Point","coordinates":[-6.3588,43.551]},"properties":{}},{"type":"Feature","geometry":{"type":"Point","coordinates":[-6.6824,43.5591]},"properties":{}},{"type":"Feature","geometry":{"type":"Point","coordinates":[-6.6831,43.5596]},"properties":{}},{"type":"Feature","geometry":{"type":"Point","coordinates":[-6.6725,43.5623]},"properties":{}},{"type":"Feature","geometry":{"type":"Point","coordinates":[-6.6733,43.5613]},"properties":{}},{"type":"Feature","geometry":{"type":"Point","coordinates":[-6.7585,43.5611]},"properties":{}},{"type":"Feature","geometry":{"type":"Point","coordinates":[-6.8382,43.5641]},"properties":{}},{"type":"Feature","geometry":{"type":"Point","coordinates":[-6.8397,43.5636]},"properties":{}},{"type":"Feature","geometry":{"type":"Point","coordinates":[-6.8405,43.5638]},"properties":{}},{"type":"Feature","geometry":{"type":"Point","coordinates":[-6.8403,43.5631]},"properties":{}},{"type":"Feature","geometry":{"type":"Point","coordinates":[-6.8407,43.563]},"properties":{}},{"type":"Feature","geometry":{"type":"Point","coordinates":[-6.8022,43.5564]},"properties":{}},{"type":"Feature","geometry":{"type":"Point","coordinates":[-6.8035,43.5575]},"properties":{}},{"type":"Feature","geometry":{"type":"Point","coordinates":[-6.8036,43.5582]},"properties":{}},{"type":"Feature","geometry":{"type":"Point","coordinates":[-6.8034,43.5587]},"properties":{}},{"type":"Feature","geometry":{"type":"Point","coordinates":[-6.8036,43.559]},"properties":{}},{"type":"Feature","geometry":{"type":"Point","coordinates":[-6.8047,43.558]},"properties":{}},{"type":"Feature","geometry":{"type":"Point","coordinates":[-6.8069,43.5574]},"properties":{}},{"type":"Feature","geometry":{"type":"Point","coordinates":[-6.808,43.5559]},"properties":{}},{"type":"Feature","geometry":{"type":"Point","coordinates":[-6.811,43.5543]},"properties":{}},{"type":"Feature","geometry":{"type":"Point","coordinates":[-7.0265,43.5556]},"properties":{}},{"type":"Feature","geometry":{"type":"Point","coordinates":[-7.0261,43.5549]},"properties":{}},{"type":"Feature","geometry":{"type":"Point","coordinates":[-7.0263,43.5546]},"properties":{}},{"type":"Feature","geometry":{"type":"Point","coordinates":[-7.0258,43.5542]},"properties":{}},{"type":"Feature","geometry":{"type":"Point","coordinates":[-7.0254,43.5538]},"properties":{}},{"type":"Feature","geometry":{"type":"Point","coordinates":[-7.0248,43.5539]},"properties":{}},{"type":"Feature","geometry":{"type":"Point","coordinates":[-7.0234,43.554]},"properties":{}},{"type":"Feature","geometry":{"type":"Point","coordinates":[-7.0227,43.5538]},"properties":{}},{"type":"Feature","geometry":{"type":"Point","coordinates":[-7.0231,43.5532]},"properties":{}},{"type":"Feature","geometry":{"type":"Point","coordinates":[-7.0218,43.5526]},"properties":{}},{"type":"Feature","geometry":{"type":"Point","coordinates":[-6.9567,43.5627]},"properties":{}},{"type":"Feature","geometry":{"type":"Point","coordinates":[-6.958,43.5629]},"properties":{}},{"type":"Feature","geometry":{"type":"Point","coordinates":[-6.9592,43.5632]},"properties":{}},{"type":"Feature","geometry":{"type":"Point","coordinates":[-6.96,43.5621]},"properties":{}},{"type":"Feature","geometry":{"type":"Point","coordinates":[-6.9609,43.5618]},"properties":{}},{"type":"Feature","geometry":{"type":"Point","coordinates":[-6.962,43.5616]},"properties":{}},{"type":"Feature","geometry":{"type":"Point","coordinates":[-6.9625,43.5609]},"properties":{}},{"type":"Feature","geometry":{"type":"Point","coordinates":[-6.9641,43.5599]},"properties":{}},{"type":"Feature","geometry":{"type":"Point","coordinates":[-6.9642,43.5602]},"properties":{}},{"type":"Feature","geometry":{"type":"Point","coordinates":[-6.964,43.5611]},"properties":{}},{"type":"Feature","geometry":{"type":"Point","coordinates":[-6.9138,43.5699]},"properties":{}},{"type":"Feature","geometry":{"type":"Point","coordinates":[-6.9143,43.5704]},"properties":{}},{"type":"Feature","geometry":{"type":"Point","coordinates":[-6.9137,43.5711]},"properties":{}},{"type":"Feature","geometry":{"type":"Point","coordinates":[-6.9142,43.5713]},"properties":{}},{"type":"Feature","geometry":{"type":"Point","coordinates":[-6.915,43.5712]},"properties":{}},{"type":"Feature","geometry":{"type":"Point","coordinates":[-6.9143,43.5722]},"properties":{}},{"type":"Feature","geometry":{"type":"Point","coordinates":[-6.915,43.5724]},"properties":{}},{"type":"Feature","geometry":{"type":"Point","coordinates":[-6.9152,43.5721]},"properties":{}},{"type":"Feature","geometry":{"type":"Point","coordinates":[-6.9159,43.5722]},"properties":{}},{"type":"Feature","geometry":{"type":"Point","coordinates":[-6.9161,43.5729]},"properties":{}},{"type":"Feature","geometry":{"type":"Point","coordinates":[-6.9169,43.5725]},"properties":{}},{"type":"Feature","geometry":{"type":"Point","coordinates":[-6.9177,43.5724]},"properties":{}},{"type":"Feature","geometry":{"type":"Point","coordinates":[-6.9193,43.5717]},"properties":{}},{"type":"Feature","geometry":{"type":"Point","coordinates":[-6.9197,43.5722]},"properties":{}},{"type":"Feature","geometry":{"type":"Point","coordinates":[-6.9206,43.572]},"properties":{}},{"type":"Feature","geometry":{"type":"Point","coordinates":[-6.921,43.5711]},"properties":{}},{"type":"Feature","geometry":{"type":"Point","coordinates":[-6.9219,43.5712]},"properties":{}},{"type":"Feature","geometry":{"type":"Point","coordinates":[-6.9228,43.5714]},"properties":{}},{"type":"Feature","geometry":{"type":"Point","coordinates":[-6.9235,43.5709]},"properties":{}},{"type":"Feature","geometry":{"type":"Point","coordinates":[-5.694,43.545]},"properties":{}},{"type":"Feature","geometry":{"type":"Point","coordinates":[-5.6694,43.5462]},"properties":{}},{"type":"Feature","geometry":{"type":"Point","coordinates":[-5.6686,43.5472]},"properties":{}},{"type":"Feature","geometry":{"type":"Point","coordinates":[-5.6668,43.5474]},"properties":{}},{"type":"Feature","geometry":{"type":"Point","coordinates":[-5.6663,43.5469]},"properties":{}},{"type":"Feature","geometry":{"type":"Point","coordinates":[-5.6667,43.5462]},"properties":{}},{"type":"Feature","geometry":{"type":"Point","coordinates":[-5.6665,43.5461]},"properties":{}},{"type":"Feature","geometry":{"type":"Point","coordinates":[-5.6661,43.5466]},"properties":{}},{"type":"Feature","geometry":{"type":"Point","coordinates":[-5.6643,43.5452]},"properties":{}},{"type":"Feature","geometry":{"type":"Point","coordinates":[-5.6649,43.5441]},"properties":{}},{"type":"Feature","geometry":{"type":"Point","coordinates":[-5.6526,43.5415]},"properties":{}},{"type":"Feature","geometry":{"type":"Point","coordinates":[-5.6543,43.5416]},"properties":{}},{"type":"Feature","geometry":{"type":"Point","coordinates":[-5.6605,43.5435]},"properties":{}},{"type":"Feature","geometry":{"type":"Point","coordinates":[-5.9932,43.5768]},"properties":{}},{"type":"Feature","geometry":{"type":"Point","coordinates":[-5.9931,43.5768]},"properties":{}},{"type":"Feature","geometry":{"type":"Point","coordinates":[-5.9932,43.5771]},"properties":{}},{"type":"Feature","geometry":{"type":"Point","coordinates":[-5.9933,43.5768]},"properties":{}},{"type":"Feature","geometry":{"type":"Point","coordinates":[-3.8164,43.4028]},"properties":{}},{"type":"Feature","geometry":{"type":"Point","coordinates":[-3.8167,43.4032]},"properties":{}},{"type":"Feature","geometry":{"type":"Point","coordinates":[-6.2893,43.5713]},"properties":{}},{"type":"Feature","geometry":{"type":"Point","coordinates":[-6.2892,43.5712]},"properties":{}},{"type":"Feature","geometry":{"type":"Point","coordinates":[-6.2914,43.5712]},"properties":{}}]}